Слово, Частота, Частота(в %)
и,2778,3.66%
не,1935,2.55%
в,1648,2.17%
что,1270,1.67%
на,1250,1.65%
а,911,1.20%
митя,895,1.18%
с,782,1.03%
я,729,0.96%
он,675,0.89%
как,668,0.88%
маг,632,0.83%
то,581,0.76%
же,534,0.70%
к,527,0.69%
так,516,0.68%
но,510,0.67%
да,467,0.61%
его,454,0.60%
вы,442,0.58%
за,432,0.57%
у,402,0.53%
все,393,0.52%
это,384,0.51%
тут,382,0.50%
по,361,0.48%
из,355,0.47%
вот,334,0.44%
еще,286,0.38%
она,272,0.36%
от,266,0.35%
егор,250,0.33%
вас,223,0.29%
бы,209,0.28%
меня,209,0.28%
ее,205,0.27%
мне,199,0.26%
ты,195,0.26%
о,189,0.25%
нет,183,0.24%
или,182,0.24%
вам,173,0.23%
только,172,0.23%
если,170,0.22%
кто,167,0.22%
ну,158,0.21%
стешка,154,0.20%
господин,151,0.20%
уже,145,0.19%
может,143,0.19%
уж,141,0.19%
ж,136,0.18%
там,134,0.18%
чем,134,0.18%
раз,132,0.17%
было,130,0.17%
ведьма,129,0.17%
ему,124,0.16%
дмитрий,123,0.16%
до,120,0.16%
когда,120,0.16%
даже,117,0.15%
ли,115,0.15%
него,113,0.15%
себя,113,0.15%
мы,112,0.15%
где,112,0.15%
теперь,111,0.15%
точно,111,0.15%
для,109,0.14%
елена,108,0.14%
тот,107,0.14%
после,107,0.14%
едва,104,0.14%
сам,102,0.13%
александровна,99,0.13%
мага,98,0.13%
лебедева,97,0.13%
их,97,0.13%
чтобы,96,0.13%
сыщик,94,0.12%
нас,91,0.12%
сейчас,90,0.12%
тихонович,90,0.12%
без,90,0.12%
волшебница,86,0.11%
они,86,0.11%
ни,84,0.11%
дверь,84,0.11%
себе,83,0.11%
был,82,0.11%
есть,81,0.11%
под,81,0.11%
затем,80,0.11%
со,79,0.10%
лишь,76,0.10%
ничего,76,0.10%
чего,75,0.10%
захар,75,0.10%
того,73,0.10%
митю,71,0.09%
однако,70,0.09%
будет,70,0.09%
руку,68,0.09%
ей,67,0.09%
куда,67,0.09%
отчего,65,0.09%
знаю,65,0.09%
один,65,0.09%
кивнул,63,0.08%
магии,63,0.08%
ульяна,63,0.08%
сразу,63,0.08%
глаза,62,0.08%
вдруг,62,0.08%
голос,61,0.08%
будто,61,0.08%
рукой,59,0.08%
департамента,58,0.08%
надо,58,0.08%
такое,58,0.08%
этот,57,0.08%
ведь,57,0.08%
та,56,0.07%
ним,56,0.07%
них,55,0.07%
больше,55,0.07%
руки,53,0.07%
направился,53,0.07%
лучше,53,0.07%
тебя,53,0.07%
перед,53,0.07%
значит,53,0.07%
нее,53,0.07%
дело,53,0.07%
конечно,52,0.07%
хоть,52,0.07%
денщик,52,0.07%
такой,52,0.07%
место,50,0.07%
сюда,50,0.07%
тебе,50,0.07%
впрочем,50,0.07%
ней,50,0.07%
вновь,50,0.07%
рядом,49,0.06%
этом,48,0.06%
тем,48,0.06%
дома,48,0.06%
через,48,0.06%
всем,48,0.06%
нам,48,0.06%
софья,47,0.06%
вперед,47,0.06%
девушка,47,0.06%
другой,47,0.06%
кабинет,46,0.06%
словно,46,0.06%
какой,46,0.06%
этого,46,0.06%
чуть,46,0.06%
департамент,46,0.06%
именно,45,0.06%
мите,45,0.06%
более,45,0.06%
головой,45,0.06%
понял,45,0.06%
тоже,45,0.06%
лукерья,44,0.06%
разве,44,0.06%
можно,44,0.06%
хотя,44,0.06%
лебедевой,44,0.06%
собой,44,0.06%
сегодня,44,0.06%
быть,44,0.06%
чтоб,43,0.06%
при,43,0.06%
согласился,42,0.06%
хотел,42,0.06%
про,42,0.06%
принялся,42,0.06%
во,41,0.05%
видимо,41,0.05%
имеется,41,0.05%
время,41,0.05%
часть,41,0.05%
очень,41,0.05%
глядя,40,0.05%
решил,40,0.05%
добавил,40,0.05%
взглянул,40,0.05%
зачем,40,0.05%
вздохнул,40,0.05%
двери,40,0.05%
момент,40,0.05%
об,39,0.05%
домой,39,0.05%
мой,39,0.05%
день,39,0.05%
том,38,0.05%
пока,38,0.05%
сказать,38,0.05%
тогда,38,0.05%
взглядом,38,0.05%
над,38,0.05%
подле,38,0.05%
им,37,0.05%
потому,37,0.05%
просто,37,0.05%
прочь,37,0.05%
признался,37,0.05%
миг,36,0.05%
мог,36,0.05%
вами,36,0.05%
магу,35,0.05%
стало,35,0.05%
взгляд,35,0.05%
понимаю,35,0.05%
всех,35,0.05%
вчера,34,0.04%
сторону,34,0.04%
зеркало,34,0.04%
пальцами,33,0.04%
друг,33,0.04%
лицо,33,0.04%
простите,33,0.04%
давайте,33,0.04%
была,33,0.04%
дальше,32,0.04%
людей,32,0.04%
человек,32,0.04%
мити,32,0.04%
стороны,32,0.04%
губы,32,0.04%
наконец,32,0.04%
здесь,32,0.04%
столь,32,0.04%
туда,31,0.04%
нему,31,0.04%
ильинична,31,0.04%
софия,31,0.04%
мимо,31,0.04%
уточнил,31,0.04%
егора,31,0.04%
никто,31,0.04%
дом,31,0.04%
пару,31,0.04%
давай,31,0.04%
хорошо,30,0.04%
мысли,30,0.04%
могу,30,0.04%
плечо,30,0.04%
этим,30,0.04%
б,29,0.04%
крикнул,29,0.04%
спасибо,29,0.04%
завтра,29,0.04%
заверил,29,0.04%
видел,29,0.04%
спросил,29,0.04%
люди,29,0.04%
мало,28,0.04%
ка,28,0.04%
раньше,28,0.04%
нынче,28,0.04%
сами,28,0.04%
вульф,28,0.04%
кому,28,0.04%
поликарпович,28,0.04%
нахмурился,28,0.04%
руках,27,0.04%
возможно,27,0.04%
департаменте,27,0.04%
вроде,27,0.04%
виктор,27,0.04%
ваш,27,0.04%
женщина,27,0.04%
зеркальце,27,0.04%
тихо,27,0.04%
моя,27,0.04%
плечами,27,0.04%
улыбнулся,27,0.04%
пусть,26,0.03%
вместе,26,0.03%
ушел,26,0.03%
такого,26,0.03%
приметил,26,0.03%
взял,26,0.03%
прямо,26,0.03%
сколько,26,0.03%
никак,26,0.03%
стола,26,0.03%
улице,26,0.03%
демидов,26,0.03%
добавила,25,0.03%
ах,25,0.03%
сказал,25,0.03%
стал,25,0.03%
оттого,25,0.03%
откуда,25,0.03%
лазин,25,0.03%
вовсе,25,0.03%
мной,25,0.03%
почти,25,0.03%
узнать,25,0.03%
впрямь,25,0.03%
буду,25,0.03%
свою,25,0.03%
город,25,0.03%
ощутил,25,0.03%
портал,25,0.03%
комнату,25,0.03%
улыбнулась,25,0.03%
слово,24,0.03%
своей,24,0.03%
молча,24,0.03%
поднялся,24,0.03%
имеются,24,0.03%
опять,24,0.03%
начал,24,0.03%
правда,24,0.03%
стоит,24,0.03%
несколько,24,0.03%
нем,24,0.03%
слова,23,0.03%
увидел,23,0.03%
те,23,0.03%
весь,23,0.03%
стол,23,0.03%
глаз,23,0.03%
шаг,23,0.03%
наверняка,23,0.03%
знаете,23,0.03%
зеркальной,23,0.03%
лазина,23,0.03%
степанида,23,0.03%
цветок,23,0.03%
одна,23,0.03%
покамест,22,0.03%
доме,22,0.03%
понять,22,0.03%
руками,22,0.03%
своим,22,0.03%
выходит,22,0.03%
поспешно,22,0.03%
городе,22,0.03%
стакан,22,0.03%
волколак,22,0.03%
потом,22,0.03%
артефакт,22,0.03%
цилиндр,22,0.03%
голову,22,0.03%
вышел,22,0.03%
будьте,21,0.03%
этой,21,0.03%
оказался,21,0.03%
махнул,21,0.03%
ведьмы,21,0.03%
магов,21,0.03%
магию,21,0.03%
волосы,21,0.03%
каждый,21,0.03%
эту,21,0.03%
нервно,21,0.03%
какая,21,0.03%
ладно,21,0.03%
стешку,21,0.03%
кинулся,21,0.03%
желая,21,0.03%
всего,21,0.03%
ползунов,21,0.03%
кого,21,0.03%
совсем,21,0.03%
знал,21,0.03%
прошу,21,0.03%
зеркала,21,0.03%
всякий,21,0.03%
произнес,20,0.03%
вещи,20,0.03%
который,20,0.03%
дожидаясь,20,0.03%
девица,20,0.03%
посему,20,0.03%
воды,20,0.03%
некто,20,0.03%
стараясь,20,0.03%
мужчина,20,0.03%
боли,20,0.03%
помощь,20,0.03%
идемте,20,0.03%
покинул,20,0.03%
задумчиво,20,0.03%
прежде,20,0.03%
удивился,20,0.03%
улицу,20,0.03%
комнаты,20,0.03%
одной,20,0.03%
глянул,19,0.03%
сквозь,19,0.03%
глава,19,0.03%
скривился,19,0.03%
снова,19,0.03%
думал,19,0.03%
давеча,19,0.03%
открыл,19,0.03%
заметил,19,0.03%
отец,19,0.03%
лица,19,0.03%
пошел,19,0.03%
собакин,19,0.03%
знает,19,0.03%
предложил,19,0.03%
сама,19,0.03%
обратно,19,0.03%
вздохнула,19,0.03%
надобно,19,0.03%
коротко,19,0.03%
ясно,19,0.03%
запах,19,0.03%
оставив,19,0.03%
дела,19,0.03%
тому,19,0.03%
пожал,19,0.03%
послышался,19,0.03%
глазами,19,0.03%
ваша,19,0.03%
назад,19,0.03%
вернулся,19,0.03%
вопрос,19,0.03%
сил,19,0.03%
осторожно,19,0.03%
ежели,18,0.02%
увы,18,0.02%
происходит,18,0.02%
ко,18,0.02%
огляделся,18,0.02%
случай,18,0.02%
успел,18,0.02%
верно,18,0.02%
иначе,18,0.02%
поделился,18,0.02%
можете,18,0.02%
поспешил,18,0.02%
месте,18,0.02%
ноги,18,0.02%
спиной,18,0.02%
возмутился,18,0.02%
какие,18,0.02%
понимаете,18,0.02%
говорите,18,0.02%
хмыкнул,18,0.02%
помочь,18,0.02%
пришел,18,0.02%
ответ,18,0.02%
ощущая,18,0.02%
кофе,18,0.02%
протянул,18,0.02%
уверен,18,0.02%
друга,18,0.02%
семеновна,18,0.02%
городовой,18,0.02%
позже,18,0.02%
мужик,18,0.02%
такие,18,0.02%
рук,18,0.02%
карман,17,0.02%
скажите,17,0.02%
много,17,0.02%
подошел,17,0.02%
которые,17,0.02%
разговор,17,0.02%
вижу,17,0.02%
разглядывая,17,0.02%
литератор,17,0.02%
одного,17,0.02%
кабинета,17,0.02%
право,17,0.02%
пожалуй,17,0.02%
воду,17,0.02%
скажи,17,0.02%
рыкнул,17,0.02%
кивнула,17,0.02%
эта,17,0.02%
вокруг,17,0.02%
следом,17,0.02%
говорить,17,0.02%
крещенске,17,0.02%
крещенск,17,0.02%
сюртук,17,0.02%
хозяин,17,0.02%
митей,17,0.02%
зашел,17,0.02%
два,17,0.02%
порог,17,0.02%
свой,17,0.02%
тело,17,0.02%
остановился,17,0.02%
усмехнулся,17,0.02%
времени,17,0.02%
оборотня,17,0.02%
среди,17,0.02%
ждать,17,0.02%
видно,17,0.02%
резко,17,0.02%
кажется,17,0.02%
других,17,0.02%
половой,17,0.02%
пол,17,0.02%
сел,17,0.02%
ох,16,0.02%
нельзя,16,0.02%
которой,16,0.02%
поди,16,0.02%
чему,16,0.02%
зеркального,16,0.02%
скажете,16,0.02%
кабинете,16,0.02%
протез,16,0.02%
скажу,16,0.02%
отозвался,16,0.02%
нашли,16,0.02%
нашел,16,0.02%
пальцем,16,0.02%
стешке,16,0.02%
сказала,16,0.02%
обратился,16,0.02%
бок,16,0.02%
господина,16,0.02%
потер,16,0.02%
станет,16,0.02%
дня,16,0.02%
поморщился,16,0.02%
медленно,16,0.02%
нос,16,0.02%
бумаги,16,0.02%
софи,16,0.02%
тех,15,0.02%
вместо,15,0.02%
искать,15,0.02%
увидев,15,0.02%
человека,15,0.02%
произнесла,15,0.02%
чай,15,0.02%
оказалось,15,0.02%
бабка,15,0.02%
воздух,15,0.02%
максимовна,15,0.02%
говорила,15,0.02%
могли,15,0.02%
пробормотал,15,0.02%
жаль,15,0.02%
вон,15,0.02%
поскольку,15,0.02%
госпожа,15,0.02%
тема,15,0.02%
достал,15,0.02%
волшебницу,15,0.02%
вашего,15,0.02%
ульяну,15,0.02%
дабы,15,0.02%
камеры,15,0.02%
давно,15,0.02%
были,15,0.02%
хотите,15,0.02%
завидев,15,0.02%
услышал,15,0.02%
удивленно,15,0.02%
найти,15,0.02%
платье,15,0.02%
таким,15,0.02%
такая,15,0.02%
шагнул,15,0.02%
временем,15,0.02%
маги,14,0.02%
буркнул,14,0.02%
скорее,14,0.02%
шагом,14,0.02%
ответил,14,0.02%
гербовое,14,0.02%
пытаясь,14,0.02%
борис,14,0.02%
ними,14,0.02%
посмотрел,14,0.02%
стоило,14,0.02%
добрый,14,0.02%
выходу,14,0.02%
барышня,14,0.02%
своих,14,0.02%
иконин,14,0.02%
следы,14,0.02%
негоциант,14,0.02%
велел,14,0.02%
протезом,14,0.02%
появился,14,0.02%
знать,14,0.02%
тобой,14,0.02%
егору,14,0.02%
стешки,14,0.02%
слишком,14,0.02%
вопросов,14,0.02%
попросил,14,0.02%
всю,14,0.02%
взглянув,14,0.02%
свет,14,0.02%
столице,14,0.02%
прислуга,14,0.02%
стоял,14,0.02%
пальцы,14,0.02%
кулаком,14,0.02%
кухарка,14,0.02%
крови,14,0.02%
вошел,14,0.02%
захара,14,0.02%
кроме,14,0.02%
хотела,14,0.02%
силу,14,0.02%
петербурге,14,0.02%
пойду,14,0.02%
доктор,14,0.02%
почему,14,0.02%
лежал,14,0.02%
меж,14,0.02%
мамушка,14,0.02%
груди,14,0.02%
стены,14,0.02%
игната,14,0.02%
сей,14,0.02%
васька,13,0.02%
видели,13,0.02%
сидел,13,0.02%
паровик,13,0.02%
ту,13,0.02%
прошел,13,0.02%
вести,13,0.02%
виде,13,0.02%
взяв,13,0.02%
вообще,13,0.02%
говорит,13,0.02%
шел,13,0.02%
губернатора,13,0.02%
перебил,13,0.02%
водой,13,0.02%
раздался,13,0.02%
моей,13,0.02%
горожан,13,0.02%
оборотень,13,0.02%
города,13,0.02%
работе,13,0.02%
благодарю,13,0.02%
сердце,13,0.02%
сделал,13,0.02%
револьвер,13,0.02%
могло,13,0.02%
идти,13,0.02%
егором,13,0.02%
пришли,13,0.02%
само,13,0.02%
вся,13,0.02%
денщика,13,0.02%
хочу,13,0.02%
уйти,13,0.02%
бежал,13,0.02%
столу,13,0.02%
минут,13,0.02%
безусловно,13,0.02%
волшебницы,13,0.02%
ульяны,13,0.02%
глазах,13,0.02%
напал,13,0.02%
пожалуйста,13,0.02%
боюсь,13,0.02%
кем,13,0.02%
улицы,13,0.02%
удалось,13,0.02%
заглянул,13,0.02%
сыщика,13,0.02%
мальчик,13,0.02%
мои,13,0.02%
мол,13,0.02%
попытался,13,0.02%
комнате,13,0.02%
пообещал,13,0.02%
око,13,0.02%
ответа,13,0.02%
вышло,13,0.02%
носом,13,0.02%
никого,13,0.02%
другом,13,0.02%
несмотря,13,0.02%
отмахнулся,13,0.02%
таких,13,0.02%
взглянула,13,0.02%
вечер,13,0.02%
митька,13,0.02%
рад,13,0.02%
казалось,13,0.02%
монокль,13,0.02%
интересно,13,0.02%
игнат,13,0.02%
начала,13,0.02%
быстро,12,0.02%
той,12,0.02%
самый,12,0.02%
эй,12,0.02%
стала,12,0.02%
сделать,12,0.02%
ветер,12,0.02%
котором,12,0.02%
приметив,12,0.02%
прокопьевич,12,0.02%
коридору,12,0.02%
хозяина,12,0.02%
приемную,12,0.02%
говорил,12,0.02%
шум,12,0.02%
например,12,0.02%
последний,12,0.02%
магия,12,0.02%
призналась,12,0.02%
душу,12,0.02%
места,12,0.02%
воздухе,12,0.02%
удивилась,12,0.02%
новый,12,0.02%
богу,12,0.02%
вопросы,12,0.02%
боль,12,0.02%
газету,12,0.02%
безумия,12,0.02%
внутрь,12,0.02%
неужто,12,0.02%
вашей,12,0.02%
должен,12,0.02%
отозвалась,12,0.02%
позади,12,0.02%
квартиру,12,0.02%
зашагал,12,0.02%
бороду,12,0.02%
находился,12,0.02%
поинтересовался,12,0.02%
вполне,12,0.02%
свои,12,0.02%
свое,12,0.02%
столицу,12,0.02%
недовольно,12,0.02%
дорогу,12,0.02%
согласилась,12,0.02%
прибыли,12,0.02%
убрал,12,0.02%
зря,12,0.02%
готов,12,0.02%
покачал,12,0.02%
долго,12,0.02%
гости,12,0.02%
остановилась,12,0.02%
самого,12,0.02%
григорьевич,12,0.02%
жить,12,0.02%
очередной,12,0.02%
говори,12,0.02%
говорю,12,0.02%
трубку,12,0.02%
головы,12,0.02%
голове,12,0.02%
обо,12,0.02%
допустим,12,0.02%
оно,12,0.02%
нечто,12,0.02%
госпиталь,12,0.02%
утра,12,0.02%
платон,12,0.02%
внимания,12,0.02%
пытался,12,0.02%
трудом,12,0.02%
бежать,12,0.02%
имелось,12,0.02%
прикидывая,12,0.02%
часы,11,0.01%
хотелось,11,0.01%
убийца,11,0.01%
обернулась,11,0.01%
её,11,0.01%
нету,11,0.01%
скажем,11,0.01%
отправился,11,0.01%
повторил,11,0.01%
стул,11,0.01%
которых,11,0.01%
ведьму,11,0.01%
ближе,11,0.01%
вернувшись,11,0.01%
встал,11,0.01%
случилось,11,0.01%
права,11,0.01%
размышляя,11,0.01%
душа,11,0.01%
слезы,11,0.01%
зверь,11,0.01%
бывает,11,0.01%
поправляя,11,0.01%
никакой,11,0.01%
обернулся,11,0.01%
оказались,11,0.01%
плохо,11,0.01%
сударыня,11,0.01%
света,11,0.01%
спросила,11,0.01%
напомнил,11,0.01%
внутри,11,0.01%
зато,11,0.01%
всегда,11,0.01%
пришлось,11,0.01%
ключ,11,0.01%
пройдя,11,0.01%
впервые,11,0.01%
аккуратно,11,0.01%
остался,11,0.01%
господа,11,0.01%
целом,11,0.01%
поправил,11,0.01%
между,11,0.01%
аптекарь,11,0.01%
ждал,11,0.01%
чувствуя,11,0.01%
зло,11,0.01%
ибо,11,0.01%
камеру,11,0.01%
силы,11,0.01%
лекарство,11,0.01%
лекарства,11,0.01%
слышал,11,0.01%
стешкой,11,0.01%
перчатки,11,0.01%
напротив,11,0.01%
мир,11,0.01%
обед,11,0.01%
своего,11,0.01%
которого,11,0.01%
принял,11,0.01%
делу,11,0.01%
слов,11,0.01%
стеша,11,0.01%
меньше,11,0.01%
первым,11,0.01%
ваше,11,0.01%
ваши,11,0.01%
громко,11,0.01%
наверх,11,0.01%
одно,11,0.01%
двинулся,11,0.01%
литератора,11,0.01%
будем,11,0.01%
чувствовал,10,0.01%
ладонью,10,0.01%
холодно,10,0.01%
делать,10,0.01%
лебедеву,10,0.01%
ума,10,0.01%
ушла,10,0.01%
кармана,10,0.01%
сделала,10,0.01%
стали,10,0.01%
дернул,10,0.01%
аккурат,10,0.01%
поэтому,10,0.01%
самой,10,0.01%
стеш,10,0.01%
стук,10,0.01%
извините,10,0.01%
трубу,10,0.01%
полу,10,0.01%
покачала,10,0.01%
час,10,0.01%
говорят,10,0.01%
неделю,10,0.01%
действительно,10,0.01%
шею,10,0.01%
прибыл,10,0.01%
вверх,10,0.01%
утром,10,0.01%
хмуро,10,0.01%
записи,10,0.01%
семёновна,10,0.01%
сильнее,10,0.01%
ножик,10,0.01%
проходя,10,0.01%
открыв,10,0.01%
наоборот,10,0.01%
больницу,10,0.01%
потребовал,10,0.01%
заметив,10,0.01%
землю,10,0.01%
поверьте,10,0.01%
осколки,10,0.01%
глядел,10,0.01%
зелье,10,0.01%
следов,10,0.01%
тварь,10,0.01%
прищурилась,10,0.01%
работу,10,0.01%
далее,10,0.01%
позвал,10,0.01%
могут,10,0.01%
принялась,10,0.01%
кинулась,10,0.01%
стула,10,0.01%
бог,10,0.01%
кругом,10,0.01%
равно,10,0.01%
девушку,10,0.01%
друзья,10,0.01%
будь,10,0.01%
придется,10,0.01%
хватит,10,0.01%
жмурки,10,0.01%
дел,10,0.01%
дверей,10,0.01%
край,10,0.01%
раны,10,0.01%
вспомнил,10,0.01%
дядь,10,0.01%
пять,10,0.01%
ручку,10,0.01%
осталось,10,0.01%
иди,10,0.01%
маскарад,10,0.01%
хуже,10,0.01%
ответить,10,0.01%
хмурясь,10,0.01%
ответила,10,0.01%
посетителей,10,0.01%
рявкнул,10,0.01%
поклонился,10,0.01%
меблированных,10,0.01%
заявила,10,0.01%
поднос,10,0.01%
стояла,10,0.01%
наш,10,0.01%
легко,10,0.01%
посмотрела,10,0.01%
другие,10,0.01%
ненавистью,10,0.01%
зеркалу,10,0.01%
кресла,10,0.01%
голосе,10,0.01%
вышла,10,0.01%
первый,10,0.01%
следователь,10,0.01%
стене,10,0.01%
волколака,10,0.01%
оставляя,10,0.01%
будут,10,0.01%
жизни,10,0.01%
жизнь,10,0.01%
больно,10,0.01%
таком,10,0.01%
рот,10,0.01%
задумался,10,0.01%
три,9,0.01%
стану,9,0.01%
аж,9,0.01%
поджала,9,0.01%
живой,9,0.01%
маришка,9,0.01%
которым,9,0.01%
заняться,9,0.01%
помогите,9,0.01%
взор,9,0.01%
окно,9,0.01%
колени,9,0.01%
пора,9,0.01%
чуя,9,0.01%
коридор,9,0.01%
черт,9,0.01%
кухмистерской,9,0.01%
рука,9,0.01%
выпил,9,0.01%
посетители,9,0.01%
доставая,9,0.01%
заверила,9,0.01%
подхватил,9,0.01%
любой,9,0.01%
последнее,9,0.01%
против,9,0.01%
магом,9,0.01%
подумал,9,0.01%
месту,9,0.01%
указал,9,0.01%
эти,9,0.01%
новой,9,0.01%
отца,9,0.01%
порталом,9,0.01%
никаких,9,0.01%
предположил,9,0.01%
рассказать,9,0.01%
свете,9,0.01%
углу,9,0.01%
нашей,9,0.01%
думаешь,9,0.01%
человеком,9,0.01%
угол,9,0.01%
лавку,9,0.01%
сделаю,9,0.01%
ваших,9,0.01%
крещенска,9,0.01%
закивал,9,0.01%
правду,9,0.01%
лестнице,9,0.01%
магией,9,0.01%
помощью,9,0.01%
отсюда,9,0.01%
семен,9,0.01%
вскочил,9,0.01%
эликсир,9,0.01%
взялся,9,0.01%
дай,9,0.01%
хватило,9,0.01%
теть,9,0.01%
дух,9,0.01%
лицом,9,0.01%
пояснил,9,0.01%
дороге,9,0.01%
столе,9,0.01%
наверное,9,0.01%
стукнул,9,0.01%
обращая,9,0.01%
письмо,9,0.01%
письма,9,0.01%
угодно,9,0.01%
помню,9,0.01%
отмахнулась,9,0.01%
обычно,9,0.01%
волшебнице,9,0.01%
начальник,9,0.01%
сжал,9,0.01%
работать,9,0.01%
надеюсь,9,0.01%
дать,9,0.01%
степаниду,9,0.01%
проверить,9,0.01%
убийство,9,0.01%
камере,9,0.01%
вовремя,9,0.01%
оставил,9,0.01%
шибко,9,0.01%
люд,9,0.01%
собирался,9,0.01%
взять,9,0.01%
итак,9,0.01%
первой,9,0.01%
откликнулся,9,0.01%
взяла,9,0.01%
поставил,9,0.01%
замер,9,0.01%
внимание,9,0.01%
одну,9,0.01%
вытащил,9,0.01%
одном,9,0.01%
волколаки,9,0.01%
труп,9,0.01%
исчез,9,0.01%
одним,9,0.01%
уточнить,9,0.01%
снял,9,0.01%
пороге,9,0.01%
позвольте,9,0.01%
этих,9,0.01%
конторе,9,0.01%
черный,9,0.01%
дыхание,9,0.01%
мигом,9,0.01%
отрезала,8,0.01%
ваську,8,0.01%
смотрел,8,0.01%
останавливаясь,8,0.01%
ой,8,0.01%
верю,8,0.01%
отвернулась,8,0.01%
прошла,8,0.01%
волколаков,8,0.01%
понятно,8,0.01%
сдержался,8,0.01%
крепко,8,0.01%
дурно,8,0.01%
взгляда,8,0.01%
ребенка,8,0.01%
александровне,8,0.01%
блики,8,0.01%
обрадовался,8,0.01%
кивнув,8,0.01%
поняла,8,0.01%
видите,8,0.01%
добряк,8,0.01%
феофан,8,0.01%
кухмистерскую,8,0.01%
извозчика,8,0.01%
думаю,8,0.01%
руке,8,0.01%
бросился,8,0.01%
ранее,8,0.01%
развернувшись,8,0.01%
скажешь,8,0.01%
запись,8,0.01%
удалилась,8,0.01%
негоцианта,8,0.01%
почитай,8,0.01%
срочно,8,0.01%
отражение,8,0.01%
завсегда,8,0.01%
обычный,8,0.01%
вашему,8,0.01%
мужика,8,0.01%
скользнул,8,0.01%
воде,8,0.01%
ситуацию,8,0.01%
ситуация,8,0.01%
привычно,8,0.01%
стороне,8,0.01%
супруга,8,0.01%
магических,8,0.01%
носу,8,0.01%
знаешь,8,0.01%
машины,8,0.01%
пешком,8,0.01%
слегка,8,0.01%
старушка,8,0.01%
понимаешь,8,0.01%
навстречу,8,0.01%
пальцах,8,0.01%
необходимо,8,0.01%
знаем,8,0.01%
идет,8,0.01%
елене,8,0.01%
шумно,8,0.01%
ползунова,8,0.01%
могла,8,0.01%
процедил,8,0.01%
городового,8,0.01%
господином,8,0.01%
пришла,8,0.01%
любезны,8,0.01%
писака,8,0.01%
исчезла,8,0.01%
прекратите,8,0.01%
нужный,8,0.01%
квартиры,8,0.01%
всему,8,0.01%
повернулся,8,0.01%
записку,8,0.01%
написать,8,0.01%
действует,8,0.01%
господи,8,0.01%
станете,8,0.01%
женщины,8,0.01%
рада,8,0.01%
петербург,8,0.01%
входа,8,0.01%
крайне,8,0.01%
книги,8,0.01%
старик,8,0.01%
никуда,8,0.01%
главное,8,0.01%
продал,8,0.01%
протеза,8,0.01%
выходило,8,0.01%
поднявшись,8,0.01%
пара,8,0.01%
степаниде,8,0.01%
забарабанил,8,0.01%
внезапно,8,0.01%
далеко,8,0.01%
семеновну,8,0.01%
исаакович,8,0.01%
решила,8,0.01%
полиции,8,0.01%
полиция,8,0.01%
кое,8,0.01%
держа,8,0.01%
спать,8,0.01%
устало,8,0.01%
поделилась,8,0.01%
лбу,8,0.01%
лет,8,0.01%
силой,8,0.01%
прощения,8,0.01%
темные,8,0.01%
зная,8,0.01%
будете,8,0.01%
стояли,8,0.01%
подбородок,8,0.01%
появилась,8,0.01%
найду,8,0.01%
ерунда,8,0.01%
нюх,8,0.01%
принес,8,0.01%
кресло,8,0.01%
дети,8,0.01%
голоса,8,0.01%
духов,8,0.01%
позволил,8,0.01%
отвела,8,0.01%
подойдя,8,0.01%
ступай,8,0.01%
платок,8,0.01%
горожане,8,0.01%
остается,8,0.01%
делам,8,0.01%
вначале,8,0.01%
подал,8,0.01%
верить,8,0.01%
нырнул,8,0.01%
контору,8,0.01%
выселки,8,0.01%
выселок,8,0.01%
мальчика,8,0.01%
маленький,8,0.01%
славно,8,0.01%
глянув,7,0.01%
консьержка,7,0.01%
волчок,7,0.01%
важно,7,0.01%
добры,7,0.01%
санкт,7,0.01%
блестящий,7,0.01%
давешний,7,0.01%
разузнать,7,0.01%
сидит,7,0.01%
прошли,7,0.01%
че,7,0.01%
исааковича,7,0.01%
самое,7,0.01%
лохматый,7,0.01%
ищет,7,0.01%
взгляды,7,0.01%
осталась,7,0.01%
подошла,7,0.01%
александровну,7,0.01%
случае,7,0.01%
судя,7,0.01%
ведьме,7,0.01%
образом,7,0.01%
кулак,7,0.01%
придет,7,0.01%
подскажите,7,0.01%
прочие,7,0.01%
сложно,7,0.01%
никакого,7,0.01%
раздумывая,7,0.01%
посмотрим,7,0.01%
шее,7,0.01%
паренек,7,0.01%
посоветовал,7,0.01%
напали,7,0.01%
знакомый,7,0.01%
дмитрия,7,0.01%
спрятал,7,0.01%
поскорее,7,0.01%
гостиную,7,0.01%
поднялась,7,0.01%
глянула,7,0.01%
путь,7,0.01%
хочет,7,0.01%
вечера,7,0.01%
ситуации,7,0.01%
ногу,7,0.01%
согласен,7,0.01%
приходите,7,0.01%
магические,7,0.01%
пристани,7,0.01%
покинула,7,0.01%
пошла,7,0.01%
решив,7,0.01%
лице,7,0.01%
бросила,7,0.01%
враз,7,0.01%
находится,7,0.01%
завтрак,7,0.01%
спокойно,7,0.01%
премного,7,0.01%
удара,7,0.01%
чухов,7,0.01%
вслед,7,0.01%
позабыв,7,0.01%
прогулку,7,0.01%
этому,7,0.01%
благодарен,7,0.01%
таки,7,0.01%
работа,7,0.01%
работы,7,0.01%
порядке,7,0.01%
удар,7,0.01%
увидеть,7,0.01%
порядок,7,0.01%
кстати,7,0.01%
вашем,7,0.01%
столешнице,7,0.01%
ресторацию,7,0.01%
тироф,7,0.01%
пройдет,7,0.01%
шкуру,7,0.01%
моего,7,0.01%
идем,7,0.01%
елену,7,0.01%
ногами,7,0.01%
собравшихся,7,0.01%
твой,7,0.01%
пятнами,7,0.01%
семьи,7,0.01%
пришедших,7,0.01%
помощи,7,0.01%
спину,7,0.01%
начальника,7,0.01%
вопросительно,7,0.01%
очередь,7,0.01%
пузырек,7,0.01%
вид,7,0.01%
лично,7,0.01%
протянула,7,0.01%
желал,7,0.01%
встретил,7,0.01%
напряжение,7,0.01%
выдохнул,7,0.01%
уверены,7,0.01%
третий,7,0.01%
каморке,7,0.01%
столицы,7,0.01%
дороги,7,0.01%
целью,7,0.01%
ожидал,7,0.01%
ожидая,7,0.01%
оборотней,7,0.01%
сдержавшись,7,0.01%
дернулся,7,0.01%
памяти,7,0.01%
проворчал,7,0.01%
зеркальцем,7,0.01%
книгу,7,0.01%
потянулся,7,0.01%
сперва,7,0.01%
прибыла,7,0.01%
оказалась,7,0.01%
зал,7,0.01%
доброго,7,0.01%
оборотни,7,0.01%
ульяне,7,0.01%
разберемся,7,0.01%
полно,7,0.01%
ловко,7,0.01%
платком,7,0.01%
имя,7,0.01%
вечером,7,0.01%
известно,7,0.01%
другу,7,0.01%
сунув,7,0.01%
самому,7,0.01%
захару,7,0.01%
положил,7,0.01%
вошла,7,0.01%
бумаг,7,0.01%
сомнений,7,0.01%
старуха,7,0.01%
решили,7,0.01%
шагнула,7,0.01%
пущай,7,0.01%
оружие,7,0.01%
парень,7,0.01%
речь,7,0.01%
документы,7,0.01%
планы,7,0.01%
улики,7,0.01%
сидеть,7,0.01%
части,7,0.01%
своему,7,0.01%
скривилась,7,0.01%
перебила,7,0.01%
заглянув,7,0.01%
магического,7,0.01%
мое,7,0.01%
чужой,7,0.01%
вернуться,7,0.01%
цветка,7,0.01%
артефактов,7,0.01%
улыбку,7,0.01%
начать,7,0.01%
след,7,0.01%
голова,7,0.01%
ведьмой,7,0.01%
заходил,7,0.01%
оттуда,7,0.01%
кресле,7,0.01%
десять,7,0.01%
зеркальщиков,7,0.01%
шаль,7,0.01%
убили,7,0.01%
окошко,7,0.01%
лилия,7,0.01%
вышли,7,0.01%
вашу,7,0.01%
нашего,7,0.01%
представился,7,0.01%
пес,7,0.01%
шаги,7,0.01%
участок,7,0.01%
перешел,7,0.01%
пор,7,0.01%
также,7,0.01%
пса,7,0.01%
сообщить,7,0.01%
делом,7,0.01%
лилии,7,0.01%
такую,7,0.01%
заглянула,7,0.01%
поинтересовалась,7,0.01%
матушка,7,0.01%
усмехнулась,7,0.01%
обождите,7,0.01%
сев,7,0.01%
приказ,7,0.01%
ящик,6,0.01%
оставалось,6,0.01%
давешнего,6,0.01%
заодно,6,0.01%
купец,6,0.01%
глубоко,6,0.01%
проводив,6,0.01%
проводил,6,0.01%
видеть,6,0.01%
заглянуть,6,0.01%
небо,6,0.01%
доброе,6,0.01%
одиночестве,6,0.01%
постучал,6,0.01%
ухо,6,0.01%
стекло,6,0.01%
уши,6,0.01%
поджав,6,0.01%
паровой,6,0.01%
грустно,6,0.01%
телефон,6,0.01%
быстрее,6,0.01%
которая,6,0.01%
вытянув,6,0.01%
поиски,6,0.01%
смогу,6,0.01%
кулон,6,0.01%
людям,6,0.01%
кричал,6,0.01%
дней,6,0.01%
устроился,6,0.01%
тишина,6,0.01%
окну,6,0.01%
состояние,6,0.01%
ниже,6,0.01%
виду,6,0.01%
тетка,6,0.01%
отпор,6,0.01%
чей,6,0.01%
настроение,6,0.01%
главного,6,0.01%
посмотрев,6,0.01%
возможности,6,0.01%
цвет,6,0.01%
погрозил,6,0.01%
сбежал,6,0.01%
возможность,6,0.01%
встав,6,0.01%
прав,6,0.01%
своем,6,0.01%
столько,6,0.01%
приемной,6,0.01%
извольте,6,0.01%
привел,6,0.01%
толпе,6,0.01%
рассказал,6,0.01%
собралась,6,0.01%
обязательно,6,0.01%
нескольких,6,0.01%
возле,6,0.01%
отворив,6,0.01%
мгновение,6,0.01%
зашептала,6,0.01%
забыл,6,0.01%
подхватив,6,0.01%
девять,6,0.01%
капли,6,0.01%
изволите,6,0.01%
отражения,6,0.01%
столик,6,0.01%
размышлял,6,0.01%
подала,6,0.01%
столом,6,0.01%
кошка,6,0.01%
усопшего,6,0.01%
душе,6,0.01%
вниз,6,0.01%
послушно,6,0.01%
ухватив,6,0.01%
вода,6,0.01%
узнал,6,0.01%
начинает,6,0.01%
потерял,6,0.01%
потеряв,6,0.01%
искал,6,0.01%
мойша,6,0.01%
дирижабле,6,0.01%
зеркальный,6,0.01%
выглядел,6,0.01%
замечательно,6,0.01%
покинуть,6,0.01%
зараза,6,0.01%
отворилась,6,0.01%
передать,6,0.01%
волк,6,0.01%
покинули,6,0.01%
выйти,6,0.01%
поймал,6,0.01%
пошли,6,0.01%
прошептал,6,0.01%
насупился,6,0.01%
развел,6,0.01%
открывая,6,0.01%
разглядеть,6,0.01%
хватает,6,0.01%
зальцман,6,0.01%
скверно,6,0.01%
переулок,6,0.01%
губу,6,0.01%
картину,6,0.01%
незнакомец,6,0.01%
железными,6,0.01%
огрызнулась,6,0.01%
выйдя,6,0.01%
делаете,6,0.01%
предмет,6,0.01%
нехотя,6,0.01%
каким,6,0.01%
моем,6,0.01%
каких,6,0.01%
дескать,6,0.01%
машину,6,0.01%
значится,6,0.01%
жалобы,6,0.01%
поговорить,6,0.01%
какую,6,0.01%
каком,6,0.01%
вульфов,6,0.01%
позабыл,6,0.01%
фонарь,6,0.01%
упала,6,0.01%
нашло,6,0.01%
думаете,6,0.01%
можем,6,0.01%
викторовна,6,0.01%
должно,6,0.01%
косой,6,0.01%
кулаки,6,0.01%
поднимая,6,0.01%
компанию,6,0.01%
издали,6,0.01%
лавке,6,0.01%
мелко,6,0.01%
идея,6,0.01%
помнишь,6,0.01%
пройти,6,0.01%
друзей,6,0.01%
опасности,6,0.01%
найдем,6,0.01%
думала,6,0.01%
язык,6,0.01%
семью,6,0.01%
спине,6,0.01%
пыль,6,0.01%
удалился,6,0.01%
убитого,6,0.01%
вор,6,0.01%
нахмурилась,6,0.01%
вывел,6,0.01%
звучал,6,0.01%
откликнулась,6,0.01%
мужа,6,0.01%
беседу,6,0.01%
чуял,6,0.01%
выселках,6,0.01%
неожиданно,6,0.01%
квартире,6,0.01%
вывод,6,0.01%
коли,6,0.01%
фыркнула,6,0.01%
чашку,6,0.01%
уверена,6,0.01%
порой,6,0.01%
тени,6,0.01%
каморку,6,0.01%
разберутся,6,0.01%
нравится,6,0.01%
целый,6,0.01%
женщину,6,0.01%
вспомнив,6,0.01%
вздохнув,6,0.01%
важные,6,0.01%
жив,6,0.01%
карандаш,6,0.01%
приятно,6,0.01%
аптеку,6,0.01%
становилось,6,0.01%
предложила,6,0.01%
переступил,6,0.01%
неспроста,6,0.01%
непременно,6,0.01%
связь,6,0.01%
травы,6,0.01%
семейства,6,0.01%
зазеркалье,6,0.01%
нужна,6,0.01%
приносил,6,0.01%
тише,6,0.01%
провел,6,0.01%
имел,6,0.01%
полки,6,0.01%
нужен,6,0.01%
погодите,6,0.01%
ища,6,0.01%
побежал,6,0.01%
давая,6,0.01%
щелкнул,6,0.01%
погоди,6,0.01%
присвистнул,6,0.01%
гость,6,0.01%
кровь,6,0.01%
второй,6,0.01%
петербурга,6,0.01%
пойму,6,0.01%
полицию,6,0.01%
сильно,6,0.01%
нелепо,6,0.01%
упал,6,0.01%
живо,6,0.01%
выпуская,6,0.01%
собакина,6,0.01%
правильно,6,0.01%
видит,6,0.01%
юноша,6,0.01%
сначала,6,0.01%
растерялся,6,0.01%
добраться,6,0.01%
никогда,6,0.01%
сидели,6,0.01%
луш,6,0.01%
поговорим,6,0.01%
подняв,6,0.01%
прищурился,6,0.01%
заявил,6,0.01%
ног,6,0.01%
желает,6,0.01%
стыдно,6,0.01%
нибудь,6,0.01%
оба,6,0.01%
прямиком,6,0.01%
слыхал,6,0.01%
левой,6,0.01%
клыки,6,0.01%
жаловаться,6,0.01%
отступил,6,0.01%
принеси,6,0.01%
новости,6,0.01%
хлопнула,6,0.01%
другое,6,0.01%
вещей,6,0.01%
стену,6,0.01%
ужасно,6,0.01%
другую,6,0.01%
аромат,6,0.01%
используя,6,0.01%
скоро,6,0.01%
вечно,6,0.01%
обратится,6,0.01%
делаю,6,0.01%
уточнила,6,0.01%
почудилось,6,0.01%
сняв,6,0.01%
ночной,6,0.01%
огрызнулся,6,0.01%
хлопнул,6,0.01%
рта,6,0.01%
матушке,6,0.01%
читать,6,0.01%
спрашиваю,6,0.01%
трижды,6,0.01%
пусто,5,0.01%
помещение,5,0.01%
5,5,0.01%
часа,5,0.01%
волшбы,5,0.01%
слову,5,0.01%
малец,5,0.01%
придётся,5,0.01%
делала,5,0.01%
васьки,5,0.01%
подите,5,0.01%
комнат,5,0.01%
неприятно,5,0.01%
чаем,5,0.01%
мать,5,0.01%
искали,5,0.01%
уходит,5,0.01%
паровике,5,0.01%
выйдет,5,0.01%
повезло,5,0.01%
э,5,0.01%
случится,5,0.01%
прошептала,5,0.01%
торговца,5,0.01%
прижав,5,0.01%
веря,5,0.01%
щи,5,0.01%
морока,5,0.01%
паровоз,5,0.01%
матери,5,0.01%
садовник,5,0.01%
поможет,5,0.01%
вестник,5,0.01%
показалось,5,0.01%
устав,5,0.01%
самом,5,0.01%
мосту,5,0.01%
ответом,5,0.01%
уловил,5,0.01%
семена,5,0.01%
особо,5,0.01%
возмутилась,5,0.01%
пятак,5,0.01%
суть,5,0.01%
приема,5,0.01%
гляди,5,0.01%
александровны,5,0.01%
днем,5,0.01%
блеска,5,0.01%
интерес,5,0.01%
видя,5,0.01%
людно,5,0.01%
использовал,5,0.01%
краем,5,0.01%
мест,5,0.01%
варенька,5,0.01%
городовые,5,0.01%
хмыкнула,5,0.01%
чую,5,0.01%
видишь,5,0.01%
отбыла,5,0.01%
сводя,5,0.01%
добрые,5,0.01%
волноваться,5,0.01%
департаменту,5,0.01%
уберите,5,0.01%
шла,5,0.01%
подвал,5,0.01%
дожидаться,5,0.01%
выходя,5,0.01%
девице,5,0.01%
консьерж,5,0.01%
девицы,5,0.01%
девицу,5,0.01%
пространство,5,0.01%
положила,5,0.01%
истории,5,0.01%
послышались,5,0.01%
неладное,5,0.01%
ранга,5,0.01%
понимая,5,0.01%
ладонь,5,0.01%
ничем,5,0.01%
потупила,5,0.01%
убирая,5,0.01%
пенсне,5,0.01%
плечом,5,0.01%
каждой,5,0.01%
будучи,5,0.01%
берите,5,0.01%
чести,5,0.01%
белыми,5,0.01%
закивала,5,0.01%
некуда,5,0.01%
подальше,5,0.01%
повалился,5,0.01%
присела,5,0.01%
ульяной,5,0.01%
неприязнью,5,0.01%
ноющее,5,0.01%
души,5,0.01%
пути,5,0.01%
шиворот,5,0.01%
ползуновым,5,0.01%
мальчонка,5,0.01%
следующий,5,0.01%
мести,5,0.01%
ухватил,5,0.01%
собственно,5,0.01%
пряча,5,0.01%
задумываясь,5,0.01%
велела,5,0.01%
парах,5,0.01%
расскажете,5,0.01%
магический,5,0.01%
думайте,5,0.01%
выполнять,5,0.01%
зеркальных,5,0.01%
болит,5,0.01%
дирижабль,5,0.01%
ярмарки,5,0.01%
вонь,5,0.01%
магическую,5,0.01%
максимовне,5,0.01%
максимовну,5,0.01%
пропал,5,0.01%
новым,5,0.01%
отсутствовала,5,0.01%
подобные,5,0.01%
лист,5,0.01%
поймет,5,0.01%
телом,5,0.01%
темно,5,0.01%
явно,5,0.01%
положено,5,0.01%
уставился,5,0.01%
дочери,5,0.01%
пригладил,5,0.01%
использовать,5,0.01%
папку,5,0.01%
другого,5,0.01%
держал,5,0.01%
прибывших,5,0.01%
кивал,5,0.01%
убил,5,0.01%
похоже,5,0.01%
стопку,5,0.01%
менее,5,0.01%
слава,5,0.01%
юбки,5,0.01%
висок,5,0.01%
машина,5,0.01%
молю,5,0.01%
отдельной,5,0.01%
боку,5,0.01%
какое,5,0.01%
правой,5,0.01%
конторку,5,0.01%
покидая,5,0.01%
троньте,5,0.01%
зеркальщики,5,0.01%
спросить,5,0.01%
переходному,5,0.01%
товар,5,0.01%
адрес,5,0.01%
подходя,5,0.01%
консьержа,5,0.01%
знали,5,0.01%
благодаря,5,0.01%
сказали,5,0.01%
окомотограф,5,0.01%
рассказывал,5,0.01%
точнее,5,0.01%
охота,5,0.01%
охоту,5,0.01%
заставил,5,0.01%
зовите,5,0.01%
лавки,5,0.01%
крикнула,5,0.01%
вашим,5,0.01%
городом,5,0.01%
елены,5,0.01%
какими,5,0.01%
закрывая,5,0.01%
поспешила,5,0.01%
дождавшись,5,0.01%
дверью,5,0.01%
лестницы,5,0.01%
читая,5,0.01%
вел,5,0.01%
вернулась,5,0.01%
чисто,5,0.01%
недавно,5,0.01%
серьезно,5,0.01%
желаю,5,0.01%
причем,5,0.01%
призрака,5,0.01%
осколков,5,0.01%
станем,5,0.01%
слышу,5,0.01%
чашке,5,0.01%
солнечный,5,0.01%
конца,5,0.01%
смотри,5,0.01%
ходу,5,0.01%
тихоновича,5,0.01%
тела,5,0.01%
морщась,5,0.01%
выглядела,5,0.01%
предлагаю,5,0.01%
женщине,5,0.01%
рано,5,0.01%
достав,5,0.01%
изгой,5,0.01%
печать,5,0.01%
мальца,5,0.01%
плече,5,0.01%
кровати,5,0.01%
ждет,5,0.01%
приходил,5,0.01%
деньги,5,0.01%
крик,5,0.01%
фыркнул,5,0.01%
аптеки,5,0.01%
зевак,5,0.01%
прибыть,5,0.01%
отыскать,5,0.01%
вставая,5,0.01%
связи,5,0.01%
губам,5,0.01%
сообразил,5,0.01%
убрав,5,0.01%
нужно,5,0.01%
помог,5,0.01%
виновен,5,0.01%
кабан,5,0.01%
улик,5,0.01%
села,5,0.01%
понравится,5,0.01%
постарался,5,0.01%
некогда,5,0.01%
изо,5,0.01%
обедать,5,0.01%
детей,5,0.01%
виноват,5,0.01%
зубами,5,0.01%
даст,5,0.01%
решетки,5,0.01%
дамы,5,0.01%
объяснить,5,0.01%
здоровье,5,0.01%
своими,5,0.01%
комнатах,5,0.01%
глазам,5,0.01%
степаниды,5,0.01%
направились,5,0.01%
покоя,5,0.01%
покое,5,0.01%
феофана,5,0.01%
перила,5,0.01%
присел,5,0.01%
семеновны,5,0.01%
повернулась,5,0.01%
неужели,5,0.01%
остались,5,0.01%
виктора,5,0.01%
реку,5,0.01%
реке,5,0.01%
видал,5,0.01%
встала,5,0.01%
продолжал,5,0.01%
ждала,5,0.01%
жива,5,0.01%
черного,5,0.01%
расскажу,5,0.01%
задрал,5,0.01%
одарила,5,0.01%
речи,5,0.01%
видом,5,0.01%
погрозила,5,0.01%
часто,5,0.01%
отрезал,5,0.01%
силах,5,0.01%
повторила,5,0.01%
очередную,5,0.01%
знай,5,0.01%
требуется,5,0.01%
брать,5,0.01%
сыщику,5,0.01%
имелись,5,0.01%
кухне,5,0.01%
кухню,5,0.01%
ровно,5,0.01%
принимая,5,0.01%
широким,5,0.01%
меч,5,0.01%
отчитался,5,0.01%
показать,5,0.01%
ходил,5,0.01%
мою,5,0.01%
блокнот,5,0.01%
сюртука,5,0.01%
пожалуйте,5,0.01%
поднял,5,0.01%
прокопьевича,5,0.01%
камина,5,0.01%
неё,5,0.01%
всюду,5,0.01%
скамье,5,0.01%
улыбке,5,0.01%
когти,5,0.01%
одновременно,5,0.01%
бульон,5,0.01%
другим,5,0.01%
расследованию,5,0.01%
шнипельсон,5,0.01%
первого,5,0.01%
печь,5,0.01%
возраста,5,0.01%
оглядел,5,0.01%
оглядываясь,5,0.01%
поеду,5,0.01%
смог,5,0.01%
обеда,5,0.01%
крики,5,0.01%
спешил,5,0.01%
никому,5,0.01%
ожидавший,5,0.01%
трав,5,0.01%
нарочно,5,0.01%
считаю,5,0.01%
нечего,5,0.01%
одни,5,0.01%
находилась,5,0.01%
бочки,5,0.01%
мчался,5,0.01%
криво,5,0.01%
отчет,5,0.01%
осмотрел,5,0.01%
порога,5,0.01%
первое,5,0.01%
рюмку,5,0.01%
девочка,5,0.01%
напишу,5,0.01%
бориса,5,0.01%
черная,5,0.01%
произошло,5,0.01%
пустую,5,0.01%
мрачно,5,0.01%
мальчики,5,0.01%
сим,5,0.01%
сих,5,0.01%
спас,5,0.01%
сторонам,4,0.01%
сто,4,0.01%
1,4,0.01%
2,4,0.01%
3,4,0.01%
4,4,0.01%
вспоминал,4,0.01%
прием,4,0.01%
приду,4,0.01%
изменилось,4,0.01%
имеет,4,0.01%
прислушался,4,0.01%
ребенком,4,0.01%
писем,4,0.01%
главе,4,0.01%
гладь,4,0.01%
чувства,4,0.01%
щенок,4,0.01%
железной,4,0.01%
видела,4,0.01%
настолько,4,0.01%
крест,4,0.01%
следует,4,0.01%
добра,4,0.01%
смутился,4,0.01%
железный,4,0.01%
больных,4,0.01%
постучала,4,0.01%
отправились,4,0.01%
самых,4,0.01%
зрелище,4,0.01%
убийцы,4,0.01%
ужо,4,0.01%
стесняйтесь,4,0.01%
тучи,4,0.01%
выхватил,4,0.01%
став,4,0.01%
стекла,4,0.01%
уха,4,0.01%
ступени,4,0.01%
ум,4,0.01%
повторяю,4,0.01%
охранник,4,0.01%
сыщиком,4,0.01%
самая,4,0.01%
номер,4,0.01%
скажет,4,0.01%
топая,4,0.01%
быстрым,4,0.01%
представляю,4,0.01%
шагая,4,0.01%
стой,4,0.01%
гостей,4,0.01%
вещь,4,0.01%
позвать,4,0.01%
разговаривать,4,0.01%
слушал,4,0.01%
ребенок,4,0.01%
сомневаюсь,4,0.01%
направилась,4,0.01%
мешок,4,0.01%
которую,4,0.01%
странно,4,0.01%
софью,4,0.01%
софьи,4,0.01%
воздушный,4,0.01%
такому,4,0.01%
лапы,4,0.01%
вероятно,4,0.01%
скрипел,4,0.01%
потирая,4,0.01%
окна,4,0.01%
состоянии,4,0.01%
прикрыла,4,0.01%
общества,4,0.01%
стоящая,4,0.01%
беда,4,0.01%
шепот,4,0.01%
поле,4,0.01%
учтите,4,0.01%
оглядеться,4,0.01%
прочих,4,0.01%
прочел,4,0.01%
внизу,4,0.01%
сообщил,4,0.01%
плотно,4,0.01%
вызвал,4,0.01%
дочь,4,0.01%
пахло,4,0.01%
разрешите,4,0.01%
поняли,4,0.01%
опешил,4,0.01%
перемещаться,4,0.01%
попался,4,0.01%
тайник,4,0.01%
родной,4,0.01%
хозяину,4,0.01%
отвлекся,4,0.01%
успев,4,0.01%
лучшее,4,0.01%
успела,4,0.01%
разорвал,4,0.01%
срочные,4,0.01%
спокойнее,4,0.01%
локоть,4,0.01%
шли,4,0.01%
улыбкой,4,0.01%
подался,4,0.01%
добряка,4,0.01%
барышни,4,0.01%
выскользнул,4,0.01%
проверяя,4,0.01%
хаос,4,0.01%
стойте,4,0.01%
паренька,4,0.01%
понимал,4,0.01%
ладони,4,0.01%
решился,4,0.01%
отворил,4,0.01%
злиться,4,0.01%
существует,4,0.01%
улицам,4,0.01%
готовясь,4,0.01%
люблю,4,0.01%
задерживаться,4,0.01%
распахнув,4,0.01%
любом,4,0.01%
посетителя,4,0.01%
посетитель,4,0.01%
отдала,4,0.01%
закончив,4,0.01%
магам,4,0.01%
готово,4,0.01%
знакомым,4,0.01%
семёновны,4,0.01%
последних,4,0.01%
четко,4,0.01%
полюбопытствовал,4,0.01%
собственной,4,0.01%
виднелись,4,0.01%
вскинув,4,0.01%
откланиваюсь,4,0.01%
всхлипнула,4,0.01%
мелкие,4,0.01%
правы,4,0.01%
увиденного,4,0.01%
тепло,4,0.01%
неприятное,4,0.01%
рассматривая,4,0.01%
мысль,4,0.01%
глянуть,4,0.01%
тьфу,4,0.01%
сызнова,4,0.01%
побеседовать,4,0.01%
обернувшись,4,0.01%
витрина,4,0.01%
витрины,4,0.01%
лилиями,4,0.01%
разберусь,4,0.01%
отметил,4,0.01%
неприятный,4,0.01%
рядов,4,0.01%
губернатор,4,0.01%
подумай,4,0.01%
кошки,4,0.01%
прости,4,0.01%
папенька,4,0.01%
слеза,4,0.01%
факт,4,0.01%
ворвался,4,0.01%
тьме,4,0.01%
прикрыл,4,0.01%
прикрыв,4,0.01%
скрывает,4,0.01%
узнаю,4,0.01%
жизнью,4,0.01%
погляди,4,0.01%
слышала,4,0.01%
общем,4,0.01%
магическим,4,0.01%
бывало,4,0.01%
ярмарка,4,0.01%
выглядит,4,0.01%
воротилась,4,0.01%
следить,4,0.01%
блик,4,0.01%
приходилось,4,0.01%
поймав,4,0.01%
порядком,4,0.01%
кутаясь,4,0.01%
осколок,4,0.01%
лицу,4,0.01%
происходило,4,0.01%
земли,4,0.01%
земле,4,0.01%
ночь,4,0.01%
ночи,4,0.01%
приюте,4,0.01%
охранника,4,0.01%
сжимая,4,0.01%
дрянь,4,0.01%
молчал,4,0.01%
утирая,4,0.01%
мужчины,4,0.01%
нутро,4,0.01%
тихий,4,0.01%
ногах,4,0.01%
мигрень,4,0.01%
заходили,4,0.01%
брошь,4,0.01%
назвал,4,0.01%
закрыты,4,0.01%
почуял,4,0.01%
кофий,4,0.01%
господ,4,0.01%
врач,4,0.01%
директор,4,0.01%
крещенский,4,0.01%
переулка,4,0.01%
некому,4,0.01%
зеркал,4,0.01%
сесть,4,0.01%
показался,4,0.01%
закрылась,4,0.01%
дошел,4,0.01%
новая,4,0.01%
портала,4,0.01%
цветком,4,0.01%
принести,4,0.01%
ревизию,4,0.01%
перочинный,4,0.01%
косого,4,0.01%
всей,4,0.01%
променад,4,0.01%
зеркальную,4,0.01%
смертью,4,0.01%
сердито,4,0.01%
извинения,4,0.01%
машине,4,0.01%
устремился,4,0.01%
телефона,4,0.01%
узнали,4,0.01%
городу,4,0.01%
газете,4,0.01%
коровы,4,0.01%
говоришь,4,0.01%
рыкнула,4,0.01%
прорычал,4,0.01%
наших,4,0.01%
нашем,4,0.01%
зале,4,0.01%
спустя,4,0.01%
скамейке,4,0.01%
взаимно,4,0.01%
поправила,4,0.01%
фонарей,4,0.01%
колдовскими,4,0.01%
фармацевт,4,0.01%
пожала,4,0.01%
займусь,4,0.01%
пальцев,4,0.01%
знала,4,0.01%
молодой,4,0.01%
должны,4,0.01%
иллюзию,4,0.01%
бред,4,0.01%
пожаловалась,4,0.01%
буквально,4,0.01%
воскликнула,4,0.01%
снеди,4,0.01%
неспешно,4,0.01%
проводить,4,0.01%
говорили,4,0.01%
ага,4,0.01%
оказаться,4,0.01%
оставьте,4,0.01%
принялись,4,0.01%
правил,4,0.01%
шляпку,4,0.01%
которыми,4,0.01%
дверях,4,0.01%
призрак,4,0.01%
голосом,4,0.01%
обратилась,4,0.01%
ловя,4,0.01%
опасность,4,0.01%
девичий,4,0.01%
переспросил,4,0.01%
найдет,4,0.01%
толкнул,4,0.01%
ударил,4,0.01%
твои,4,0.01%
присаживаясь,4,0.01%
людски,4,0.01%
впереди,4,0.01%
чуток,4,0.01%
просить,4,0.01%
пообещала,4,0.01%
холодный,4,0.01%
семья,4,0.01%
жителей,4,0.01%
думать,4,0.01%
нижнюю,4,0.01%
звякнул,4,0.01%
желаете,4,0.01%
девушки,4,0.01%
сверкнул,4,0.01%
норовом,4,0.01%
звук,4,0.01%
пылу,4,0.01%
заставляя,4,0.01%
чарами,4,0.01%
очереди,4,0.01%
побледнела,4,0.01%
сделайте,4,0.01%
кругляш,4,0.01%
казалась,4,0.01%
подтверждение,4,0.01%
писать,4,0.01%
треск,4,0.01%
навроде,4,0.01%
подмигнул,4,0.01%
надеялся,4,0.01%
полностью,4,0.01%
глотков,4,0.01%
помоги,4,0.01%
помогу,4,0.01%
жару,4,0.01%
беседа,4,0.01%
посередине,4,0.01%
старьевщик,4,0.01%
предупредил,4,0.01%
представив,4,0.01%
работника,4,0.01%
год,4,0.01%
тащить,4,0.01%
местный,4,0.01%
сумерках,4,0.01%
подняться,4,0.01%
отдыхайте,4,0.01%
коем,4,0.01%
результат,4,0.01%
дал,4,0.01%
дам,4,0.01%
две,4,0.01%
держать,4,0.01%
кадку,4,0.01%
смотря,4,0.01%
миром,4,0.01%
господь,4,0.01%
службы,4,0.01%
служба,4,0.01%
близко,4,0.01%
вперёд,4,0.01%
горного,4,0.01%
хватая,4,0.01%
пойдем,4,0.01%
ангел,4,0.01%
проулка,4,0.01%
выглядело,4,0.01%
вещицу,4,0.01%
минуту,4,0.01%
колокольчик,4,0.01%
выглядеть,4,0.01%
детина,4,0.01%
еду,4,0.01%
еды,4,0.01%
подобного,4,0.01%
краю,4,0.01%
стебель,4,0.01%
врать,4,0.01%
поправив,4,0.01%
врача,4,0.01%
спешила,4,0.01%
станешь,4,0.01%
разе,4,0.01%
спешили,4,0.01%
отвернулся,4,0.01%
стукнув,4,0.01%
осмотревшись,4,0.01%
ради,4,0.01%
кровать,4,0.01%
плеча,4,0.01%
вернув,4,0.01%
тронул,4,0.01%
зыркнула,4,0.01%
соедините,4,0.01%
поймали,4,0.01%
выскочив,4,0.01%
лужу,4,0.01%
луже,4,0.01%
очередного,4,0.01%
понимающе,4,0.01%
ждут,4,0.01%
поводу,4,0.01%
форме,4,0.01%
чувствах,4,0.01%
раструб,4,0.01%
четверть,4,0.01%
сверху,4,0.01%
старая,4,0.01%
луша,4,0.01%
дежурный,4,0.01%
надеясь,4,0.01%
учуяла,4,0.01%
сипло,4,0.01%
жильцов,4,0.01%
приятного,4,0.01%
вынужден,4,0.01%
старый,4,0.01%
жена,4,0.01%
тронула,4,0.01%
пруда,4,0.01%
покосилась,4,0.01%
сейф,4,0.01%
подвале,4,0.01%
появится,4,0.01%
изредка,4,0.01%
иду,4,0.01%
берегу,4,0.01%
имею,4,0.01%
домам,4,0.01%
берега,4,0.01%
ночью,4,0.01%
придерживая,4,0.01%
боясь,4,0.01%
осмотр,4,0.01%
кондуктор,4,0.01%
объясните,4,0.01%
дала,4,0.01%
махом,4,0.01%
потребовала,4,0.01%
бегом,4,0.01%
одежду,4,0.01%
невозможно,4,0.01%
одежда,4,0.01%
одежде,4,0.01%
сунул,4,0.01%
шептал,4,0.01%
помрачнел,4,0.01%
здание,4,0.01%
проверю,4,0.01%
смотрите,4,0.01%
присев,4,0.01%
положив,4,0.01%
развернулся,4,0.01%
приехали,4,0.01%
департаментом,4,0.01%
встречи,4,0.01%
пойти,4,0.01%
бросив,4,0.01%
бросил,4,0.01%
горло,4,0.01%
старался,4,0.01%
простых,4,0.01%
остаться,4,0.01%
возьмите,4,0.01%
ждали,4,0.01%
ком,4,0.01%
сумел,4,0.01%
продолжил,4,0.01%
оглядывая,4,0.01%
кхе,4,0.01%
ощутив,4,0.01%
двух,4,0.01%
захотелось,4,0.01%
лежать,4,0.01%
вздрогнул,4,0.01%
лег,4,0.01%
подвеску,4,0.01%
душой,4,0.01%
сегодняшний,4,0.01%
навещу,4,0.01%
запер,4,0.01%
зеленых,4,0.01%
проку,4,0.01%
зеленым,4,0.01%
сидела,4,0.01%
подумать,4,0.01%
неприязни,4,0.01%
ланцет,4,0.01%
темных,4,0.01%
темный,4,0.01%
дойти,4,0.01%
смотреть,4,0.01%
знак,4,0.01%
отвечу,4,0.01%
улыбнувшись,4,0.01%
ломбарда,4,0.01%
принимал,4,0.01%
высокий,4,0.01%
устроил,4,0.01%
трубке,4,0.01%
моё,4,0.01%
большое,4,0.01%
мешать,4,0.01%
ходок,4,0.01%
утопнет,4,0.01%
загоготал,4,0.01%
умчался,4,0.01%
выругался,4,0.01%
робко,4,0.01%
рыжие,4,0.01%
солнце,4,0.01%
деда,4,0.01%
приложив,4,0.01%
приложил,4,0.01%
найдя,4,0.01%
ведьмак,4,0.01%
растерянно,4,0.01%
скрыть,4,0.01%
поймите,4,0.01%
сухова,4,0.01%
честно,4,0.01%
шанс,4,0.01%
замялся,4,0.01%
посреди,4,0.01%
голубых,4,0.01%
вчерашнего,4,0.01%
поверх,4,0.01%
первых,4,0.01%
деточка,4,0.01%
итог,4,0.01%
чудилось,4,0.01%
смех,4,0.01%
удалиться,4,0.01%
снимая,4,0.01%
наши,4,0.01%
чудно,4,0.01%
наша,4,0.01%
госпиталя,4,0.01%
переполох,4,0.01%
утро,4,0.01%
откланяться,4,0.01%
считай,4,0.01%
движение,4,0.01%
николя,4,0.01%
шага,4,0.01%
арестанта,4,0.01%
забрали,4,0.01%
нами,4,0.01%
подушку,4,0.01%
зубом,4,0.01%
делая,4,0.01%
подземельях,4,0.01%
данный,4,0.01%
журналист,4,0.01%
попрошу,4,0.01%
откланявшись,4,0.01%
объяснил,4,0.01%
дробышев,4,0.01%
пахнет,4,0.01%
военный,4,0.01%
этакая,4,0.01%
пить,4,0.01%
этаж,4,0.01%
купца,4,0.01%
холодной,4,0.01%
пустой,4,0.01%
изгоев,4,0.01%
рык,4,0.01%
контора,4,0.01%
оборотнями,4,0.01%
метнулся,4,0.01%
собрался,4,0.01%
заказ,4,0.01%
полицейских,4,0.01%
ворот,4,0.01%
щеке,4,0.01%
спал,4,0.01%
сон,4,0.01%
повторю,3,0.00%
торговец,3,0.00%
6,3,0.00%
помещении,3,0.00%
суп,3,0.00%
твоим,3,0.00%
имени,3,0.00%
сидят,3,0.00%
эскулап,3,0.00%
затаился,3,0.00%
новому,3,0.00%
старательно,3,0.00%
аппарат,3,0.00%
тормашками,3,0.00%
новостей,3,0.00%
железная,3,0.00%
решать,3,0.00%
вытащила,3,0.00%
имели,3,0.00%
засуетились,3,0.00%
главы,3,0.00%
купил,3,0.00%
иванович,3,0.00%
зайдя,3,0.00%
легенда,3,0.00%
холодом,3,0.00%
кидается,3,0.00%
тип,3,0.00%
петушки,3,0.00%
делами,3,0.00%
повод,3,0.00%
смотрит,3,0.00%
разные,3,0.00%
остановились,3,0.00%
тон,3,0.00%
делает,3,0.00%
почтение,3,0.00%
увидал,3,0.00%
увидав,3,0.00%
выпрыгнув,3,0.00%
зябко,3,0.00%
блестящие,3,0.00%
железным,3,0.00%
железные,3,0.00%
ударили,3,0.00%
швырнул,3,0.00%
знаться,3,0.00%
убийцу,3,0.00%
торговцу,3,0.00%
хранил,3,0.00%
проверять,3,0.00%
писал,3,0.00%
доброй,3,0.00%
столкнулся,3,0.00%
рабочий,3,0.00%
вопросительный,3,0.00%
размяк,3,0.00%
одинокая,3,0.00%
сговорились,3,0.00%
план,3,0.00%
поодаль,3,0.00%
извозчик,3,0.00%
нонче,3,0.00%
убрать,3,0.00%
губите,3,0.00%
шагов,3,0.00%
доложить,3,0.00%
проблем,3,0.00%
гнева,3,0.00%
добрая,3,0.00%
взревел,3,0.00%
редкость,3,0.00%
неси,3,0.00%
дурак,3,0.00%
сивый,3,0.00%
фу,3,0.00%
кармане,3,0.00%
пугайте,3,0.00%
эхом,3,0.00%
крутить,3,0.00%
бабулька,3,0.00%
яд,3,0.00%
глянь,3,0.00%
тряпицу,3,0.00%
грязную,3,0.00%
стою,3,0.00%
позвала,3,0.00%
позвали,3,0.00%
волнение,3,0.00%
сделаем,3,0.00%
соседи,3,0.00%
появлялся,3,0.00%
ушах,3,0.00%
оставили,3,0.00%
ужином,3,0.00%
повара,3,0.00%
паровые,3,0.00%
занимал,3,0.00%
безделица,3,0.00%
сделано,3,0.00%
придумать,3,0.00%
александрович,3,0.00%
ответов,3,0.00%
софии,3,0.00%
витрин,3,0.00%
которое,3,0.00%
дремы,3,0.00%
воздушной,3,0.00%
последовал,3,0.00%
высунулся,3,0.00%
кабана,3,0.00%
яблоко,3,0.00%
поудобнее,3,0.00%
гостях,3,0.00%
махнув,3,0.00%
гляжу,3,0.00%
ускорил,3,0.00%
отправил,3,0.00%
лукерьи,3,0.00%
откроется,3,0.00%
опрометью,3,0.00%
поделиться,3,0.00%
верьте,3,0.00%
вечернему,3,0.00%
коридоре,3,0.00%
вдова,3,0.00%
карету,3,0.00%
пригрозил,3,0.00%
книгами,3,0.00%
находиться,3,0.00%
щеках,3,0.00%
трубы,3,0.00%
пнул,3,0.00%
щекам,3,0.00%
станции,3,0.00%
окон,3,0.00%
отдохнуть,3,0.00%
свидетелей,3,0.00%
надпись,3,0.00%
ироды,3,0.00%
беды,3,0.00%
впору,3,0.00%
прыгать,3,0.00%
аппарата,3,0.00%
беде,3,0.00%
жалею,3,0.00%
следовательно,3,0.00%
пола,3,0.00%
шевелись,3,0.00%
вида,3,0.00%
рассеяно,3,0.00%
одернул,3,0.00%
имелся,3,0.00%
пустоту,3,0.00%
пустота,3,0.00%
вернемся,3,0.00%
исключительно,3,0.00%
скрылась,3,0.00%
понадобилась,3,0.00%
невзначай,3,0.00%
прочее,3,0.00%
мотнул,3,0.00%
волка,3,0.00%
играет,3,0.00%
игоревич,3,0.00%
нише,3,0.00%
торчала,3,0.00%
уставились,3,0.00%
зажмурился,3,0.00%
нить,3,0.00%
нити,3,0.00%
вареньке,3,0.00%
атаку,3,0.00%
городовых,3,0.00%
дружище,3,0.00%
императору,3,0.00%
сладкой,3,0.00%
вина,3,0.00%
крутились,3,0.00%
защиты,3,0.00%
проход,3,0.00%
недель,3,0.00%
сожалению,3,0.00%
проверил,3,0.00%
появились,3,0.00%
проверив,3,0.00%
сестра,3,0.00%
строго,3,0.00%
хрусталя,3,0.00%
примерно,3,0.00%
задержалась,3,0.00%
показывая,3,0.00%
чьи,3,0.00%
обнаружил,3,0.00%
лучшей,3,0.00%
добрых,3,0.00%
лучшем,3,0.00%
добрым,3,0.00%
расскажет,3,0.00%
именем,3,0.00%
рукаве,3,0.00%
шеи,3,0.00%
журналиста,3,0.00%
бледный,3,0.00%
стоишь,3,0.00%
блеск,3,0.00%
уснул,3,0.00%
толпа,3,0.00%
извозчики,3,0.00%
извозчику,3,0.00%
возвращаться,3,0.00%
теребя,3,0.00%
шепотом,3,0.00%
проверял,3,0.00%
справа,3,0.00%
убежал,3,0.00%
гнев,3,0.00%
барышню,3,0.00%
историю,3,0.00%
история,3,0.00%
отвечать,3,0.00%
книгах,3,0.00%
оценил,3,0.00%
возился,3,0.00%
кровью,3,0.00%
любви,3,0.00%
обращаться,3,0.00%
сознания,3,0.00%
прислать,3,0.00%
подать,3,0.00%
дыбом,3,0.00%
шляпа,3,0.00%
шляпу,3,0.00%
подсобить,3,0.00%
моменту,3,0.00%
вкус,3,0.00%
кабинету,3,0.00%
вынул,3,0.00%
протягивая,3,0.00%
перепугался,3,0.00%
помогая,3,0.00%
спущу,3,0.00%
поехали,3,0.00%
горе,3,0.00%
лежи,3,0.00%
удивлено,3,0.00%
услышу,3,0.00%
капель,3,0.00%
распахнул,3,0.00%
скрипнули,3,0.00%
прекрасно,3,0.00%
закончил,3,0.00%
сможете,3,0.00%
отвечая,3,0.00%
мелкую,3,0.00%
голубчик,3,0.00%
увидите,3,0.00%
собираясь,3,0.00%
каждом,3,0.00%
открой,3,0.00%
каждую,3,0.00%
последней,3,0.00%
семеновной,3,0.00%
последние,3,0.00%
последним,3,0.00%
взирая,3,0.00%
нападать,3,0.00%
скребли,3,0.00%
разобраться,3,0.00%
тщетно,3,0.00%
сообщи,3,0.00%
мира,3,0.00%
полудню,3,0.00%
ходока,3,0.00%
знакомых,3,0.00%
повыше,3,0.00%
навестить,3,0.00%
опус,3,0.00%
соусом,3,0.00%
цели,3,0.00%
целы,3,0.00%
суждено,3,0.00%
выходом,3,0.00%
вмешалась,3,0.00%
дикий,3,0.00%
продолжила,3,0.00%
честь,3,0.00%
выходил,3,0.00%
вмиг,3,0.00%
покуда,3,0.00%
идеальная,3,0.00%
судьбами,3,0.00%
попала,3,0.00%
заранее,3,0.00%
словам,3,0.00%
тонкий,3,0.00%
распахнулась,3,0.00%
тонких,3,0.00%
витрину,3,0.00%
покосился,3,0.00%
хищник,3,0.00%
пользоваться,3,0.00%
уймитесь,3,0.00%
бутылек,3,0.00%
можешь,3,0.00%
допрос,3,0.00%
тонкими,3,0.00%
порвал,3,0.00%
пойдете,3,0.00%
коробку,3,0.00%
обычные,3,0.00%
напоминала,3,0.00%
конторкой,3,0.00%
приподняв,3,0.00%
некоторое,3,0.00%
разложил,3,0.00%
сжались,3,0.00%
папеньке,3,0.00%
духи,3,0.00%
следу,3,0.00%
путы,3,0.00%
напором,3,0.00%
внутреннего,3,0.00%
осматривать,3,0.00%
зверя,3,0.00%
вертел,3,0.00%
троих,3,0.00%
дура,3,0.00%
конверты,3,0.00%
каждым,3,0.00%
идете,3,0.00%
отправилась,3,0.00%
нога,3,0.00%
магическое,3,0.00%
столкнулись,3,0.00%
погляжу,3,0.00%
лениво,3,0.00%
звенели,3,0.00%
скрывали,3,0.00%
савелий,3,0.00%
паровиков,3,0.00%
желания,3,0.00%
общий,3,0.00%
желание,3,0.00%
открыть,3,0.00%
общее,3,0.00%
бывали,3,0.00%
зеркальные,3,0.00%
дирижаблю,3,0.00%
ярмарку,3,0.00%
шейный,3,0.00%
пристань,3,0.00%
итоге,3,0.00%
доставить,3,0.00%
фраза,3,0.00%
прикинув,3,0.00%
следите,3,0.00%
вона,3,0.00%
парня,3,0.00%
сгорел,3,0.00%
максимовны,3,0.00%
либо,3,0.00%
заместо,3,0.00%
парке,3,0.00%
скрывать,3,0.00%
свернул,3,0.00%
санитарку,3,0.00%
трогал,3,0.00%
хочешь,3,0.00%
пронзительно,3,0.00%
стрелять,3,0.00%
коробочку,3,0.00%
пошло,3,0.00%
другому,3,0.00%
благо,3,0.00%
флакон,3,0.00%
обычного,3,0.00%
денщиком,3,0.00%
новую,3,0.00%
новое,3,0.00%
эхо,3,0.00%
происходящем,3,0.00%
происходящее,3,0.00%
совпадение,3,0.00%
прядь,3,0.00%
барышень,3,0.00%
берет,3,0.00%
заметно,3,0.00%
хватало,3,0.00%
разрешение,3,0.00%
служащий,3,0.00%
мужчине,3,0.00%
пометки,3,0.00%
мычание,3,0.00%
кирпич,3,0.00%
обвинения,3,0.00%
григорьевича,3,0.00%
затылке,3,0.00%
почем,3,0.00%
молчание,3,0.00%
картина,3,0.00%
блеснув,3,0.00%
сообразить,3,0.00%
вспылил,3,0.00%
торчит,3,0.00%
плоти,3,0.00%
отступать,3,0.00%
снизу,3,0.00%
ширму,3,0.00%
принесла,3,0.00%
артефактами,3,0.00%
развела,3,0.00%
молчать,3,0.00%
следил,3,0.00%
извозчиков,3,0.00%
заработать,3,0.00%
заняты,3,0.00%
ревизии,3,0.00%
далекий,3,0.00%
геннадий,3,0.00%
подобрав,3,0.00%
достаточно,3,0.00%
выбить,3,0.00%
жалобу,3,0.00%
висит,3,0.00%
виске,3,0.00%
личное,3,0.00%
подумайте,3,0.00%
изволит,3,0.00%
сторон,3,0.00%
заскулил,3,0.00%
море,3,0.00%
крестясь,3,0.00%
телефону,3,0.00%
изучать,3,0.00%
запоминаю,3,0.00%
узнала,3,0.00%
фонаря,3,0.00%
иван,3,0.00%
бровь,3,0.00%
припомнить,3,0.00%
появление,3,0.00%
упали,3,0.00%
боле,3,0.00%
моих,3,0.00%
остановившись,3,0.00%
корову,3,0.00%
прислонившись,3,0.00%
нападение,3,0.00%
нападения,3,0.00%
наставник,3,0.00%
опустите,3,0.00%
страшно,3,0.00%
какому,3,0.00%
вцепился,3,0.00%
дамой,3,0.00%
глупости,3,0.00%
бричка,3,0.00%
приезжих,3,0.00%
зала,3,0.00%
безумие,3,0.00%
доктором,3,0.00%
знамо,3,0.00%
прибавилось,3,0.00%
заладился,3,0.00%
глупо,3,0.00%
приезжай,3,0.00%
опустил,3,0.00%
имеете,3,0.00%
скандала,3,0.00%
ситуацией,3,0.00%
алексей,3,0.00%
колдовства,3,0.00%
предстоит,3,0.00%
направляясь,3,0.00%
волшебницей,3,0.00%
задать,3,0.00%
запахи,3,0.00%
должна,3,0.00%
небольшой,3,0.00%
призвал,3,0.00%
призвав,3,0.00%
ресторации,3,0.00%
переглянулись,3,0.00%
запаху,3,0.00%
почесал,3,0.00%
тать,3,0.00%
знайте,3,0.00%
удивительно,3,0.00%
открывать,3,0.00%
ухватила,3,0.00%
любовь,3,0.00%
белой,3,0.00%
молодых,3,0.00%
увидели,3,0.00%
игру,3,0.00%
блюда,3,0.00%
залу,3,0.00%
собрались,3,0.00%
моему,3,0.00%
вышивкой,3,0.00%
сделав,3,0.00%
палату,3,0.00%
сердцу,3,0.00%
горячий,3,0.00%
эликсира,3,0.00%
полночь,3,0.00%
обстановке,3,0.00%
белым,3,0.00%
белый,3,0.00%
людской,3,0.00%
правде,3,0.00%
коридорам,3,0.00%
прессы,3,0.00%
кости,3,0.00%
дверям,3,0.00%
дольше,3,0.00%
печатью,3,0.00%
сбежали,3,0.00%
забрал,3,0.00%
солнечном,3,0.00%
перестал,3,0.00%
зеркальщик,3,0.00%
напоследок,3,0.00%
полная,3,0.00%
лишний,3,0.00%
полной,3,0.00%
холодную,3,0.00%
возражаешь,3,0.00%
стуле,3,0.00%
беседовал,3,0.00%
вопросом,3,0.00%
справлюсь,3,0.00%
лестницу,3,0.00%
пройдоха,3,0.00%
хлеб,3,0.00%
смутилась,3,0.00%
отпустил,3,0.00%
удивительные,3,0.00%
тяжелым,3,0.00%
звякнув,3,0.00%
ужин,3,0.00%
остановил,3,0.00%
тяжелый,3,0.00%
цвета,3,0.00%
грязи,3,0.00%
пожилая,3,0.00%
девушке,3,0.00%
цветы,3,0.00%
кусаться,3,0.00%
личико,3,0.00%
кровавые,3,0.00%
зашла,3,0.00%
клерк,3,0.00%
общение,3,0.00%
лежите,3,0.00%
поликарповичем,3,0.00%
действие,3,0.00%
общения,3,0.00%
действий,3,0.00%
отвел,3,0.00%
возмущения,3,0.00%
твою,3,0.00%
пожаловала,3,0.00%
пожилой,3,0.00%
всенепременно,3,0.00%
припомню,3,0.00%
поток,3,0.00%
негде,3,0.00%
капустой,3,0.00%
прекратить,3,0.00%
вой,3,0.00%
выглянув,3,0.00%
мыслями,3,0.00%
приготовился,3,0.00%
нянька,3,0.00%
вуалью,3,0.00%
насколько,3,0.00%
дворе,3,0.00%
печет,3,0.00%
отложив,3,0.00%
второго,3,0.00%
языком,3,0.00%
всеми,3,0.00%
рассчитывать,3,0.00%
гладко,3,0.00%
готовила,3,0.00%
ухода,3,0.00%
старика,3,0.00%
поболе,3,0.00%
чудо,3,0.00%
представил,3,0.00%
увидимся,3,0.00%
хруст,3,0.00%
начальству,3,0.00%
денщику,3,0.00%
продажу,3,0.00%
спящих,3,0.00%
представляешь,3,0.00%
важная,3,0.00%
признал,3,0.00%
принято,3,0.00%
нравилось,3,0.00%
образ,3,0.00%
платона,3,0.00%
гостиница,3,0.00%
тянулся,3,0.00%
стрелки,3,0.00%
муторно,3,0.00%
конец,3,0.00%
усами,3,0.00%
ощущал,3,0.00%
здравы,3,0.00%
поблизости,3,0.00%
ужаса,3,0.00%
покажете,3,0.00%
особенно,3,0.00%
даю,3,0.00%
дар,3,0.00%
прихожую,3,0.00%
отличии,3,0.00%
наполнил,3,0.00%
направо,3,0.00%
слыша,3,0.00%
помнит,3,0.00%
плеснул,3,0.00%
ленты,3,0.00%
аппетит,3,0.00%
станут,3,0.00%
держали,3,0.00%
наврал,3,0.00%
постели,3,0.00%
картинка,3,0.00%
дне,3,0.00%
тень,3,0.00%
присутствующих,3,0.00%
госпоже,3,0.00%
телу,3,0.00%
каблуками,3,0.00%
флер,3,0.00%
затараторил,3,0.00%
выбор,3,0.00%
дул,3,0.00%
пойдет,3,0.00%
смешно,3,0.00%
поставила,3,0.00%
улыбаясь,3,0.00%
блеснули,3,0.00%
обещала,3,0.00%
дерганый,3,0.00%
выглядели,3,0.00%
зачарованной,3,0.00%
прислуги,3,0.00%
заходя,3,0.00%
водохранилище,3,0.00%
понимаем,3,0.00%
приобретя,3,0.00%
спроси,3,0.00%
светом,3,0.00%
прислугу,3,0.00%
предлагая,3,0.00%
края,3,0.00%
еле,3,0.00%
рану,3,0.00%
пискнула,3,0.00%
назвать,3,0.00%
полились,3,0.00%
аптекаря,3,0.00%
пирожки,3,0.00%
колдовать,3,0.00%
целая,3,0.00%
заполнили,3,0.00%
целей,3,0.00%
зеркальца,3,0.00%
звонок,3,0.00%
рады,3,0.00%
отправить,3,0.00%
мальцы,3,0.00%
дважды,3,0.00%
плечи,3,0.00%
предчувствие,3,0.00%
оборотнем,3,0.00%
наряд,3,0.00%
вокзал,3,0.00%
денется,3,0.00%
зеркальными,3,0.00%
заставило,3,0.00%
шлепнула,3,0.00%
промолчал,3,0.00%
приняла,3,0.00%
луны,3,0.00%
входу,3,0.00%
выскочил,3,0.00%
сирот,3,0.00%
друзьям,3,0.00%
жил,3,0.00%
интересного,3,0.00%
лужа,3,0.00%
мальчишки,3,0.00%
смущенно,3,0.00%
весенний,3,0.00%
повода,3,0.00%
остатки,3,0.00%
парочку,3,0.00%
отшатнулся,3,0.00%
хмурое,3,0.00%
награду,3,0.00%
лучи,3,0.00%
пробежав,3,0.00%
попятилась,3,0.00%
хочется,3,0.00%
сообразив,3,0.00%
старой,3,0.00%
адресатам,3,0.00%
нужны,3,0.00%
лазину,3,0.00%
народ,3,0.00%
опуская,3,0.00%
отношения,3,0.00%
вдвоем,3,0.00%
свободное,3,0.00%
пруду,3,0.00%
улиц,3,0.00%
протезу,3,0.00%
задремал,3,0.00%
оборотню,3,0.00%
местах,3,0.00%
подходит,3,0.00%
подходил,3,0.00%
подвала,3,0.00%
револьвером,3,0.00%
поднимаясь,3,0.00%
осколками,3,0.00%
необычного,3,0.00%
полку,3,0.00%
взвыл,3,0.00%
смерила,3,0.00%
марсель,3,0.00%
найдется,3,0.00%
покачнулся,3,0.00%
опустился,3,0.00%
замечая,3,0.00%
смысл,3,0.00%
петлю,3,0.00%
отчитываться,3,0.00%
показывает,3,0.00%
здоровой,3,0.00%
домом,3,0.00%
дама,3,0.00%
дали,3,0.00%
сорвать,3,0.00%
ишь,3,0.00%
выдержала,3,0.00%
фуражку,3,0.00%
окоматограф,3,0.00%
источник,3,0.00%
здания,3,0.00%
булку,3,0.00%
обождать,3,0.00%
цыкнул,3,0.00%
едет,3,0.00%
иной,3,0.00%
едем,3,0.00%
расплылась,3,0.00%
локоток,3,0.00%
услыхав,3,0.00%
ночам,3,0.00%
покой,3,0.00%
курс,3,0.00%
начальником,3,0.00%
мертвеца,3,0.00%
каждого,3,0.00%
примеру,3,0.00%
стреляйте,3,0.00%
познакомится,3,0.00%
погодя,3,0.00%
камера,3,0.00%
полез,3,0.00%
погода,3,0.00%
исходил,3,0.00%
семеновне,3,0.00%
облик,3,0.00%
экая,3,0.00%
девушкой,3,0.00%
соврал,3,0.00%
юнец,3,0.00%
заклинания,3,0.00%
воскликнул,3,0.00%
статья,3,0.00%
погонь,3,0.00%
гостя,3,0.00%
котелок,3,0.00%
едой,3,0.00%
приехала,3,0.00%
виктору,3,0.00%
донесся,3,0.00%
ткнул,3,0.00%
встрече,3,0.00%
приветствую,3,0.00%
хотели,3,0.00%
фигуру,3,0.00%
покажу,3,0.00%
страха,3,0.00%
сила,3,0.00%
сумок,3,0.00%
злой,3,0.00%
бородача,3,0.00%
жила,3,0.00%
встали,3,0.00%
вторая,3,0.00%
сидя,3,0.00%
находясь,3,0.00%
восторге,3,0.00%
гордо,3,0.00%
половину,3,0.00%
повернувшись,3,0.00%
обсуждали,3,0.00%
достала,3,0.00%
горел,3,0.00%
происходящего,3,0.00%
держи,3,0.00%
откровенно,3,0.00%
растение,3,0.00%
простой,3,0.00%
свечение,3,0.00%
данной,3,0.00%
начинайте,3,0.00%
побегушках,3,0.00%
видим,3,0.00%
двор,3,0.00%
маратович,3,0.00%
осмотрю,3,0.00%
слушать,3,0.00%
слышит,3,0.00%
убиенного,3,0.00%
надоумил,3,0.00%
темной,3,0.00%
дойдя,3,0.00%
ближайшему,3,0.00%
лоб,3,0.00%
темная,3,0.00%
кулаками,3,0.00%
глядела,3,0.00%
прислушивался,3,0.00%
заберу,3,0.00%
налил,3,0.00%
обязанности,3,0.00%
смысла,3,0.00%
подумала,3,0.00%
лопоухий,3,0.00%
лежат,3,0.00%
вмешался,3,0.00%
звучало,3,0.00%
проще,3,0.00%
переживайте,3,0.00%
начался,3,0.00%
занят,3,0.00%
заметила,3,0.00%
лопнули,3,0.00%
ладонями,3,0.00%
прервал,3,0.00%
случалось,3,0.00%
разговоры,3,0.00%
смерть,3,0.00%
большой,3,0.00%
бедняжку,3,0.00%
смерти,3,0.00%
смотрела,3,0.00%
судьбе,3,0.00%
удивление,3,0.00%
муж,3,0.00%
болезный,3,0.00%
удивлению,3,0.00%
показала,3,0.00%
бородатый,3,0.00%
приняв,3,0.00%
цветом,3,0.00%
подскажете,3,0.00%
большая,3,0.00%
цветку,3,0.00%
зови,3,0.00%
сюртуке,3,0.00%
которому,3,0.00%
цветке,3,0.00%
секунду,3,0.00%
секунды,3,0.00%
башенкой,3,0.00%
рассердился,3,0.00%
жилет,3,0.00%
образовавшуюся,3,0.00%
преступления,3,0.00%
заморока,3,0.00%
уходить,3,0.00%
заявление,3,0.00%
деле,3,0.00%
платья,3,0.00%
нож,3,0.00%
прикажете,3,0.00%
передника,3,0.00%
чужих,3,0.00%
лекарством,3,0.00%
найди,3,0.00%
расследование,3,0.00%
стешу,3,0.00%
пополам,3,0.00%
охнула,3,0.00%
ведьмовской,3,0.00%
мельком,3,0.00%
обе,3,0.00%
девятого,3,0.00%
нюанс,3,0.00%
праздника,3,0.00%
решение,3,0.00%
перо,3,0.00%
бешеный,3,0.00%
чуешь,3,0.00%
ока,3,0.00%
веревка,3,0.00%
потянулись,3,0.00%
поезд,3,0.00%
вкусно,3,0.00%
сколь,3,0.00%
ничуть,3,0.00%
духом,3,0.00%
исчезнет,3,0.00%
косяку,3,0.00%
подойти,3,0.00%
принесу,3,0.00%
поверь,3,0.00%
убить,3,0.00%
сделаете,3,0.00%
первые,3,0.00%
брюхо,3,0.00%
стрела,3,0.00%
замок,3,0.00%
поднесла,3,0.00%
отложить,3,0.00%
запугать,3,0.00%
побыстрее,3,0.00%
трех,3,0.00%
тяжело,3,0.00%
пар,3,0.00%
голубушка,3,0.00%
пил,3,0.00%
поддерживая,3,0.00%
дождь,3,0.00%
участка,3,0.00%
обижаете,3,0.00%
поблагодарив,3,0.00%
поблагодарил,3,0.00%
боится,3,0.00%
назло,3,0.00%
надежда,3,0.00%
закон,3,0.00%
револьвера,3,0.00%
бочке,3,0.00%
заорал,3,0.00%
склонился,3,0.00%
собеседник,3,0.00%
прикрывая,3,0.00%
первая,3,0.00%
мужской,3,0.00%
кусок,3,0.00%
брюки,3,0.00%
движением,3,0.00%
бумагу,3,0.00%
бездну,3,0.00%
сделалось,3,0.00%
рой,3,0.00%
обойдя,3,0.00%
знакомы,3,0.00%
молвил,3,0.00%
землей,3,0.00%
задержался,3,0.00%
похожие,3,0.00%
щепки,3,0.00%
причала,3,0.00%
скупщик,3,0.00%
пустое,3,0.00%
висельник,3,0.00%
заступница,3,0.00%
зайти,3,0.00%
бумагами,3,0.00%
наверху,3,0.00%
жаром,3,0.00%
мужчин,3,0.00%
смотрят,3,0.00%
интересом,3,0.00%
коллега,3,0.00%
полицейский,3,0.00%
сию,3,0.00%
мальчику,3,0.00%
начало,3,0.00%
свежий,3,0.00%
бесцеремонно,3,0.00%
черном,3,0.00%
временно,3,0.00%
сок,3,0.00%
пустым,3,0.00%
пустых,3,0.00%
погиб,3,0.00%
банк,2,0.00%
мама,2,0.00%
признаюсь,2,0.00%
7,2,0.00%
полгода,2,0.00%
8,2,0.00%
9,2,0.00%
суд,2,0.00%
увижу,2,0.00%
повар,2,0.00%
ловушки,2,0.00%
придя,2,0.00%
торговки,2,0.00%
часу,2,0.00%
уходят,2,0.00%
уверенно,2,0.00%
успехом,2,0.00%
нарочито,2,0.00%
выход,2,0.00%
углом,2,0.00%
покачиваясь,2,0.00%
повисла,2,0.00%
браслеты,2,0.00%
сливками,2,0.00%
зрения,2,0.00%
сын,2,0.00%
бабу,2,0.00%
душегуба,2,0.00%
выпивший,2,0.00%
спор,2,0.00%
блестящими,2,0.00%
таз,2,0.00%
нового,2,0.00%
попортил,2,0.00%
охотно,2,0.00%
аптекарем,2,0.00%
делали,2,0.00%
суховой,2,0.00%
купив,2,0.00%
легенды,2,0.00%
суета,2,0.00%
плыло,2,0.00%
борозды,2,0.00%
ваське,2,0.00%
упустить,2,0.00%
указанием,2,0.00%
угодила,2,0.00%
путаю,2,0.00%
дверную,2,0.00%
затряс,2,0.00%
злодейкой,2,0.00%
честным,2,0.00%
докладывать,2,0.00%
успокоить,2,0.00%
обронил,2,0.00%
пустая,2,0.00%
упустили,2,0.00%
зайчик,2,0.00%
крышкой,2,0.00%
малыш,2,0.00%
осушил,2,0.00%
выстрел,2,0.00%
холодец,2,0.00%
несуществующие,2,0.00%
ток,2,0.00%
слабое,2,0.00%
покоилась,2,0.00%
малые,2,0.00%
шмыгнул,2,0.00%
шмыгнув,2,0.00%
паровика,2,0.00%
свидетель,2,0.00%
попыталась,2,0.00%
паровики,2,0.00%
свидетели,2,0.00%
довольно,2,0.00%
железную,2,0.00%
латай,2,0.00%
втроем,2,0.00%
повел,2,0.00%
прибытия,2,0.00%
прибытию,2,0.00%
боязно,2,0.00%
проводит,2,0.00%
шкафу,2,0.00%
е,2,0.00%
зазря,2,0.00%
наступить,2,0.00%
забирайте,2,0.00%
сожгла,2,0.00%
номером,2,0.00%
графина,2,0.00%
закружились,2,0.00%
двигался,2,0.00%
пирог,2,0.00%
вспоминать,2,0.00%
шкафы,2,0.00%
надел,2,0.00%
кинул,2,0.00%
лихорадку,2,0.00%
посетим,2,0.00%
седьмого,2,0.00%
рукам,2,0.00%
призраком,2,0.00%
началась,2,0.00%
находят,2,0.00%
призраков,2,0.00%
заготовив,2,0.00%
стать,2,0.00%
скорой,2,0.00%
обучение,2,0.00%
блестящая,2,0.00%
требовала,2,0.00%
конверт,2,0.00%
возраст,2,0.00%
инструменты,2,0.00%
понадобится,2,0.00%
ехидно,2,0.00%
отъезда,2,0.00%
порешили,2,0.00%
десяток,2,0.00%
табакерку,2,0.00%
срок,2,0.00%
самым,2,0.00%
самые,2,0.00%
ай,2,0.00%
кинули,2,0.00%
столичным,2,0.00%
торговцы,2,0.00%
роли,2,0.00%
спорить,2,0.00%
тута,2,0.00%
потряс,2,0.00%
распахнулись,2,0.00%
инвалиды,2,0.00%
неба,2,0.00%
больной,2,0.00%
размахивая,2,0.00%
убрали,2,0.00%
пирога,2,0.00%
выложив,2,0.00%
кинула,2,0.00%
де,2,0.00%
плед,2,0.00%
торговых,2,0.00%
рожу,2,0.00%
звони,2,0.00%
усыновил,2,0.00%
сударь,2,0.00%
чернеют,2,0.00%
буркнула,2,0.00%
торговой,2,0.00%
отвернувшись,2,0.00%
влево,2,0.00%
младшие,2,0.00%
давешняя,2,0.00%
обнимая,2,0.00%
ненависть,2,0.00%
ль,2,0.00%
смейте,2,0.00%
тусклый,2,0.00%
смогли,2,0.00%
аптекарша,2,0.00%
затюкала,2,0.00%
оп,2,0.00%
случается,2,0.00%
провожу,2,0.00%
прижал,2,0.00%
расследовать,2,0.00%
графин,2,0.00%
шейного,2,0.00%
лишнего,2,0.00%
уу,2,0.00%
вынули,2,0.00%
подарок,2,0.00%
ушли,2,0.00%
прошлый,2,0.00%
император,2,0.00%
вера,2,0.00%
звоните,2,0.00%
ступеням,2,0.00%
посмел,2,0.00%
губернаторского,2,0.00%
повреждения,2,0.00%
общего,2,0.00%
объяснитесь,2,0.00%
настаиваю,2,0.00%
равновесие,2,0.00%
веки,2,0.00%
пряники,2,0.00%
непривычный,2,0.00%
раскинул,2,0.00%
шарогакалась,2,0.00%
откланялся,2,0.00%
мотор,2,0.00%
раскинув,2,0.00%
выбрал,2,0.00%
поутру,2,0.00%
задумчивости,2,0.00%
общается,2,0.00%
недр,2,0.00%
шагал,2,0.00%
поворота,2,0.00%
эшафот,2,0.00%
слышите,2,0.00%
прочими,2,0.00%
подождать,2,0.00%
нанять,2,0.00%
щелчок,2,0.00%
слушок,2,0.00%
сталь,2,0.00%
прошлое,2,0.00%
сундуки,2,0.00%
пробили,2,0.00%
сделали,2,0.00%
длинных,2,0.00%
барышней,2,0.00%
дорогах,2,0.00%
волнения,2,0.00%
пересказывать,2,0.00%
ильиничны,2,0.00%
ильиничну,2,0.00%
оставить,2,0.00%
обладательница,2,0.00%
стон,2,0.00%
извинениями,2,0.00%
ильиничне,2,0.00%
пройтись,2,0.00%
убедиться,2,0.00%
иудеев,2,0.00%
запястье,2,0.00%
догонишь,2,0.00%
запястья,2,0.00%
самую,2,0.00%
пользу,2,0.00%
погруженный,2,0.00%
волколакам,2,0.00%
каблуках,2,0.00%
паровую,2,0.00%
исааковиче,2,0.00%
пятый,2,0.00%
сорвал,2,0.00%
сзади,2,0.00%
бандиты,2,0.00%
стремился,2,0.00%
промолчу,2,0.00%
чистоте,2,0.00%
оставила,2,0.00%
свистнуло,2,0.00%
любопытных,2,0.00%
называют,2,0.00%
хриплый,2,0.00%
дорогие,2,0.00%
скупщиков,2,0.00%
слушаю,2,0.00%
сердцах,2,0.00%
ушей,2,0.00%
вульфа,2,0.00%
спрашивайте,2,0.00%
запричитал,2,0.00%
лапу,2,0.00%
результатом,2,0.00%
лапа,2,0.00%
возвращается,2,0.00%
огорошил,2,0.00%
сбоку,2,0.00%
знакомство,2,0.00%
произнесли,2,0.00%
нести,2,0.00%
вытер,2,0.00%
абсолютно,2,0.00%
единственным,2,0.00%
внутренний,2,0.00%
сыновья,2,0.00%
стульев,2,0.00%
грустью,2,0.00%
послал,2,0.00%
моста,2,0.00%
взгляде,2,0.00%
виновато,2,0.00%
виноваты,2,0.00%
подозрительно,2,0.00%
софию,2,0.00%
осведомлены,2,0.00%
прочла,2,0.00%
спеленали,2,0.00%
живет,2,0.00%
вызывая,2,0.00%
кидаться,2,0.00%
поговорю,2,0.00%
вскинула,2,0.00%
прогнусавила,2,0.00%
запястий,2,0.00%
выпрыгнула,2,0.00%
лаем,2,0.00%
пассажиры,2,0.00%
качала,2,0.00%
прическа,2,0.00%
семену,2,0.00%
холодца,2,0.00%
кабану,2,0.00%
дойдет,2,0.00%
удивлением,2,0.00%
жалоб,2,0.00%
ребенку,2,0.00%
беглый,2,0.00%
яблоки,2,0.00%
злобно,2,0.00%
придёт,2,0.00%
ответит,2,0.00%
просторный,2,0.00%
находилось,2,0.00%
оглядели,2,0.00%
взгляну,2,0.00%
личность,2,0.00%
колотый,2,0.00%
чухова,2,0.00%
отменная,2,0.00%
назову,2,0.00%
правосудие,2,0.00%
сути,2,0.00%
подери,2,0.00%
маседуанъ,2,0.00%
собравшись,2,0.00%
крючка,2,0.00%
батюшки,2,0.00%
мотая,2,0.00%
захлопнулась,2,0.00%
ускорив,2,0.00%
клацнул,2,0.00%
забирают,2,0.00%
лукерью,2,0.00%
цельное,2,0.00%
лукерье,2,0.00%
испуге,2,0.00%
знакомого,2,0.00%
испугу,2,0.00%
отправлю,2,0.00%
собеседнику,2,0.00%
спуститься,2,0.00%
живут,2,0.00%
коллег,2,0.00%
случаи,2,0.00%
милость,2,0.00%
беспорядок,2,0.00%
ветра,2,0.00%
расти,2,0.00%
отправиться,2,0.00%
звонили,2,0.00%
единственное,2,0.00%
пострадала,2,0.00%
мешаю,2,0.00%
дураки,2,0.00%
горожанами,2,0.00%
дурака,2,0.00%
предположить,2,0.00%
наклонила,2,0.00%
порхала,2,0.00%
лбом,2,0.00%
проблемы,2,0.00%
отобедали,2,0.00%
громилой,2,0.00%
вдовы,2,0.00%
требую,2,0.00%
смирно,2,0.00%
форменный,2,0.00%
спустившись,2,0.00%
отнюдь,2,0.00%
скрывается,2,0.00%
предположила,2,0.00%
принадлежал,2,0.00%
текста,2,0.00%
жалобщиков,2,0.00%
показал,2,0.00%
грусти,2,0.00%
пригрел,2,0.00%
наскоро,2,0.00%
ткань,2,0.00%
отобедать,2,0.00%
радовало,2,0.00%
ткани,2,0.00%
радовала,2,0.00%
мелочь,2,0.00%
краше,2,0.00%
морду,2,0.00%
застыл,2,0.00%
свидетелем,2,0.00%
счастливым,2,0.00%
уважаемый,2,0.00%
стенам,2,0.00%
стенах,2,0.00%
отсутствует,2,0.00%
жалел,2,0.00%
боялся,2,0.00%
бегу,2,0.00%
осознал,2,0.00%
форменной,2,0.00%
бега,2,0.00%
набок,2,0.00%
живая,2,0.00%
добрались,2,0.00%
складывает,2,0.00%
загудел,2,0.00%
царившее,2,0.00%
широко,2,0.00%
изводить,2,0.00%
выругавшись,2,0.00%
деревянными,2,0.00%
прутьям,2,0.00%
захлопнула,2,0.00%
обстоятельства,2,0.00%
стараться,2,0.00%
поддакнул,2,0.00%
опоздать,2,0.00%
весна,2,0.00%
позови,2,0.00%
острые,2,0.00%
подивился,2,0.00%
насмешками,2,0.00%
тонко,2,0.00%
весом,2,0.00%
использовав,2,0.00%
трупы,2,0.00%
глянешь,2,0.00%
насилу,2,0.00%
хозяйка,2,0.00%
оценивая,2,0.00%
добр,2,0.00%
крутил,2,0.00%
поволокой,2,0.00%
планиды,2,0.00%
поинтересоваться,2,0.00%
кореньями,2,0.00%
волки,2,0.00%
визжала,2,0.00%
условия,2,0.00%
сладким,2,0.00%
успею,2,0.00%
сложив,2,0.00%
нишу,2,0.00%
толстого,2,0.00%
променады,2,0.00%
пряяяники,2,0.00%
плакала,2,0.00%
воспользовался,2,0.00%
чаю,2,0.00%
чая,2,0.00%
оттолкнул,2,0.00%
меру,2,0.00%
вареньки,2,0.00%
бальзаковского,2,0.00%
беря,2,0.00%
вареньку,2,0.00%
учинил,2,0.00%
нахлынувшей,2,0.00%
полегчает,2,0.00%
полюбопытствовала,2,0.00%
бери,2,0.00%
своём,2,0.00%
мужичок,2,0.00%
стоявшего,2,0.00%
глупый,2,0.00%
стоящих,2,0.00%
москву,2,0.00%
стоящие,2,0.00%
посмурнел,2,0.00%
стоящий,2,0.00%
привезла,2,0.00%
москвы,2,0.00%
обожгло,2,0.00%
городовым,2,0.00%
пульс,2,0.00%
чих,2,0.00%
считать,2,0.00%
защите,2,0.00%
раздумывал,2,0.00%
пота,2,0.00%
мнению,2,0.00%
птица,2,0.00%
настроении,2,0.00%
мнение,2,0.00%
порт,2,0.00%
привык,2,0.00%
птицы,2,0.00%
податься,2,0.00%
спектакль,2,0.00%
намерена,2,0.00%
нищих,2,0.00%
морда,2,0.00%
спасли,2,0.00%
сестру,2,0.00%
слышался,2,0.00%
прошедший,2,0.00%
сестре,2,0.00%
хрупкие,2,0.00%
оконное,2,0.00%
чуткий,2,0.00%
осуществить,2,0.00%
задал,2,0.00%
прошипела,2,0.00%
верха,2,0.00%
борисом,2,0.00%
пропустил,2,0.00%
ртом,2,0.00%
отбыть,2,0.00%
ходить,2,0.00%
двигались,2,0.00%
воздушного,2,0.00%
изображение,2,0.00%
тронете,2,0.00%
уважаемая,2,0.00%
закашлялся,2,0.00%
исакович,2,0.00%
незваный,2,0.00%
разить,2,0.00%
находились,2,0.00%
скрипом,2,0.00%
хрусталь,2,0.00%
выловил,2,0.00%
разглядывал,2,0.00%
позовут,2,0.00%
опустилась,2,0.00%
спустился,2,0.00%
погань,2,0.00%
отобедаем,2,0.00%
выудил,2,0.00%
неоткуда,2,0.00%
ерёмку,2,0.00%
испорченный,2,0.00%
неплохо,2,0.00%
возмутится,2,0.00%
смущать,2,0.00%
возможное,2,0.00%
бородой,2,0.00%
казнят,2,0.00%
вестимо,2,0.00%
неясно,2,0.00%
блокноте,2,0.00%
появиться,2,0.00%
шкаф,2,0.00%
присыпал,2,0.00%
вечерний,2,0.00%
отрицать,2,0.00%
оправдание,2,0.00%
прячась,2,0.00%
находку,2,0.00%
выпал,2,0.00%
успели,2,0.00%
закончила,2,0.00%
получил,2,0.00%
любят,2,0.00%
кулебяку,2,0.00%
должность,2,0.00%
кулебяка,2,0.00%
экипаже,2,0.00%
досталось,2,0.00%
теряя,2,0.00%
сердечный,2,0.00%
каналья,2,0.00%
лучшим,2,0.00%
изумленно,2,0.00%
стоите,2,0.00%
порадовавшись,2,0.00%
смотрителя,2,0.00%
коммутаторе,2,0.00%
выхода,2,0.00%
предвещая,2,0.00%
девиц,2,0.00%
вспомню,2,0.00%
свойски,2,0.00%
ширмой,2,0.00%
появившийся,2,0.00%
обыскивал,2,0.00%
предшественник,2,0.00%
толпу,2,0.00%
ожидании,2,0.00%
освещали,2,0.00%
обняла,2,0.00%
представитель,2,0.00%
представить,2,0.00%
таился,2,0.00%
автор,2,0.00%
привез,2,0.00%
бумагам,2,0.00%
завыл,2,0.00%
несите,2,0.00%
калитку,2,0.00%
получше,2,0.00%
толку,2,0.00%
калитка,2,0.00%
барышне,2,0.00%
сотрудничать,2,0.00%
думая,2,0.00%
думай,2,0.00%
разрешил,2,0.00%
вырвать,2,0.00%
хороша,2,0.00%
бледное,2,0.00%
выпив,2,0.00%
беспокоит,2,0.00%
пред,2,0.00%
посетительница,2,0.00%
кафе,2,0.00%
применил,2,0.00%
обращусь,2,0.00%
знатно,2,0.00%
вылупился,2,0.00%
устроившись,2,0.00%
поглядывая,2,0.00%
любая,2,0.00%
поглядывал,2,0.00%
опасного,2,0.00%
доставил,2,0.00%
выстрелил,2,0.00%
ранен,2,0.00%
сознание,2,0.00%
порадовать,2,0.00%
напала,2,0.00%
явилась,2,0.00%
прям,2,0.00%
прислугой,2,0.00%
счет,2,0.00%
дебош,2,0.00%
спрашиваете,2,0.00%
свидетелях,2,0.00%
справился,2,0.00%
проворчала,2,0.00%
свидания,2,0.00%
подмогу,2,0.00%
шкафах,2,0.00%
нервную,2,0.00%
подмога,2,0.00%
полушки,2,0.00%
завтраком,2,0.00%
штука,2,0.00%
пускал,2,0.00%
провести,2,0.00%
втянула,2,0.00%
момента,2,0.00%
салфетку,2,0.00%
нервное,2,0.00%
пугать,2,0.00%
покажет,2,0.00%
умирай,2,0.00%
глубине,2,0.00%
карие,2,0.00%
терпение,2,0.00%
улицей,2,0.00%
спаситель,2,0.00%
впечатление,2,0.00%
очутился,2,0.00%
одному,2,0.00%
артефакты,2,0.00%
внимательно,2,0.00%
аппетита,2,0.00%
приехал,2,0.00%
приехав,2,0.00%
лезь,2,0.00%
одобрил,2,0.00%
примите,2,0.00%
сердился,2,0.00%
россии,2,0.00%
плечах,2,0.00%
составите,2,0.00%
бородач,2,0.00%
отдать,2,0.00%
отличалась,2,0.00%
причина,2,0.00%
башкой,2,0.00%
аллее,2,0.00%
забыв,2,0.00%
мгновения,2,0.00%
евдокия,2,0.00%
скрипнула,2,0.00%
сторожке,2,0.00%
ушами,2,0.00%
обязана,2,0.00%
расклад,2,0.00%
закончить,2,0.00%
игнатом,2,0.00%
закончит,2,0.00%
года,2,0.00%
заметался,2,0.00%
потупил,2,0.00%
показались,2,0.00%
теперича,2,0.00%
прощание,2,0.00%
скудный,2,0.00%
драку,2,0.00%
понадобился,2,0.00%
драке,2,0.00%
дмитрию,2,0.00%
приглаживая,2,0.00%
открою,2,0.00%
настойки,2,0.00%
семёновну,2,0.00%
метлу,2,0.00%
сквозняк,2,0.00%
удастся,2,0.00%
капор,2,0.00%
гранях,2,0.00%
некоторые,2,0.00%
лета,2,0.00%
насупилась,2,0.00%
требовал,2,0.00%
мероприятия,2,0.00%
затишье,2,0.00%
мить,2,0.00%
жильцы,2,0.00%
окраине,2,0.00%
окраину,2,0.00%
окраины,2,0.00%
молоком,2,0.00%
детское,2,0.00%
злился,2,0.00%
ходоки,2,0.00%
правилам,2,0.00%
злодеев,2,0.00%
ходоку,2,0.00%
спрашивать,2,0.00%
обрадовалась,2,0.00%
чертыхнулся,2,0.00%
венка,2,0.00%
доносилось,2,0.00%
услышать,2,0.00%
оставайтесь,2,0.00%
хлебом,2,0.00%
нахождения,2,0.00%
словом,2,0.00%
утащите,2,0.00%
оставаться,2,0.00%
сопротивления,2,0.00%
требует,2,0.00%
происшествие,2,0.00%
каждая,2,0.00%
отогнать,2,0.00%
таращится,2,0.00%
убиенный,2,0.00%
происшествия,2,0.00%
горошком,2,0.00%
поступлю,2,0.00%
жареные,2,0.00%
кинулись,2,0.00%
ласково,2,0.00%
памятью,2,0.00%
тепле,2,0.00%
еленой,2,0.00%
постараюсь,2,0.00%
долгое,2,0.00%
продолжить,2,0.00%
пасутся,2,0.00%
животный,2,0.00%
птиц,2,0.00%
шерстяных,2,0.00%
засуетилась,2,0.00%
убогий,2,0.00%
словах,2,0.00%
убогих,2,0.00%
боками,2,0.00%
распахнутые,2,0.00%
заключенных,2,0.00%
тонкие,2,0.00%
шумели,2,0.00%
дует,2,0.00%
квашеной,2,0.00%
взашей,2,0.00%
выставим,2,0.00%
гостиной,2,0.00%
подсказку,2,0.00%
грехи,2,0.00%
проходу,2,0.00%
воспользоваться,2,0.00%
заговор,2,0.00%
подсказал,2,0.00%
сухарями,2,0.00%
яблоками,2,0.00%
усопшему,2,0.00%
послушай,2,0.00%
особый,2,0.00%
рубль,2,0.00%
просил,2,0.00%
ведома,2,0.00%
подавала,2,0.00%
перерасти,2,0.00%
подумаю,2,0.00%
сдержалась,2,0.00%
месяц,2,0.00%
приподнял,2,0.00%
подумав,2,0.00%
отпускает,2,0.00%
сигарету,2,0.00%
узреть,2,0.00%
темными,2,0.00%
оставшись,2,0.00%
мостовой,2,0.00%
держалась,2,0.00%
открылась,2,0.00%
тронь,2,0.00%
откликнулись,2,0.00%
кошек,2,0.00%
мостовую,2,0.00%
тонкую,2,0.00%
кувшинками,2,0.00%
скучал,2,0.00%
сухоньким,2,0.00%
следа,2,0.00%
зверю,2,0.00%
пасть,2,0.00%
придирок,2,0.00%
пронзила,2,0.00%
слева,2,0.00%
мальчонку,2,0.00%
встаньте,2,0.00%
тьму,2,0.00%
зашипела,2,0.00%
фарс,2,0.00%
тайнике,2,0.00%
отчеканил,2,0.00%
направляется,2,0.00%
тонкой,2,0.00%
встретившись,2,0.00%
выдохнула,2,0.00%
сумасшедших,2,0.00%
беспокойство,2,0.00%
осматривала,2,0.00%
особой,2,0.00%
металл,2,0.00%
вгрызается,2,0.00%
указав,2,0.00%
узнав,2,0.00%
родине,2,0.00%
адреса,2,0.00%
адресу,2,0.00%
родины,2,0.00%
третьего,2,0.00%
свободу,2,0.00%
служащего,2,0.00%
людьми,2,0.00%
пышными,2,0.00%
велено,2,0.00%
ребятня,2,0.00%
забормотал,2,0.00%
открыла,2,0.00%
кудай,2,0.00%
персонал,2,0.00%
привлекло,2,0.00%
повернуть,2,0.00%
глоток,2,0.00%
некая,2,0.00%
бесед,2,0.00%
савелия,2,0.00%
официально,2,0.00%
открыта,2,0.00%
даром,2,0.00%
шелковые,2,0.00%
воздуха,2,0.00%
штраф,2,0.00%
проследуйте,2,0.00%
простуда,2,0.00%
съел,2,0.00%
отходя,2,0.00%
влетел,2,0.00%
приходила,2,0.00%
скупщика,2,0.00%
фабриканта,2,0.00%
наследству,2,0.00%
приоткрыта,2,0.00%
постоять,2,0.00%
следили,2,0.00%
увольте,2,0.00%
связан,2,0.00%
оказавшись,2,0.00%
бывала,2,0.00%
потолок,2,0.00%
мурина,2,0.00%
велик,2,0.00%
шутка,2,0.00%
работай,2,0.00%
ближайшую,2,0.00%
дерево,2,0.00%
уехать,2,0.00%
стальным,2,0.00%
сотрудник,2,0.00%
кондуктора,2,0.00%
больницы,2,0.00%
больница,2,0.00%
шуток,2,0.00%
появятся,2,0.00%
маковой,2,0.00%
федька,2,0.00%
воля,2,0.00%
фразу,2,0.00%
паром,2,0.00%
русски,2,0.00%
авось,2,0.00%
одними,2,0.00%
писакам,2,0.00%
уехала,2,0.00%
искра,2,0.00%
проехать,2,0.00%
висела,2,0.00%
дерева,2,0.00%
парни,2,0.00%
согласно,2,0.00%
франт,2,0.00%
прибудет,2,0.00%
слышать,2,0.00%
парку,2,0.00%
ножи,2,0.00%
подождите,2,0.00%
мертв,2,0.00%
ноет,2,0.00%
неприятности,2,0.00%
решились,2,0.00%
заметит,2,0.00%
неприятность,2,0.00%
земля,2,0.00%
обнаружили,2,0.00%
легкая,2,0.00%
служащая,2,0.00%
разумеется,2,0.00%
счеты,2,0.00%
намекая,2,0.00%
кабинетам,2,0.00%
камин,2,0.00%
крыша,2,0.00%
решит,2,0.00%
заявилась,2,0.00%
решим,2,0.00%
чертовски,2,0.00%
профессия,2,0.00%
клоками,2,0.00%
свист,2,0.00%
начинают,2,0.00%
станционного,2,0.00%
лифт,2,0.00%
особому,2,0.00%
вдогонку,2,0.00%
минимум,2,0.00%
новом,2,0.00%
прошествовал,2,0.00%
усомнился,2,0.00%
изумился,2,0.00%
настроил,2,0.00%
заломила,2,0.00%
пожелтели,2,0.00%
санитаров,2,0.00%
наслышан,2,0.00%
прогуливался,2,0.00%
жертвой,2,0.00%
ведром,2,0.00%
закона,2,0.00%
совпадения,2,0.00%
ничему,2,0.00%
перцем,2,0.00%
злясь,2,0.00%
сжимал,2,0.00%
прибраться,2,0.00%
пряди,2,0.00%
разрешения,2,0.00%
подобную,2,0.00%
повысил,2,0.00%
сетуя,2,0.00%
проронив,2,0.00%
отцу,2,0.00%
повесив,2,0.00%
клацая,2,0.00%
ужина,2,0.00%
задрали,2,0.00%
ужину,2,0.00%
подобное,2,0.00%
створку,2,0.00%
мутное,2,0.00%
удовольствием,2,0.00%
проснулся,2,0.00%
берег,2,0.00%
засопел,2,0.00%
легкий,2,0.00%
открывай,2,0.00%
исааковичем,2,0.00%
дрожащий,2,0.00%
начинать,2,0.00%
шмыгнула,2,0.00%
поручение,2,0.00%
поручения,2,0.00%
огляжусь,2,0.00%
легкое,2,0.00%
рубахи,2,0.00%
якобы,2,0.00%
оглянулась,2,0.00%
незнакомца,2,0.00%
пометку,2,0.00%
пролетел,2,0.00%
водитель,2,0.00%
воскрес,2,0.00%
лукавите,2,0.00%
степени,2,0.00%
затылок,2,0.00%
закрыть,2,0.00%
полотно,2,0.00%
малейшего,2,0.00%
узнает,2,0.00%
дышать,2,0.00%
узнаем,2,0.00%
судаков,2,0.00%
витал,2,0.00%
избежать,2,0.00%
казематы,2,0.00%
щеками,2,0.00%
тухлятина,2,0.00%
стеклышко,2,0.00%
разум,2,0.00%
молчании,2,0.00%
взору,2,0.00%
постучался,2,0.00%
кормит,2,0.00%
картины,2,0.00%
действовали,2,0.00%
незнакомка,2,0.00%
разом,2,0.00%
коснулась,2,0.00%
переулке,2,0.00%
завернул,2,0.00%
истоков,2,0.00%
гулом,2,0.00%
походя,2,0.00%
спорю,2,0.00%
зелья,2,0.00%
взялась,2,0.00%
мундире,2,0.00%
шустрее,2,0.00%
густой,2,0.00%
плоть,2,0.00%
приключений,2,0.00%
принесли,2,0.00%
помогают,2,0.00%
телег,2,0.00%
шрам,2,0.00%
кургузым,2,0.00%
вагоны,2,0.00%
зельем,2,0.00%
обладает,2,0.00%
вагону,2,0.00%
собака,2,0.00%
собаку,2,0.00%
почто,2,0.00%
дотянулся,2,0.00%
потери,2,0.00%
брусчатку,2,0.00%
занята,2,0.00%
поздний,2,0.00%
проводником,2,0.00%
зеваки,2,0.00%
фамилия,2,0.00%
начиная,2,0.00%
площадь,2,0.00%
застонал,2,0.00%
помогать,2,0.00%
лечебницу,2,0.00%
дошли,2,0.00%
молчала,2,0.00%
сдобы,2,0.00%
чудища,2,0.00%
твари,2,0.00%
видала,2,0.00%
освободился,2,0.00%
гимназию,2,0.00%
убью,2,0.00%
боже,2,0.00%
оставлять,2,0.00%
налились,2,0.00%
советую,2,0.00%
везут,2,0.00%
далекие,2,0.00%
замечать,2,0.00%
бывают,2,0.00%
замерев,2,0.00%
причудливые,2,0.00%
зазвонил,2,0.00%
представителей,2,0.00%
удача,2,0.00%
удачи,2,0.00%
видать,2,0.00%
затемно,2,0.00%
косому,2,0.00%
следующему,2,0.00%
почитайте,2,0.00%
починить,2,0.00%
кончилось,2,0.00%
слабо,2,0.00%
империи,2,0.00%
юбку,2,0.00%
устроили,2,0.00%
виску,2,0.00%
тучный,2,0.00%
рассказала,2,0.00%
серой,2,0.00%
механического,2,0.00%
рыба,2,0.00%
фужер,2,0.00%
прокопович,2,0.00%
жужжали,2,0.00%
проник,2,0.00%
домашних,2,0.00%
прошипел,2,0.00%
жалоба,2,0.00%
паутину,2,0.00%
дальней,2,0.00%
полнились,2,0.00%
поздно,2,0.00%
поблескивая,2,0.00%
зеркальная,2,0.00%
алло,2,0.00%
забыла,2,0.00%
фонари,2,0.00%
незнакомый,2,0.00%
брови,2,0.00%
располагалась,2,0.00%
старушке,2,0.00%
покойного,2,0.00%
давала,2,0.00%
черными,2,0.00%
понравилось,2,0.00%
разговоров,2,0.00%
заливного,2,0.00%
согласится,2,0.00%
мозги,2,0.00%
появления,2,0.00%
поделать,2,0.00%
здоровьица,2,0.00%
боки,2,0.00%
бока,2,0.00%
моим,2,0.00%
придумав,2,0.00%
выйдите,2,0.00%
прогулка,2,0.00%
прогулки,2,0.00%
правом,2,0.00%
придумывать,2,0.00%
корова,2,0.00%
связаться,2,0.00%
бывшего,2,0.00%
конторки,2,0.00%
конторке,2,0.00%
чертыхнувшись,2,0.00%
посыльного,2,0.00%
прикрикивая,2,0.00%
ахали,2,0.00%
передумал,2,0.00%
унисон,2,0.00%
нашла,2,0.00%
кофейный,2,0.00%
переходного,2,0.00%
молодец,2,0.00%
заведения,2,0.00%
висках,2,0.00%
отвечайте,2,0.00%
вариантов,2,0.00%
котел,2,0.00%
братьев,2,0.00%
зеркальщика,2,0.00%
молодая,2,0.00%
свела,2,0.00%
удивляться,2,0.00%
связанной,2,0.00%
всяк,2,0.00%
нарушении,2,0.00%
пропуская,2,0.00%
удавился,2,0.00%
список,2,0.00%
знаком,2,0.00%
кинуться,2,0.00%
побоялся,2,0.00%
приёмной,2,0.00%
правую,2,0.00%
спросите,2,0.00%
мысленно,2,0.00%
поверхности,2,0.00%
расположились,2,0.00%
связанную,2,0.00%
передал,2,0.00%
молодые,2,0.00%
приближаясь,2,0.00%
выставить,2,0.00%
просьбу,2,0.00%
варианта,2,0.00%
подышу,2,0.00%
щурясь,2,0.00%
везде,2,0.00%
оставалась,2,0.00%
зеркальщица,2,0.00%
молодца,2,0.00%
набрал,2,0.00%
приезжая,2,0.00%
порядки,2,0.00%
хворь,2,0.00%
лечение,2,0.00%
нервозность,2,0.00%
сумеет,2,0.00%
недовольство,2,0.00%
каково,2,0.00%
отказываться,2,0.00%
поглаживая,2,0.00%
приподнимая,2,0.00%
опустив,2,0.00%
посадил,2,0.00%
показания,2,0.00%
костей,2,0.00%
колдовство,2,0.00%
свечи,2,0.00%
детстве,2,0.00%
удивлюсь,2,0.00%
нарушил,2,0.00%
хмыкнув,2,0.00%
ухватить,2,0.00%
отличался,2,0.00%
корнем,2,0.00%
повозки,2,0.00%
внешность,2,0.00%
неверно,2,0.00%
подъем,2,0.00%
оттесняя,2,0.00%
болотная,2,0.00%
батистовый,2,0.00%
насторожился,2,0.00%
оппонента,2,0.00%
перста,2,0.00%
разбитых,2,0.00%
зарычал,2,0.00%
собакиным,2,0.00%
обернуться,2,0.00%
заключённых,2,0.00%
документ,2,0.00%
доложит,2,0.00%
разбитое,2,0.00%
стуча,2,0.00%
старьевщика,2,0.00%
решеткой,2,0.00%
потемнело,2,0.00%
разбираться,2,0.00%
ошибка,2,0.00%
вспомнить,2,0.00%
охнул,2,0.00%
охнув,2,0.00%
теплом,2,0.00%
подчинённые,2,0.00%
показалась,2,0.00%
начищенным,2,0.00%
действовать,2,0.00%
палаты,2,0.00%
пролет,2,0.00%
лавок,2,0.00%
покрутив,2,0.00%
проводите,2,0.00%
абы,2,0.00%
владеет,2,0.00%
помните,2,0.00%
криком,2,0.00%
сверток,2,0.00%
паразит,2,0.00%
валялся,2,0.00%
волшебных,2,0.00%
грибами,2,0.00%
указание,2,0.00%
цокнул,2,0.00%
обстановку,2,0.00%
грохотом,2,0.00%
около,2,0.00%
растрепались,2,0.00%
белых,2,0.00%
реальность,2,0.00%
класса,2,0.00%
привести,2,0.00%
облаков,2,0.00%
шляпки,2,0.00%
полосы,2,0.00%
шляпке,2,0.00%
золотой,2,0.00%
шума,2,0.00%
короба,2,0.00%
коробы,2,0.00%
проникнуть,2,0.00%
указания,2,0.00%
выпуск,2,0.00%
прессу,2,0.00%
городке,2,0.00%
двинулась,2,0.00%
придавая,2,0.00%
окнах,2,0.00%
обошел,2,0.00%
путешествие,2,0.00%
прикрикнуть,2,0.00%
умерла,2,0.00%
кристалл,2,0.00%
шумом,2,0.00%
окрики,2,0.00%
весной,2,0.00%
оделся,2,0.00%
начнем,2,0.00%
путешествия,2,0.00%
побрал,2,0.00%
заговорил,2,0.00%
поспешили,2,0.00%
поликарповича,2,0.00%
немедля,2,0.00%
случайно,2,0.00%
дернула,2,0.00%
филе,2,0.00%
ползунову,2,0.00%
скривил,2,0.00%
осмотрела,2,0.00%
поликарповичу,2,0.00%
дергайся,2,0.00%
притулился,2,0.00%
выпятив,2,0.00%
сдавайтесь,2,0.00%
ведаю,2,0.00%
помрет,2,0.00%
перейти,2,0.00%
отворачиваясь,2,0.00%
накапал,2,0.00%
копыт,2,0.00%
идут,2,0.00%
виной,2,0.00%
зверем,2,0.00%
продолжать,2,0.00%
зверей,2,0.00%
театрально,2,0.00%
поволока,2,0.00%
ильиничной,2,0.00%
бес,2,0.00%
направление,2,0.00%
локон,2,0.00%
загудели,2,0.00%
наблюдая,2,0.00%
пустыми,2,0.00%
молитвы,2,0.00%
молитву,2,0.00%
раскланялся,2,0.00%
городовому,2,0.00%
отдал,2,0.00%
супруг,2,0.00%
хозяином,2,0.00%
крупным,2,0.00%
закрывай,2,0.00%
горазд,2,0.00%
сфокусироваться,2,0.00%
холодные,2,0.00%
крупному,2,0.00%
коров,2,0.00%
раздражением,2,0.00%
тревога,2,0.00%
делайте,2,0.00%
садясь,2,0.00%
семье,2,0.00%
истину,2,0.00%
накидку,2,0.00%
возмущенно,2,0.00%
вынырнул,2,0.00%
слабость,2,0.00%
выпустил,2,0.00%
умысла,2,0.00%
бедолага,2,0.00%
митин,2,0.00%
бедолагу,2,0.00%
отвлекать,2,0.00%
проследовал,2,0.00%
господину,2,0.00%
остановив,2,0.00%
резанул,2,0.00%
сдавался,2,0.00%
взирала,2,0.00%
грязь,2,0.00%
вдохнув,2,0.00%
выглядите,2,0.00%
спины,2,0.00%
становится,2,0.00%
преимущество,2,0.00%
начальнику,2,0.00%
совестно,2,0.00%
сверкнув,2,0.00%
выставляя,2,0.00%
достигла,2,0.00%
камешек,2,0.00%
блюдце,2,0.00%
действия,2,0.00%
васильевна,2,0.00%
пыли,2,0.00%
твоя,2,0.00%
уводят,2,0.00%
кирпичная,2,0.00%
церковь,2,0.00%
перепуганных,2,0.00%
перелом,2,0.00%
пожаловали,2,0.00%
вызови,2,0.00%
наводит,2,0.00%
походил,2,0.00%
пьет,2,0.00%
числе,2,0.00%
усадил,2,0.00%
удовольствие,2,0.00%
ожидать,2,0.00%
погрустнела,2,0.00%
дайте,2,0.00%
тяжелее,2,0.00%
вдаль,2,0.00%
исчезли,2,0.00%
ряды,2,0.00%
неловко,2,0.00%
задумчивым,2,0.00%
дурные,2,0.00%
больного,2,0.00%
является,2,0.00%
гудками,2,0.00%
вне,2,0.00%
роман,2,0.00%
вскочив,2,0.00%
нормальной,2,0.00%
опыта,2,0.00%
выступивший,2,0.00%
ужас,2,0.00%
намерен,2,0.00%
неугомонная,2,0.00%
кирпичной,2,0.00%
поедете,2,0.00%
выступившие,2,0.00%
выглянул,2,0.00%
пышки,2,0.00%
переходить,2,0.00%
отужинав,2,0.00%
ругань,2,0.00%
подозревал,2,0.00%
няньки,2,0.00%
почтарь,2,0.00%
кармашка,2,0.00%
подъемник,2,0.00%
ароматом,2,0.00%
мешком,2,0.00%
двора,2,0.00%
жалобилась,2,0.00%
витает,2,0.00%
корабль,2,0.00%
подмигнув,2,0.00%
воздухом,2,0.00%
протоколу,2,0.00%
замолчал,2,0.00%
громче,2,0.00%
умельцы,2,0.00%
петушков,2,0.00%
поблескивали,2,0.00%
хвостом,2,0.00%
когтями,2,0.00%
поблескивала,2,0.00%
праздничный,2,0.00%
вывеску,2,0.00%
встретив,2,0.00%
напряжении,2,0.00%
обратив,2,0.00%
причин,2,0.00%
витали,2,0.00%
порту,2,0.00%
волосах,2,0.00%
доску,2,0.00%
двоих,2,0.00%
грустить,2,0.00%
жертве,2,0.00%
ухожу,2,0.00%
размышлять,2,0.00%
сбивая,2,0.00%
приезда,2,0.00%
чистой,2,0.00%
исполняющий,2,0.00%
важное,2,0.00%
борода,2,0.00%
бороде,2,0.00%
представляете,2,0.00%
откель,2,0.00%
продавал,2,0.00%
навещать,2,0.00%
прохожие,2,0.00%
приключилось,2,0.00%
серьезный,2,0.00%
начальство,2,0.00%
серьезным,2,0.00%
начальства,2,0.00%
кощунство,2,0.00%
головами,2,0.00%
пьян,2,0.00%
пропажи,2,0.00%
мухи,2,0.00%
ждите,2,0.00%
варенье,2,0.00%
появлялись,2,0.00%
принять,2,0.00%
присутствие,2,0.00%
упасть,2,0.00%
узел,2,0.00%
нехорошо,2,0.00%
приступим,2,0.00%
травил,2,0.00%
разбирается,2,0.00%
столика,2,0.00%
сейфа,2,0.00%
сдернула,2,0.00%
образовались,2,0.00%
кушетку,2,0.00%
бывший,2,0.00%
сошлись,2,0.00%
убивают,2,0.00%
полицейского,2,0.00%
купить,2,0.00%
братьями,2,0.00%
кожу,2,0.00%
извиниться,2,0.00%
крошки,2,0.00%
царстве,2,0.00%
крошка,2,0.00%
секрет,2,0.00%
застряли,2,0.00%
освещая,2,0.00%
чистую,2,0.00%
кругу,2,0.00%
записей,2,0.00%
светлее,2,0.00%
крещенского,2,0.00%
пригласить,2,0.00%
силами,2,0.00%
репса,2,0.00%
перешептывались,2,0.00%
дорожное,2,0.00%
прошлого,2,0.00%
входная,2,0.00%
отобрал,2,0.00%
зашептал,2,0.00%
помнил,2,0.00%
плеснув,2,0.00%
женский,2,0.00%
страницы,2,0.00%
служит,2,0.00%
конце,2,0.00%
мелодию,2,0.00%
присутствующие,2,0.00%
держала,2,0.00%
дно,2,0.00%
подносом,2,0.00%
дну,2,0.00%
светлый,2,0.00%
дни,2,0.00%
госпожи,2,0.00%
бывшую,2,0.00%
теми,2,0.00%
сходит,2,0.00%
осматривая,2,0.00%
хожу,2,0.00%
сходил,2,0.00%
гудки,2,0.00%
службу,2,0.00%
поглубже,2,0.00%
оскользнулся,2,0.00%
разыщи,2,0.00%
косы,2,0.00%
грустными,2,0.00%
умирающим,2,0.00%
выудила,2,0.00%
плодов,2,0.00%
растирая,2,0.00%
удержался,2,0.00%
поглядел,2,0.00%
вездесущего,2,0.00%
лишняя,2,0.00%
мурин,2,0.00%
вышедший,2,0.00%
снаружи,2,0.00%
вставать,2,0.00%
подчиненной,2,0.00%
дяденька,2,0.00%
свят,2,0.00%
блеснула,2,0.00%
таращиться,2,0.00%
обещали,2,0.00%
разговорами,2,0.00%
дым,2,0.00%
враги,2,0.00%
шепнул,2,0.00%
приболела,2,0.00%
минуты,2,0.00%
занимала,2,0.00%
машин,2,0.00%
светло,2,0.00%
одиночку,2,0.00%
прожектора,2,0.00%
попросила,2,0.00%
готовился,2,0.00%
каминную,2,0.00%
водохранилищу,2,0.00%
армия,2,0.00%
еде,2,0.00%
подвигал,2,0.00%
терпеть,2,0.00%
крадучись,2,0.00%
перекрестилась,2,0.00%
голубыми,2,0.00%
складов,2,0.00%
вмешательства,2,0.00%
говядина,2,0.00%
очнется,2,0.00%
парадной,2,0.00%
стоим,2,0.00%
стащить,2,0.00%
принимайте,2,0.00%
облегчением,2,0.00%
рассыпались,2,0.00%
портить,2,0.00%
сутки,2,0.00%
попутал,2,0.00%
замотал,2,0.00%
изгои,2,0.00%
бесценную,2,0.00%
звонка,2,0.00%
поздоровался,2,0.00%
еремки,2,0.00%
позабыть,2,0.00%
отправила,2,0.00%
полицией,2,0.00%
пирожок,2,0.00%
чудного,2,0.00%
разу,2,0.00%
работает,2,0.00%
обращать,2,0.00%
работаем,2,0.00%
раза,2,0.00%
потерпите,2,0.00%
грядет,2,0.00%
покупатель,2,0.00%
рядышком,2,0.00%
попав,2,0.00%
попал,2,0.00%
мальцу,2,0.00%
плечу,2,0.00%
холле,2,0.00%
покраснела,2,0.00%
холод,2,0.00%
обращал,2,0.00%
отодвинул,2,0.00%
третьи,2,0.00%
ещё,2,0.00%
обшарпанным,2,0.00%
слетела,2,0.00%
ждем,2,0.00%
сновали,2,0.00%
вернул,2,0.00%
вытрясем,2,0.00%
подделать,2,0.00%
успевает,2,0.00%
данного,2,0.00%
заставила,2,0.00%
вызывали,2,0.00%
дрогнул,2,0.00%
готовит,2,0.00%
переступая,2,0.00%
многолюдно,2,0.00%
телеги,2,0.00%
жар,2,0.00%
решившись,2,0.00%
жди,2,0.00%
загляну,2,0.00%
протянув,2,0.00%
ощутила,2,0.00%
немедленно,2,0.00%
жду,2,0.00%
лука,2,0.00%
назвали,2,0.00%
справиться,2,0.00%
бревно,2,0.00%
достиг,2,0.00%
напугал,2,0.00%
память,2,0.00%
регистрацию,2,0.00%
дождался,2,0.00%
мрачнее,2,0.00%
испоганил,2,0.00%
лодке,2,0.00%
волком,2,0.00%
крышка,2,0.00%
появлялась,2,0.00%
аптеке,2,0.00%
тянет,2,0.00%
перекрестился,2,0.00%
жалеть,2,0.00%
коллегой,2,0.00%
регистрации,2,0.00%
весеннее,2,0.00%
наименований,2,0.00%
вырываться,2,0.00%
опробуйте,2,0.00%
горели,2,0.00%
морщился,2,0.00%
выкрикнув,2,0.00%
пропиталась,2,0.00%
окружении,2,0.00%
отыскали,2,0.00%
защелки,2,0.00%
направив,2,0.00%
ручки,2,0.00%
недовольная,2,0.00%
архиве,2,0.00%
добравшись,2,0.00%
похлопал,2,0.00%
икры,2,0.00%
справки,2,0.00%
схватив,2,0.00%
стерляжья,2,0.00%
переступив,2,0.00%
потрепав,2,0.00%
клянусь,2,0.00%
вернусь,2,0.00%
схватки,2,0.00%
крут,2,0.00%
проулок,2,0.00%
тянул,2,0.00%
касается,2,0.00%
фото,2,0.00%
явление,2,0.00%
шлепнулся,2,0.00%
затрещало,2,0.00%
ранить,2,0.00%
трава,2,0.00%
прижимая,2,0.00%
бинты,2,0.00%
казнили,2,0.00%
семейство,2,0.00%
горячего,2,0.00%
зев,2,0.00%
лобастой,2,0.00%
тревожно,2,0.00%
лязгнуло,2,0.00%
супом,2,0.00%
вздохнули,2,0.00%
известие,2,0.00%
оглянулся,2,0.00%
чистотой,2,0.00%
случаем,2,0.00%
бегает,2,0.00%
мальчишек,2,0.00%
ведьминого,2,0.00%
зла,2,0.00%
заинтересованные,2,0.00%
воровским,2,0.00%
тарелку,2,0.00%
вздохнуть,2,0.00%
глубокие,2,0.00%
отказал,2,0.00%
недоброжелатели,2,0.00%
кругах,2,0.00%
сестрица,2,0.00%
сеть,2,0.00%
потасовку,2,0.00%
неподалеку,2,0.00%
зуб,2,0.00%
бегали,2,0.00%
свободный,2,0.00%
пробежала,2,0.00%
клетчатый,2,0.00%
виновны,2,0.00%
времена,2,0.00%
инструмент,2,0.00%
арестуйте,2,0.00%
вредитель,2,0.00%
сели,2,0.00%
фоне,2,0.00%
центре,2,0.00%
бутыли,2,0.00%
совершено,2,0.00%
шапки,2,0.00%
поприветствовал,2,0.00%
бутыль,2,0.00%
главная,2,0.00%
сняла,2,0.00%
забором,2,0.00%
марселем,2,0.00%
оборотне,2,0.00%
дощатом,2,0.00%
патока,2,0.00%
воспоминания,2,0.00%
показывать,2,0.00%
обещая,2,0.00%
пояснила,2,0.00%
волнует,2,0.00%
облегченно,2,0.00%
двойник,2,0.00%
прислушиваясь,2,0.00%
сидишь,2,0.00%
рылом,2,0.00%
лукерьей,2,0.00%
служивый,2,0.00%
чертыхаясь,2,0.00%
прикрикнул,2,0.00%
выше,2,0.00%
унесло,2,0.00%
сплетая,2,0.00%
камнем,2,0.00%
имен,2,0.00%
разузнайте,2,0.00%
покачав,2,0.00%
брешешь,2,0.00%
оказывается,2,0.00%
шестой,2,0.00%
соседку,2,0.00%
затеи,2,0.00%
песок,2,0.00%
ловил,2,0.00%
явился,2,0.00%
уловить,2,0.00%
бегут,2,0.00%
здоровую,2,0.00%
притих,2,0.00%
заведениям,2,0.00%
намекаете,2,0.00%
помер,2,0.00%
утонул,2,0.00%
решетке,2,0.00%
дара,2,0.00%
доносился,2,0.00%
праздник,2,0.00%
решетку,2,0.00%
жалобно,2,0.00%
дворами,2,0.00%
объявила,2,0.00%
приступить,2,0.00%
посидит,2,0.00%
лихачи,2,0.00%
уловила,2,0.00%
даме,2,0.00%
кепка,2,0.00%
кепке,2,0.00%
домов,2,0.00%
кепку,2,0.00%
входящих,2,0.00%
умолк,2,0.00%
ищи,2,0.00%
отдохни,2,0.00%
фуражка,2,0.00%
неслышно,2,0.00%
приобретая,2,0.00%
подевали,2,0.00%
бессилен,2,0.00%
поддеть,2,0.00%
обещал,2,0.00%
понимать,2,0.00%
улочек,2,0.00%
прикрылся,2,0.00%
прилавком,2,0.00%
утренний,2,0.00%
старого,2,0.00%
экое,2,0.00%
пледом,2,0.00%
видят,2,0.00%
долгу,2,0.00%
пацанва,2,0.00%
бывал,2,0.00%
вторых,2,0.00%
поверить,2,0.00%
убийства,2,0.00%
незнамо,2,0.00%
пытаться,2,0.00%
территорию,2,0.00%
балаган,2,0.00%
охранником,2,0.00%
плюнул,2,0.00%
лезть,2,0.00%
приближаться,2,0.00%
очков,2,0.00%
переставая,2,0.00%
отпуская,2,0.00%
давал,2,0.00%
фрюи,2,0.00%
перебирая,2,0.00%
душегуб,2,0.00%
синим,2,0.00%
синий,2,0.00%
сводили,2,0.00%
дразня,2,0.00%
власти,2,0.00%
вестибюль,2,0.00%
синем,2,0.00%
скуле,2,0.00%
феофану,2,0.00%
метнулась,2,0.00%
просителей,2,0.00%
щелкнув,2,0.00%
утопленники,2,0.00%
задохнулся,2,0.00%
мурашки,2,0.00%
доселе,2,0.00%
дядька,2,0.00%
сединой,2,0.00%
подойдите,2,0.00%
мундштук,2,0.00%
сбыться,2,0.00%
вдовой,2,0.00%
соприкоснулись,2,0.00%
унес,2,0.00%
испуганно,2,0.00%
болезная,2,0.00%
митрофан,2,0.00%
лисой,2,0.00%
помощнику,2,0.00%
стражей,2,0.00%
статьи,2,0.00%
иные,2,0.00%
смейтесь,2,0.00%
болезной,2,0.00%
милая,2,0.00%
мыслях,2,0.00%
сверкнула,2,0.00%
вторую,2,0.00%
оборачиваясь,2,0.00%
пробыл,2,0.00%
сердитым,2,0.00%
юном,2,0.00%
седой,2,0.00%
окомотографе,2,0.00%
уйдет,2,0.00%
встречу,2,0.00%
хозяева,2,0.00%
излишне,2,0.00%
встреча,2,0.00%
алыми,2,0.00%
ткнув,2,0.00%
свисток,2,0.00%
реки,2,0.00%
палочках,2,0.00%
грозит,2,0.00%
столовую,2,0.00%
страху,2,0.00%
глядишь,2,0.00%
жили,2,0.00%
горле,2,0.00%
уснуть,2,0.00%
покажи,2,0.00%
глядите,2,0.00%
лежали,2,0.00%
сойдет,2,0.00%
лежала,2,0.00%
сунула,2,0.00%
понадобилось,2,0.00%
приличные,2,0.00%
старухе,2,0.00%
сумки,2,0.00%
развернув,2,0.00%
жижу,2,0.00%
приглашая,2,0.00%
зальцману,2,0.00%
сюртуком,2,0.00%
кончик,2,0.00%
браслетами,2,0.00%
упав,2,0.00%
парнишки,2,0.00%
встать,2,0.00%
выпускал,2,0.00%
парнишку,2,0.00%
кой,2,0.00%
живу,2,0.00%
рассказывают,2,0.00%
напраслину,2,0.00%
отыщу,2,0.00%
буквы,2,0.00%
лежит,2,0.00%
прилавок,2,0.00%
нигде,2,0.00%
тошно,2,0.00%
расскажи,2,0.00%
задрав,2,0.00%
прыжке,2,0.00%
дерет,2,0.00%
александровной,2,0.00%
слушает,2,0.00%
пишут,2,0.00%
песком,2,0.00%
болтался,2,0.00%
плача,2,0.00%
зайдусь,2,0.00%
закрутил,2,0.00%
оружия,2,0.00%
гильдии,2,0.00%
клетку,2,0.00%
лошади,2,0.00%
клетке,2,0.00%
полотенце,2,0.00%
тощий,2,0.00%
мыло,2,0.00%
злые,2,0.00%
побольше,2,0.00%
простил,2,0.00%
простит,2,0.00%
юлите,2,0.00%
этакого,2,0.00%
двое,2,0.00%
курносый,2,0.00%
околоток,2,0.00%
встречал,2,0.00%
заклятье,2,0.00%
яств,2,0.00%
сложившейся,2,0.00%
поверишь,2,0.00%
преграду,2,0.00%
пламя,2,0.00%
зерцала,2,0.00%
маратовичем,2,0.00%
лепестков,2,0.00%
слышим,2,0.00%
сметая,2,0.00%
вернутся,2,0.00%
принимать,2,0.00%
пассажиров,2,0.00%
подвеске,2,0.00%
шираза,2,0.00%
лед,2,0.00%
забрать,2,0.00%
подернулась,2,0.00%
взглядов,2,0.00%
несчастная,2,0.00%
ринулся,2,0.00%
темного,2,0.00%
часов,2,0.00%
глядеть,2,0.00%
местного,2,0.00%
лиц,2,0.00%
крепких,2,0.00%
крепкий,2,0.00%
щами,2,0.00%
арестовать,2,0.00%
доступны,2,0.00%
повторить,2,0.00%
случайность,2,0.00%
травами,2,0.00%
утопнуть,2,0.00%
окаянная,2,0.00%
пройдите,2,0.00%
гулкие,2,0.00%
познакомились,2,0.00%
оставленные,2,0.00%
принимает,2,0.00%
настоя,2,0.00%
огорчили,2,0.00%
лук,2,0.00%
великой,2,0.00%
притронувшись,2,0.00%
луж,2,0.00%
заметь,2,0.00%
листок,2,0.00%
возвращайтесь,2,0.00%
несчастной,2,0.00%
темным,2,0.00%
переходное,2,0.00%
кожей,2,0.00%
оправдываться,2,0.00%
краснея,2,0.00%
статуэтка,2,0.00%
смысле,2,0.00%
мальчиком,2,0.00%
статуэтку,2,0.00%
взмолилась,2,0.00%
получишь,2,0.00%
уводя,2,0.00%
прятал,2,0.00%
украшение,2,0.00%
украшений,2,0.00%
несчастную,2,0.00%
достать,2,0.00%
остальные,2,0.00%
остальным,2,0.00%
перекусить,2,0.00%
остальных,2,0.00%
поищи,2,0.00%
намек,2,0.00%
предметов,2,0.00%
отпечаток,2,0.00%
получить,2,0.00%
темную,2,0.00%
рассек,2,0.00%
ключи,2,0.00%
кухни,2,0.00%
кланяйся,2,0.00%
пузыри,2,0.00%
расплатился,2,0.00%
мал,2,0.00%
меблированные,2,0.00%
рукопожатие,2,0.00%
отрапортовал,2,0.00%
дорогого,2,0.00%
хищника,2,0.00%
кончится,2,0.00%
звучали,2,0.00%
собираться,2,0.00%
принимаю,2,0.00%
приходится,2,0.00%
рассказывайте,2,0.00%
излить,2,0.00%
напрягся,2,0.00%
ходят,2,0.00%
напугали,2,0.00%
высокие,2,0.00%
леденцами,2,0.00%
громилу,2,0.00%
дальнейшей,2,0.00%
занял,2,0.00%
вцепившись,2,0.00%
заметили,2,0.00%
услышав,2,0.00%
перчатка,2,0.00%
открытым,2,0.00%
слухи,2,0.00%
говоря,2,0.00%
каплунов,2,0.00%
отправится,2,0.00%
городским,2,0.00%
горожанка,2,0.00%
злого,2,0.00%
залезть,2,0.00%
трубки,2,0.00%
металлу,2,0.00%
голодным,2,0.00%
стянула,2,0.00%
бьют,2,0.00%
воспоминаниях,2,0.00%
заперта,2,0.00%
мня,2,0.00%
размазывая,2,0.00%
сравнению,2,0.00%
ходит,2,0.00%
рукоять,2,0.00%
пережитого,2,0.00%
ненароком,2,0.00%
смотрели,2,0.00%
ирод,2,0.00%
расстаралась,2,0.00%
кашлял,2,0.00%
городская,2,0.00%
искренне,2,0.00%
опрос,2,0.00%
остальное,2,0.00%
разговора,2,0.00%
заныл,2,0.00%
безлюдно,2,0.00%
судьба,2,0.00%
твоего,2,0.00%
судьбы,2,0.00%
потянул,2,0.00%
брызнули,2,0.00%
судьбу,2,0.00%
пудрой,2,0.00%
добрыми,2,0.00%
мягким,2,0.00%
позволительно,2,0.00%
показали,2,0.00%
мазнул,2,0.00%
падали,2,0.00%
собрав,2,0.00%
арест,2,0.00%
пучок,2,0.00%
наблюдением,2,0.00%
собрал,2,0.00%
росинки,2,0.00%
делается,2,0.00%
мешала,2,0.00%
проем,2,0.00%
мешало,2,0.00%
образовалась,2,0.00%
расправу,2,0.00%
задавая,2,0.00%
шептала,2,0.00%
шептали,2,0.00%
дежурного,2,0.00%
повредить,2,0.00%
развернулась,2,0.00%
добрался,2,0.00%
апартаменты,2,0.00%
стояло,2,0.00%
раздумий,2,0.00%
ночует,2,0.00%
мелькнула,2,0.00%
улыбнуться,2,0.00%
камине,2,0.00%
иглами,2,0.00%
прозвучал,2,0.00%
калека,2,0.00%
заметить,2,0.00%
найдите,2,0.00%
стоять,2,0.00%
считайте,2,0.00%
магическому,2,0.00%
высокими,2,0.00%
услышит,2,0.00%
нелепая,2,0.00%
приказал,2,0.00%
мешает,2,0.00%
держись,2,0.00%
держите,2,0.00%
любопытно,2,0.00%
облачко,2,0.00%
трофей,2,0.00%
жилке,2,0.00%
замороке,2,0.00%
чернила,2,0.00%
вестника,2,0.00%
рыжий,2,0.00%
серебристая,2,0.00%
собиралась,2,0.00%
хитро,2,0.00%
посмотреть,2,0.00%
мамушки,2,0.00%
тяжко,2,0.00%
платью,2,0.00%
существу,2,0.00%
наслаждаясь,2,0.00%
покойный,2,0.00%
заламывая,2,0.00%
платочком,2,0.00%
другая,2,0.00%
чужие,2,0.00%
чужим,2,0.00%
встретимся,2,0.00%
зеркальщикам,2,0.00%
походила,2,0.00%
осадил,2,0.00%
воцарилась,2,0.00%
посмотрели,2,0.00%
вещами,2,0.00%
ведьмовским,2,0.00%
пожав,2,0.00%
слез,2,0.00%
стеше,2,0.00%
бланманже,2,0.00%
серебристой,2,0.00%
стешк,2,0.00%
расследовании,2,0.00%
мужем,2,0.00%
трапезу,2,0.00%
завода,2,0.00%
отступая,2,0.00%
посуды,2,0.00%
впустую,2,0.00%
посуду,2,0.00%
заново,2,0.00%
открытие,2,0.00%
слуги,2,0.00%
пообещав,2,0.00%
отражением,2,0.00%
вырвался,2,0.00%
ведьмовское,2,0.00%
признайся,2,0.00%
каруселях,2,0.00%
светских,2,0.00%
уборкой,2,0.00%
веревку,2,0.00%
подставке,2,0.00%
зеркале,2,0.00%
легче,2,0.00%
краткий,2,0.00%
подставил,2,0.00%
взамен,2,0.00%
выпрямился,2,0.00%
ощущение,2,0.00%
гнилой,2,0.00%
почувствовал,2,0.00%
громкое,2,0.00%
барыню,2,0.00%
барыня,2,0.00%
охали,2,0.00%
явится,2,0.00%
фолиант,2,0.00%
точь,2,0.00%
скрыла,2,0.00%
ящики,2,0.00%
ссадины,2,0.00%
ящика,2,0.00%
способ,2,0.00%
окаянные,2,0.00%
окаянный,2,0.00%
сверкающие,2,0.00%
служите,2,0.00%
достигнет,2,0.00%
шали,2,0.00%
редких,2,0.00%
убила,2,0.00%
первую,2,0.00%
учили,2,0.00%
редкие,2,0.00%
редкий,2,0.00%
сделаешь,2,0.00%
вокзала,2,0.00%
расставив,2,0.00%
нагл,2,0.00%
поморщилась,2,0.00%
окошку,2,0.00%
ссылку,2,0.00%
крепче,2,0.00%
скандал,2,0.00%
освободить,2,0.00%
отражениям,2,0.00%
обеду,2,0.00%
обеде,2,0.00%
вздернула,2,0.00%
будешь,2,0.00%
полотенцем,2,0.00%
народа,2,0.00%
взволновано,2,0.00%
лилию,2,0.00%
обнюхала,2,0.00%
повернул,2,0.00%
обстоятельствами,2,0.00%
спускался,2,0.00%
оттянул,2,0.00%
остановить,2,0.00%
отправлюсь,2,0.00%
наше,2,0.00%
магическими,2,0.00%
привело,2,0.00%
госпитале,2,0.00%
снег,2,0.00%
темноту,2,0.00%
привела,2,0.00%
стушевался,2,0.00%
замки,2,0.00%
сорочках,2,0.00%
вышедшего,2,0.00%
несдобровать,2,0.00%
великий,2,0.00%
ухватился,2,0.00%
поставив,2,0.00%
сдаваться,2,0.00%
спешно,2,0.00%
погладил,2,0.00%
незаметно,2,0.00%
науз,2,0.00%
платка,2,0.00%
уголка,2,0.00%
левую,2,0.00%
воспользовавшись,2,0.00%
ключей,2,0.00%
управления,2,0.00%
считал,2,0.00%
всяком,2,0.00%
нашему,2,0.00%
откинулся,2,0.00%
ужасом,2,0.00%
тянуться,2,0.00%
голубушке,2,0.00%
кушайте,2,0.00%
гомон,2,0.00%
проветриться,2,0.00%
наветы,2,0.00%
крутилась,2,0.00%
распевая,2,0.00%
участку,2,0.00%
закричал,2,0.00%
огромный,2,0.00%
просьбой,2,0.00%
выпало,2,0.00%
сопливый,2,0.00%
ожидавшему,2,0.00%
нарушили,2,0.00%
делал,2,0.00%
отдохните,2,0.00%
пот,2,0.00%
делах,2,0.00%
зубов,2,0.00%
вытащив,2,0.00%
листала,2,0.00%
данные,2,0.00%
рассказывала,2,0.00%
сладко,2,0.00%
подругу,2,0.00%
игнате,2,0.00%
волколаку,2,0.00%
псы,2,0.00%
сунется,2,0.00%
пожимая,2,0.00%
берясь,2,0.00%
разглядывать,2,0.00%
подергал,2,0.00%
снегом,2,0.00%
шорох,2,0.00%
нынешних,2,0.00%
толпились,2,0.00%
сном,2,0.00%
надежде,2,0.00%
плюнуть,2,0.00%
сиротой,2,0.00%
глухие,2,0.00%
отпустите,2,0.00%
отпустить,2,0.00%
обойти,2,0.00%
такими,2,0.00%
сосредоточенно,2,0.00%
менять,2,0.00%
бочку,2,0.00%
ежегодно,2,0.00%
аромата,2,0.00%
сменил,2,0.00%
взглянули,2,0.00%
лоскут,2,0.00%
попробую,2,0.00%
спустится,2,0.00%
попробуй,2,0.00%
сник,2,0.00%
курсе,2,0.00%
включил,2,0.00%
махнула,2,0.00%
ищейка,2,0.00%
нагреватель,2,0.00%
повернуться,2,0.00%
раздосадованный,2,0.00%
свезли,2,0.00%
странным,2,0.00%
уставилась,2,0.00%
ночных,2,0.00%
попятился,2,0.00%
пёс,2,0.00%
спинами,2,0.00%
зеркалом,2,0.00%
ведете,2,0.00%
скрылся,2,0.00%
странные,2,0.00%
бумага,2,0.00%
верите,2,0.00%
кобуры,2,0.00%
дождаться,2,0.00%
нечем,2,0.00%
блинчики,2,0.00%
опросить,2,0.00%
пальчиком,2,0.00%
ящиков,2,0.00%
кусал,2,0.00%
вытаскивая,2,0.00%
дрожали,2,0.00%
противно,2,0.00%
хлопнув,2,0.00%
гниль,2,0.00%
звякнуло,2,0.00%
осмотрит,2,0.00%
начинается,2,0.00%
залез,2,0.00%
полицейская,2,0.00%
исмагилов,2,0.00%
странное,2,0.00%
сбросив,2,0.00%
черниговской,2,0.00%
бурлит,2,0.00%
поразмыслить,2,0.00%
раздались,2,0.00%
рту,2,0.00%
матушки,2,0.00%
спрашивай,2,0.00%
спрашивал,2,0.00%
принюхался,2,0.00%
сможет,2,0.00%
причиной,2,0.00%
пускают,2,0.00%
горько,2,0.00%
ввел,2,0.00%
постукивая,2,0.00%
доставлять,2,0.00%
вскрик,2,0.00%
малышей,2,0.00%
похожей,2,0.00%
обмануло,2,0.00%
похожее,2,0.00%
конторы,2,0.00%
холодник,2,0.00%
катерина,2,0.00%
банда,2,0.00%
черные,2,0.00%
вскочила,2,0.00%
сад,2,0.00%
ворча,2,0.00%
отведать,2,0.00%
черных,2,0.00%
поперек,2,0.00%
засвидетельствовать,2,0.00%
извлек,2,0.00%
маленькая,2,0.00%
сломал,2,0.00%
задумалась,2,0.00%
сложилось,2,0.00%
станется,2,0.00%
сжали,2,0.00%
коллеги,2,0.00%
коллеге,2,0.00%
сие,2,0.00%
поддержать,2,0.00%
потрясая,2,0.00%
вскочить,2,0.00%
гуталином,2,0.00%
щеку,2,0.00%
свежая,2,0.00%
прямых,2,0.00%
начале,2,0.00%
брошку,2,0.00%
метлой,2,0.00%
полезно,2,0.00%
умеют,2,0.00%
демидова,2,0.00%
твердо,2,0.00%
прогоняя,2,0.00%
странная,2,0.00%
информацию,2,0.00%
провалах,2,0.00%
бежала,2,0.00%
пробасил,2,0.00%
бани,1,0.00%
пробуждая,1,0.00%
маму,1,0.00%
размером,1,0.00%
разузнай,1,0.00%
вспоминая,1,0.00%
предупредила,1,0.00%
слона,1,0.00%
пуста,1,0.00%
частью,1,0.00%
проводи,1,0.00%
чесноком,1,0.00%
соскользнув,1,0.00%
отказали,1,0.00%
людских,1,0.00%
мала,1,0.00%
обыватели,1,0.00%
балы,1,0.00%
помещений,1,0.00%
хохотнул,1,0.00%
переросла,1,0.00%
серебряные,1,0.00%
ловушке,1,0.00%
кабинетную,1,0.00%
дохторам,1,0.00%
гримасу,1,0.00%
учебу,1,0.00%
кровопийцей,1,0.00%
деловой,1,0.00%
движутся,1,0.00%
ловушку,1,0.00%
стеклом,1,0.00%
воедино,1,0.00%
нелюдь,1,0.00%
перечисленное,1,0.00%
пользуется,1,0.00%
черенки,1,0.00%
твоих,1,0.00%
бедной,1,0.00%
уедешь,1,0.00%
рыбья,1,0.00%
нелюди,1,0.00%
серебряных,1,0.00%
ребят,1,0.00%
низкорослый,1,0.00%
имена,1,0.00%
быстра,1,0.00%
приборы,1,0.00%
захлопала,1,0.00%
обвел,1,0.00%
выправке,1,0.00%
опереньем,1,0.00%
тоски,1,0.00%
бандит,1,0.00%
разном,1,0.00%
строящемся,1,0.00%
находящейся,1,0.00%
завалился,1,0.00%
добавляйте,1,0.00%
чары,1,0.00%
небрежно,1,0.00%
бедную,1,0.00%
процедила,1,0.00%
торговку,1,0.00%
скрываться,1,0.00%
судья,1,0.00%
мази,1,0.00%
подвергнусь,1,0.00%
прозекторской,1,0.00%
ядовитый,1,0.00%
падение,1,0.00%
гримаса,1,0.00%
надеяться,1,0.00%
расписное,1,0.00%
товары,1,0.00%
ребячеством,1,0.00%
закадычные,1,0.00%
покрасневшими,1,0.00%
лавочника,1,0.00%
отрастающими,1,0.00%
чертов,1,0.00%
расстарался,1,0.00%
падения,1,0.00%
лавочники,1,0.00%
сложу,1,0.00%
торговля,1,0.00%
торговлю,1,0.00%
надеть,1,0.00%
лавочнику,1,0.00%
торговли,1,0.00%
тараканьими,1,0.00%
отказать,1,0.00%
повисло,1,0.00%
укутавшись,1,0.00%
непослушные,1,0.00%
тянется,1,0.00%
ожившего,1,0.00%
отборная,1,0.00%
усопший,1,0.00%
гроши,1,0.00%
начатое,1,0.00%
схлопнувшись,1,0.00%
разъяснения,1,0.00%
подменяясь,1,0.00%
избавил,1,0.00%
упоминала,1,0.00%
подвозами,1,0.00%
склад,1,0.00%
широкополую,1,0.00%
подчиняются,1,0.00%
внезапного,1,0.00%
протянувшие,1,0.00%
разочарование,1,0.00%
скомкал,1,0.00%
счастьем,1,0.00%
голубому,1,0.00%
ладонях,1,0.00%
умело,1,0.00%
приметят,1,0.00%
злило,1,0.00%
умела,1,0.00%
посторонитесь,1,0.00%
консьержку,1,0.00%
заладились,1,0.00%
бабы,1,0.00%
вытащили,1,0.00%
произошедшем,1,0.00%
отчитывала,1,0.00%
имеем,1,0.00%
сильнейший,1,0.00%
прокатилась,1,0.00%
произошедшее,1,0.00%
наперед,1,0.00%
скрутили,1,0.00%
сдался,1,0.00%
ровней,1,0.00%
беленым,1,0.00%
чаши,1,0.00%
чертик,1,0.00%
баба,1,0.00%
поторопился,1,0.00%
запаздывали,1,0.00%
спою,1,0.00%
кривоногая,1,0.00%
разнес,1,0.00%
чаще,1,0.00%
чувство,1,0.00%
добавить,1,0.00%
относительно,1,0.00%
уточню,1,0.00%
утратило,1,0.00%
фантазиям,1,0.00%
поведайте,1,0.00%
имела,1,0.00%
цыгане,1,0.00%
подружайкой,1,0.00%
хрипотцой,1,0.00%
бесбашенная,1,0.00%
робкие,1,0.00%
слабым,1,0.00%
заставляют,1,0.00%
отчитывает,1,0.00%
устроятся,1,0.00%
пригнулся,1,0.00%
убери,1,0.00%
прокусано,1,0.00%
подаваясь,1,0.00%
столичные,1,0.00%
столичный,1,0.00%
уберу,1,0.00%
успокоило,1,0.00%
митрополит,1,0.00%
пиджаках,1,0.00%
сплю,1,0.00%
нескончаемый,1,0.00%
нескончаемым,1,0.00%
бедный,1,0.00%
благородие,1,0.00%
обмана,1,0.00%
проблески,1,0.00%
жижей,1,0.00%
пятого,1,0.00%
верхотуры,1,0.00%
неведомо,1,0.00%
растворяясь,1,0.00%
смелая,1,0.00%
тротуара,1,0.00%
неприятен,1,0.00%
завернутое,1,0.00%
набрать,1,0.00%
ревут,1,0.00%
слепошарый,1,0.00%
питер,1,0.00%
суету,1,0.00%
непослушную,1,0.00%
борозда,1,0.00%
воспитанные,1,0.00%
купит,1,0.00%
главу,1,0.00%
поддельным,1,0.00%
худосочной,1,0.00%
порцией,1,0.00%
страдают,1,0.00%
устроенного,1,0.00%
сошел,1,0.00%
позволить,1,0.00%
прежнюю,1,0.00%
помешательство,1,0.00%
прокопьевичем,1,0.00%
немецких,1,0.00%
зайду,1,0.00%
помешательстве,1,0.00%
накрапывал,1,0.00%
важна,1,0.00%
рывок,1,0.00%
насмех,1,0.00%
глади,1,0.00%
чувствовать,1,0.00%
стемнеет,1,0.00%
достались,1,0.00%
холодок,1,0.00%
позволите,1,0.00%
тел,1,0.00%
удерживающем,1,0.00%
стряпней,1,0.00%
тамошние,1,0.00%
тамошний,1,0.00%
поживиться,1,0.00%
задался,1,0.00%
угодили,1,0.00%
глазу,1,0.00%
стекляшку,1,0.00%
рваные,1,0.00%
стекляшка,1,0.00%
изрядно,1,0.00%
лишитесь,1,0.00%
сдувая,1,0.00%
умертвил,1,0.00%
затрясся,1,0.00%
литератором,1,0.00%
чаво,1,0.00%
тычки,1,0.00%
упоминать,1,0.00%
беспробудно,1,0.00%
столичная,1,0.00%
замотался,1,0.00%
вервольфа,1,0.00%
курьер,1,0.00%
остап,1,0.00%
рванья,1,0.00%
сестрицей,1,0.00%
бутыльками,1,0.00%
речушку,1,0.00%
тротуары,1,0.00%
возвращалась,1,0.00%
влезайте,1,0.00%
заплаканными,1,0.00%
основой,1,0.00%
важного,1,0.00%
отвлекаясь,1,0.00%
вкладывая,1,0.00%
жрем,1,0.00%
опираясь,1,0.00%
злодея,1,0.00%
вопли,1,0.00%
коврик,1,0.00%
выполнял,1,0.00%
сводами,1,0.00%
ясное,1,0.00%
чубом,1,0.00%
жаждет,1,0.00%
разложенными,1,0.00%
разных,1,0.00%
упустила,1,0.00%
стемнело,1,0.00%
указывая,1,0.00%
обтирал,1,0.00%
просительница,1,0.00%
закрытый,1,0.00%
кашле,1,0.00%
чаек,1,0.00%
закрытые,1,0.00%
душевнобольных,1,0.00%
артефактологи,1,0.00%
лобастыми,1,0.00%
холодил,1,0.00%
закрытых,1,0.00%
кашля,1,0.00%
кашлю,1,0.00%
уходим,1,0.00%
сдержанный,1,0.00%
попыткой,1,0.00%
развернуло,1,0.00%
ключами,1,0.00%
взвесь,1,0.00%
порешат,1,0.00%
холоден,1,0.00%
попадали,1,0.00%
злодей,1,0.00%
избавится,1,0.00%
таила,1,0.00%
бате,1,0.00%
дамами,1,0.00%
колкость,1,0.00%
важен,1,0.00%
выскользнувшее,1,0.00%
наведываться,1,0.00%
марш,1,0.00%
довольна,1,0.00%
супницах,1,0.00%
спят,1,0.00%
давешнему,1,0.00%
паровику,1,0.00%
царапины,1,0.00%
обвис,1,0.00%
посмеет,1,0.00%
неоднократные,1,0.00%
заставляли,1,0.00%
баре,1,0.00%
проходите,1,0.00%
прибытии,1,0.00%
повис,1,0.00%
приключится,1,0.00%
существ,1,0.00%
заставляло,1,0.00%
рванул,1,0.00%
прицеливаясь,1,0.00%
дверной,1,0.00%
оставался,1,0.00%
незаметность,1,0.00%
серебряными,1,0.00%
обвиняя,1,0.00%
тучами,1,0.00%
серебряном,1,0.00%
объявление,1,0.00%
настойчивее,1,0.00%
дверном,1,0.00%
ругнулся,1,0.00%
проводим,1,0.00%
яркие,1,0.00%
решают,1,0.00%
этикета,1,0.00%
спросонья,1,0.00%
скорым,1,0.00%
весточки,1,0.00%
ярким,1,0.00%
бант,1,0.00%
весеннему,1,0.00%
балам,1,0.00%
наигранный,1,0.00%
старьем,1,0.00%
вперевалку,1,0.00%
куталась,1,0.00%
давешней,1,0.00%
постучать,1,0.00%
грязная,1,0.00%
добру,1,0.00%
пренебрегая,1,0.00%
случившиеся,1,0.00%
балах,1,0.00%
качал,1,0.00%
давешнее,1,0.00%
планом,1,0.00%
помучить,1,0.00%
щипучим,1,0.00%
силуэт,1,0.00%
промысел,1,0.00%
отшатнувшись,1,0.00%
добавляла,1,0.00%
туч,1,0.00%
находившегося,1,0.00%
глазное,1,0.00%
буркнуть,1,0.00%
свирепым,1,0.00%
течение,1,0.00%
сказок,1,0.00%
блестящих,1,0.00%
обеспечить,1,0.00%
познакомился,1,0.00%
впечатлениями,1,0.00%
сапоги,1,0.00%
наставника,1,0.00%
царил,1,0.00%
собраться,1,0.00%
представительница,1,0.00%
обескураженный,1,0.00%
фарфорового,1,0.00%
закрытая,1,0.00%
соответствующие,1,0.00%
нарисованными,1,0.00%
мельничного,1,0.00%
зеленого,1,0.00%
железных,1,0.00%
напоите,1,0.00%
удлинятся,1,0.00%
вечности,1,0.00%
принюхиваться,1,0.00%
скорую,1,0.00%
вечность,1,0.00%
утреннему,1,0.00%
утверждала,1,0.00%
масковит,1,0.00%
делают,1,0.00%
нашедшим,1,0.00%
ресницы,1,0.00%
буркнув,1,0.00%
утопиться,1,0.00%
сказка,1,0.00%
оправдывайся,1,0.00%
кинув,1,0.00%
занятая,1,0.00%
надет,1,0.00%
примерная,1,0.00%
больные,1,0.00%
розовом,1,0.00%
пронырнет,1,0.00%
слыхать,1,0.00%
перевалился,1,0.00%
больным,1,0.00%
увидит,1,0.00%
книксен,1,0.00%
свершал,1,0.00%
спустились,1,0.00%
головную,1,0.00%
табаком,1,0.00%
добил,1,0.00%
конечность,1,0.00%
достигает,1,0.00%
преступность,1,0.00%
увидим,1,0.00%
делась,1,0.00%
скованной,1,0.00%
скучные,1,0.00%
прятался,1,0.00%
черпаком,1,0.00%
урезонила,1,0.00%
мясная,1,0.00%
спорили,1,0.00%
превратила,1,0.00%
вихрастый,1,0.00%
высокопоставленный,1,0.00%
рабочее,1,0.00%
соврешь,1,0.00%
десятку,1,0.00%
превратили,1,0.00%
скорое,1,0.00%
заскрежетали,1,0.00%
спотыкался,1,0.00%
десятки,1,0.00%
ложечку,1,0.00%
разбивала,1,0.00%
изучая,1,0.00%
изучаю,1,0.00%
объявил,1,0.00%
определился,1,0.00%
чернели,1,0.00%
запивая,1,0.00%
бродить,1,0.00%
пристроилась,1,0.00%
судака,1,0.00%
разлилась,1,0.00%
линька,1,0.00%
встопорщилась,1,0.00%
поддался,1,0.00%
больную,1,0.00%
требовали,1,0.00%
грязное,1,0.00%
прибавил,1,0.00%
воздействия,1,0.00%
открытого,1,0.00%
воздействие,1,0.00%
учти,1,0.00%
надменный,1,0.00%
зазор,1,0.00%
дозволения,1,0.00%
калекой,1,0.00%
учту,1,0.00%
дежурит,1,0.00%
отряхнула,1,0.00%
табакерки,1,0.00%
сведут,1,0.00%
страдать,1,0.00%
табакерке,1,0.00%
ужинам,1,0.00%
вонью,1,0.00%
табакерка,1,0.00%
грязной,1,0.00%
запереть,1,0.00%
ворожба,1,0.00%
собравшиеся,1,0.00%
вытяну,1,0.00%
заборами,1,0.00%
дождались,1,0.00%
выпущенной,1,0.00%
значения,1,0.00%
осерчать,1,0.00%
гоните,1,0.00%
запротоколировал,1,0.00%
озер,1,0.00%
закрытом,1,0.00%
тём,1,0.00%
розовел,1,0.00%
характером,1,0.00%
сдобную,1,0.00%
угу,1,0.00%
угодить,1,0.00%
включенные,1,0.00%
капризничая,1,0.00%
палачом,1,0.00%
кончено,1,0.00%
предлагаешь,1,0.00%
капризничал,1,0.00%
тихонько,1,0.00%
проявил,1,0.00%
стабилизируем,1,0.00%
щенка,1,0.00%
колыхался,1,0.00%
обучен,1,0.00%
притопывала,1,0.00%
доходили,1,0.00%
злостью,1,0.00%
бродили,1,0.00%
ам,1,0.00%
заговоры,1,0.00%
смущено,1,0.00%
хранит,1,0.00%
роль,1,0.00%
установив,1,0.00%
пекарню,1,0.00%
инстинктивно,1,0.00%
заговора,1,0.00%
столичных,1,0.00%
ссор,1,0.00%
пуговицами,1,0.00%
несмазанными,1,0.00%
пристально,1,0.00%
довершали,1,0.00%
рыбой,1,0.00%
борьбу,1,0.00%
откинул,1,0.00%
сказав,1,0.00%
небу,1,0.00%
писак,1,0.00%
посидеть,1,0.00%
живите,1,0.00%
рублей,1,0.00%
баламутить,1,0.00%
убрала,1,0.00%
потемки,1,0.00%
мальчуган,1,0.00%
сгусток,1,0.00%
ласка,1,0.00%
больное,1,0.00%
припомнил,1,0.00%
выставляться,1,0.00%
заготовленный,1,0.00%
выложил,1,0.00%
кровяная,1,0.00%
прищуром,1,0.00%
личного,1,0.00%
узы,1,0.00%
пироги,1,0.00%
добром,1,0.00%
испортишь,1,0.00%
наткнувшись,1,0.00%
представление,1,0.00%
похолодало,1,0.00%
доложила,1,0.00%
напрягаться,1,0.00%
доложили,1,0.00%
судно,1,0.00%
вернитесь,1,0.00%
тыкнет,1,0.00%
торговым,1,0.00%
съезжается,1,0.00%
малограмотная,1,0.00%
когтей,1,0.00%
мелодичному,1,0.00%
делится,1,0.00%
затерялся,1,0.00%
костюмах,1,0.00%
мясной,1,0.00%
знаменитых,1,0.00%
торговые,1,0.00%
запонками,1,0.00%
прикосновений,1,0.00%
обучил,1,0.00%
ел,1,0.00%
зарделись,1,0.00%
тазом,1,0.00%
повинился,1,0.00%
объяснять,1,0.00%
аппетитности,1,0.00%
довел,1,0.00%
вывалился,1,0.00%
наконечником,1,0.00%
подельник,1,0.00%
разузнала,1,0.00%
служения,1,0.00%
живительным,1,0.00%
промчавшись,1,0.00%
невидимому,1,0.00%
рыбка,1,0.00%
слетались,1,0.00%
поврежден,1,0.00%
залепетал,1,0.00%
беспечный,1,0.00%
засуетился,1,0.00%
позиций,1,0.00%
испорченное,1,0.00%
решаем,1,0.00%
звоню,1,0.00%
уме,1,0.00%
наполнилась,1,0.00%
одиноким,1,0.00%
одинокий,1,0.00%
сгоревших,1,0.00%
чумазое,1,0.00%
вытекала,1,0.00%
грозя,1,0.00%
рода,1,0.00%
плач,1,0.00%
заварю,1,0.00%
затрат,1,0.00%
отребий,1,0.00%
уму,1,0.00%
паразита,1,0.00%
оглядывается,1,0.00%
жилистая,1,0.00%
паровая,1,0.00%
гроза,1,0.00%
приболел,1,0.00%
надменной,1,0.00%
сбилось,1,0.00%
подежурят,1,0.00%
отправляемся,1,0.00%
запереться,1,0.00%
перьями,1,0.00%
писателю,1,0.00%
давешнюю,1,0.00%
младшим,1,0.00%
посматривал,1,0.00%
полюбовавшись,1,0.00%
добыл,1,0.00%
понапрасну,1,0.00%
недоумевает,1,0.00%
рассчитался,1,0.00%
велению,1,0.00%
младших,1,0.00%
феофаном,1,0.00%
побил,1,0.00%
выставьте,1,0.00%
произнёс,1,0.00%
ненависти,1,0.00%
раскланявшись,1,0.00%
заботится,1,0.00%
целители,1,0.00%
светился,1,0.00%
тощего,1,0.00%
являлся,1,0.00%
звонком,1,0.00%
нестыковки,1,0.00%
звонкой,1,0.00%
участь,1,0.00%
присвоил,1,0.00%
поисках,1,0.00%
смогла,1,0.00%
участи,1,0.00%
рисковали,1,0.00%
аптекарше,1,0.00%
младшей,1,0.00%
утыкался,1,0.00%
допросы,1,0.00%
отвары,1,0.00%
скажут,1,0.00%
затюкало,1,0.00%
уровне,1,0.00%
гибели,1,0.00%
допросе,1,0.00%
уровень,1,0.00%
уст,1,0.00%
допроса,1,0.00%
хитрым,1,0.00%
уточнять,1,0.00%
постучав,1,0.00%
голубого,1,0.00%
кухмистерская,1,0.00%
царек,1,0.00%
царем,1,0.00%
вьется,1,0.00%
писатели,1,0.00%
отвлеку,1,0.00%
застеколье,1,0.00%
целовались,1,0.00%
беспомощности,1,0.00%
крестьянами,1,0.00%
угостите,1,0.00%
метнулись,1,0.00%
рыбак,1,0.00%
усомнится,1,0.00%
занятие,1,0.00%
приемный,1,0.00%
шлындалась,1,0.00%
зияла,1,0.00%
нашлось,1,0.00%
зияли,1,0.00%
невиновна,1,0.00%
приносили,1,0.00%
полетел,1,0.00%
хриплое,1,0.00%
незадача,1,0.00%
ушиб,1,0.00%
прекрасного,1,0.00%
приглашенный,1,0.00%
стеклу,1,0.00%
задраили,1,0.00%
уху,1,0.00%
захватывающее,1,0.00%
таращила,1,0.00%
напрямки,1,0.00%
услышанному,1,0.00%
студент,1,0.00%
график,1,0.00%
ивиновник,1,0.00%
тю,1,0.00%
недоверием,1,0.00%
увидят,1,0.00%
подобрала,1,0.00%
посвети,1,0.00%
пяток,1,0.00%
пятой,1,0.00%
свидетелями,1,0.00%
отполированном,1,0.00%
поджег,1,0.00%
обязательного,1,0.00%
длинном,1,0.00%
позаботилась,1,0.00%
длинной,1,0.00%
получается,1,0.00%
препятствовать,1,0.00%
ух,1,0.00%
лукавит,1,0.00%
называть,1,0.00%
потерянной,1,0.00%
верх,1,0.00%
потерянное,1,0.00%
переносили,1,0.00%
верь,1,0.00%
стекой,1,0.00%
жалостливый,1,0.00%
возразил,1,0.00%
приподнялся,1,0.00%
заморские,1,0.00%
ха,1,0.00%
оскандалившегося,1,0.00%
увенчанный,1,0.00%
вытащу,1,0.00%
удержаться,1,0.00%
испортили,1,0.00%
прохиндей,1,0.00%
перебороть,1,0.00%
изменений,1,0.00%
божится,1,0.00%
сдерживая,1,0.00%
халатность,1,0.00%
карманы,1,0.00%
привстал,1,0.00%
мышцы,1,0.00%
пятна,1,0.00%
посмевшую,1,0.00%
гадать,1,0.00%
безлюдную,1,0.00%
воней,1,0.00%
пятки,1,0.00%
прошло,1,0.00%
пришитый,1,0.00%
теплота,1,0.00%
локтях,1,0.00%
золотящихся,1,0.00%
отряхивать,1,0.00%
приносить,1,0.00%
дорогой,1,0.00%
прикусила,1,0.00%
отшатнулась,1,0.00%
химии,1,0.00%
вымученно,1,0.00%
полетит,1,0.00%
подарки,1,0.00%
верящая,1,0.00%
комильфо,1,0.00%
навёл,1,0.00%
химию,1,0.00%
румянец,1,0.00%
пролети,1,0.00%
сырость,1,0.00%
равновесия,1,0.00%
навеянным,1,0.00%
подъедешь,1,0.00%
темнела,1,0.00%
взрослые,1,0.00%
вели,1,0.00%
настаивал,1,0.00%
вишневицы,1,0.00%
вела,1,0.00%
вагон,1,0.00%
имелась,1,0.00%
аплодируя,1,0.00%
хрупкую,1,0.00%
неуютно,1,0.00%
тусклом,1,0.00%
получать,1,0.00%
царапал,1,0.00%
нечетко,1,0.00%
размытым,1,0.00%
веко,1,0.00%
подарил,1,0.00%
ширину,1,0.00%
шаркающие,1,0.00%
царапая,1,0.00%
провожая,1,0.00%
бравых,1,0.00%
безмерном,1,0.00%
пашот,1,0.00%
поднимайся,1,0.00%
единственная,1,0.00%
втекала,1,0.00%
сыновей,1,0.00%
плох,1,0.00%
ыы,1,0.00%
выбрав,1,0.00%
осуществлял,1,0.00%
вытерпел,1,0.00%
разъездах,1,0.00%
жгучая,1,0.00%
поблагодари,1,0.00%
могила,1,0.00%
театре,1,0.00%
доверенное,1,0.00%
бабульку,1,0.00%
подозрительные,1,0.00%
быстрые,1,0.00%
заступиться,1,0.00%
помяните,1,0.00%
эк,1,0.00%
смертоубийство,1,0.00%
переболит,1,0.00%
окутала,1,0.00%
эт,1,0.00%
эх,1,0.00%
танцам,1,0.00%
прешь,1,0.00%
представлял,1,0.00%
улажу,1,0.00%
душевные,1,0.00%
испортите,1,0.00%
преотменнейший,1,0.00%
счастью,1,0.00%
полагаю,1,0.00%
мертвец,1,0.00%
побледнев,1,0.00%
сказывал,1,0.00%
поделись,1,0.00%
шагай,1,0.00%
побледнел,1,0.00%
управлюсь,1,0.00%
накренился,1,0.00%
гляну,1,0.00%
ведя,1,0.00%
шагах,1,0.00%
ульяночка,1,0.00%
помешает,1,0.00%
сдайте,1,0.00%
противника,1,0.00%
уперся,1,0.00%
одноруких,1,0.00%
противники,1,0.00%
счастье,1,0.00%
однорукий,1,0.00%
лужах,1,0.00%
непотребном,1,0.00%
веди,1,0.00%
сфабриковано,1,0.00%
проплывем,1,0.00%
тряпица,1,0.00%
назначении,1,0.00%
выдаете,1,0.00%
сочувствием,1,0.00%
рассудке,1,0.00%
назначение,1,0.00%
разобьюсь,1,0.00%
опаздывает,1,0.00%
захрипел,1,0.00%
жгучим,1,0.00%
расслабиться,1,0.00%
прошлом,1,0.00%
обители,1,0.00%
уперла,1,0.00%
неизвестно,1,0.00%
каминного,1,0.00%
покидали,1,0.00%
кинет,1,0.00%
помяли,1,0.00%
жгучие,1,0.00%
пользы,1,0.00%
длинным,1,0.00%
оставите,1,0.00%
захрипев,1,0.00%
газовыми,1,0.00%
охватила,1,0.00%
разговаривает,1,0.00%
ткнулась,1,0.00%
полуночной,1,0.00%
нитями,1,0.00%
дорогая,1,0.00%
стоя,1,0.00%
возражает,1,0.00%
дрожал,1,0.00%
шеей,1,0.00%
дрожат,1,0.00%
румяным,1,0.00%
освещённых,1,0.00%
памятный,1,0.00%
обитель,1,0.00%
дернув,1,0.00%
оборвался,1,0.00%
греховному,1,0.00%
шесть,1,0.00%
задень,1,0.00%
буравя,1,0.00%
проследи,1,0.00%
унесу,1,0.00%
сердцем,1,0.00%
полномочия,1,0.00%
мягче,1,0.00%
проверьте,1,0.00%
бормотал,1,0.00%
отказываются,1,0.00%
иудеем,1,0.00%
очами,1,0.00%
вымученной,1,0.00%
лукавый,1,0.00%
тактика,1,0.00%
соломой,1,0.00%
ограждения,1,0.00%
гордостью,1,0.00%
устал,1,0.00%
маялся,1,0.00%
душечкой,1,0.00%
портьеру,1,0.00%
чистоту,1,0.00%
обрадованный,1,0.00%
разбирайтесь,1,0.00%
обознался,1,0.00%
дорогам,1,0.00%
польза,1,0.00%
возник,1,0.00%
исказила,1,0.00%
непригодной,1,0.00%
приношу,1,0.00%
получает,1,0.00%
затягивается,1,0.00%
стаей,1,0.00%
кофейне,1,0.00%
пропасть,1,0.00%
горькую,1,0.00%
посмеялся,1,0.00%
добей,1,0.00%
рухлядь,1,0.00%
уведомив,1,0.00%
десятерых,1,0.00%
музыкальная,1,0.00%
пропасти,1,0.00%
нытье,1,0.00%
расстегнула,1,0.00%
десятью,1,0.00%
мягок,1,0.00%
стих,1,0.00%
невиновен,1,0.00%
озолочу,1,0.00%
приблизился,1,0.00%
предъявить,1,0.00%
полетят,1,0.00%
длинную,1,0.00%
дурея,1,0.00%
ушам,1,0.00%
вульфы,1,0.00%
соседа,1,0.00%
ставя,1,0.00%
снабжение,1,0.00%
помельче,1,0.00%
оставайся,1,0.00%
оставило,1,0.00%
гостем,1,0.00%
хилых,1,0.00%
бакин,1,0.00%
дрожит,1,0.00%
откушать,1,0.00%
спланировал,1,0.00%
рассуждать,1,0.00%
гения,1,0.00%
пределы,1,0.00%
подобрать,1,0.00%
закашлялась,1,0.00%
перешёл,1,0.00%
уперев,1,0.00%
плюс,1,0.00%
урвать,1,0.00%
призадумался,1,0.00%
топот,1,0.00%
приготовлениями,1,0.00%
кособокими,1,0.00%
прикладывая,1,0.00%
увенчаться,1,0.00%
лгунью,1,0.00%
разведать,1,0.00%
захочешь,1,0.00%
нарядится,1,0.00%
щелчка,1,0.00%
неча,1,0.00%
башмаки,1,0.00%
слушай,1,0.00%
удавиться,1,0.00%
оказия,1,0.00%
хриплым,1,0.00%
малограмотные,1,0.00%
сойдутся,1,0.00%
слушая,1,0.00%
оказии,1,0.00%
квасом,1,0.00%
прослежу,1,0.00%
безделицу,1,0.00%
длинные,1,0.00%
отряхивала,1,0.00%
подсвечивая,1,0.00%
наиграно,1,0.00%
возражать,1,0.00%
госпожой,1,0.00%
подпирать,1,0.00%
отполированные,1,0.00%
подготовить,1,0.00%
потерянная,1,0.00%
помыслов,1,0.00%
телеграфную,1,0.00%
молчавшая,1,0.00%
отполированных,1,0.00%
стая,1,0.00%
погнулась,1,0.00%
клиенту,1,0.00%
подарочек,1,0.00%
послала,1,0.00%
знакомстве,1,0.00%
несся,1,0.00%
живот,1,0.00%
удержится,1,0.00%
спасать,1,0.00%
возражаю,1,0.00%
журналистом,1,0.00%
особенное,1,0.00%
отъезд,1,0.00%
знакомства,1,0.00%
обожду,1,0.00%
bk,1,0.00%
справляюсь,1,0.00%
пошушукались,1,0.00%
тратить,1,0.00%
хрустит,1,0.00%
обожди,1,0.00%
знакомому,1,0.00%
бояться,1,0.00%
орбиту,1,0.00%
осерчал,1,0.00%
церковной,1,0.00%
чернильными,1,0.00%
покупали,1,0.00%
уступая,1,0.00%
обществом,1,0.00%
поединке,1,0.00%
раскраснелась,1,0.00%
единственный,1,0.00%
желтой,1,0.00%
единственные,1,0.00%
потоки,1,0.00%
внутренним,1,0.00%
новинками,1,0.00%
покупала,1,0.00%
несут,1,0.00%
отдалении,1,0.00%
вправо,1,0.00%
беспрекословно,1,0.00%
платформы,1,0.00%
обустройством,1,0.00%
единственную,1,0.00%
проходила,1,0.00%
зацепка,1,0.00%
зубной,1,0.00%
наступил,1,0.00%
проходили,1,0.00%
отсутствию,1,0.00%
воняло,1,0.00%
граненный,1,0.00%
всхлипнул,1,0.00%
отсутствие,1,0.00%
такова,1,0.00%
собачина,1,0.00%
убегал,1,0.00%
относится,1,0.00%
произнести,1,0.00%
поиске,1,0.00%
скрутил,1,0.00%
вымотался,1,0.00%
уведу,1,0.00%
цаца,1,0.00%
стыд,1,0.00%
зацепил,1,0.00%
обошедший,1,0.00%
виновата,1,0.00%
полуночная,1,0.00%
особенную,1,0.00%
прицепленным,1,0.00%
внутреннее,1,0.00%
езжайте,1,0.00%
перехватят,1,0.00%
салат,1,0.00%
подумалось,1,0.00%
добывая,1,0.00%
клиента,1,0.00%
лазу,1,0.00%
пропадала,1,0.00%
босых,1,0.00%
хам,1,0.00%
придумали,1,0.00%
порываясь,1,0.00%
приблизиться,1,0.00%
кулис,1,0.00%
людях,1,0.00%
пригодился,1,0.00%
https,1,0.00%
бестолку,1,0.00%
христос,1,0.00%
понурив,1,0.00%
изначально,1,0.00%
отсутствую,1,0.00%
мечта,1,0.00%
вызывал,1,0.00%
оглядеть,1,0.00%
лает,1,0.00%
воздушном,1,0.00%
наедине,1,0.00%
выловила,1,0.00%
заслышав,1,0.00%
дрему,1,0.00%
злобой,1,0.00%
славился,1,0.00%
выпрыгнуло,1,0.00%
воздушное,1,0.00%
лады,1,0.00%
прически,1,0.00%
прежнем,1,0.00%
совещаясь,1,0.00%
прическе,1,0.00%
иудеям,1,0.00%
посерел,1,0.00%
кварталов,1,0.00%
прическу,1,0.00%
изводил,1,0.00%
несли,1,0.00%
пассажира,1,0.00%
познакомитесь,1,0.00%
управлять,1,0.00%
ватрушкой,1,0.00%
личности,1,0.00%
мечом,1,0.00%
особь,1,0.00%
маришки,1,0.00%
маришке,1,0.00%
погуляю,1,0.00%
желтую,1,0.00%
увела,1,0.00%
передумала,1,0.00%
подошли,1,0.00%
несет,1,0.00%
двигалось,1,0.00%
трущобы,1,0.00%
ступеней,1,0.00%
раскрылась,1,0.00%
раструбил,1,0.00%
впитавшись,1,0.00%
протерев,1,0.00%
просторные,1,0.00%
ерёма,1,0.00%
кулем,1,0.00%
нежную,1,0.00%
работник,1,0.00%
затворил,1,0.00%
практически,1,0.00%
пристраивая,1,0.00%
приезжает,1,0.00%
затворив,1,0.00%
возишься,1,0.00%
освобождая,1,0.00%
произвести,1,0.00%
бобровой,1,0.00%
задела,1,0.00%
болезного,1,0.00%
телятину,1,0.00%
заученному,1,0.00%
встанет,1,0.00%
прочти,1,0.00%
наведывались,1,0.00%
старается,1,0.00%
прочтя,1,0.00%
присматривать,1,0.00%
аааа,1,0.00%
рассвет,1,0.00%
особе,1,0.00%
собеседница,1,0.00%
результатов,1,0.00%
особа,1,0.00%
скудного,1,0.00%
литературы,1,0.00%
сивой,1,0.00%
провалился,1,0.00%
чертей,1,0.00%
помещениях,1,0.00%
стихии,1,0.00%
жуть,1,0.00%
метнуться,1,0.00%
страдания,1,0.00%
заскочил,1,0.00%
женщин,1,0.00%
отнести,1,0.00%
помещениям,1,0.00%
принесшую,1,0.00%
пресс,1,0.00%
столичного,1,0.00%
трюком,1,0.00%
сыскали,1,0.00%
организовать,1,0.00%
зашумело,1,0.00%
соглашусь,1,0.00%
мотив,1,0.00%
извинить,1,0.00%
стоившей,1,0.00%
зашумели,1,0.00%
втащили,1,0.00%
удавка,1,0.00%
раздвижными,1,0.00%
частом,1,0.00%
приему,1,0.00%
частое,1,0.00%
правосудию,1,0.00%
правосудия,1,0.00%
плохая,1,0.00%
гостья,1,0.00%
лёгкость,1,0.00%
софье,1,0.00%
устройство,1,0.00%
стихли,1,0.00%
представилось,1,0.00%
зажег,1,0.00%
специалисту,1,0.00%
стихло,1,0.00%
дрозды,1,0.00%
плохие,1,0.00%
побоища,1,0.00%
кричит,1,0.00%
переносице,1,0.00%
товарищу,1,0.00%
ход,1,0.00%
домиков,1,0.00%
честного,1,0.00%
дунуло,1,0.00%
отправку,1,0.00%
воздушную,1,0.00%
зеленоватую,1,0.00%
внешнему,1,0.00%
бумажный,1,0.00%
перебрал,1,0.00%
ищут,1,0.00%
мертвом,1,0.00%
клубами,1,0.00%
усачом,1,0.00%
штучка,1,0.00%
расторопен,1,0.00%
занавешены,1,0.00%
штучки,1,0.00%
ерничать,1,0.00%
завидуешь,1,0.00%
неймется,1,0.00%
зимней,1,0.00%
полетели,1,0.00%
всесильны,1,0.00%
желтый,1,0.00%
желтым,1,0.00%
желтые,1,0.00%
отчетливо,1,0.00%
седого,1,0.00%
живца,1,0.00%
беспорядке,1,0.00%
беспорядки,1,0.00%
барышням,1,0.00%
пострадать,1,0.00%
томится,1,0.00%
описи,1,0.00%
дадите,1,0.00%
науськивала,1,0.00%
огорчил,1,0.00%
приоткрытую,1,0.00%
расстегаи,1,0.00%
потекли,1,0.00%
крючок,1,0.00%
родственница,1,0.00%
приголубят,1,0.00%
отправляйтесь,1,0.00%
укроет,1,0.00%
разгромили,1,0.00%
находись,1,0.00%
глянем,1,0.00%
костяшками,1,0.00%
хто,1,0.00%
дунуть,1,0.00%
увидала,1,0.00%
мешковиной,1,0.00%
собеседники,1,0.00%
мертвых,1,0.00%
псину,1,0.00%
стихов,1,0.00%
чеканным,1,0.00%
увидали,1,0.00%
пройдемте,1,0.00%
глянет,1,0.00%
пройдемся,1,0.00%
мертвым,1,0.00%
сбора,1,0.00%
беспорядка,1,0.00%
случаю,1,0.00%
мертвые,1,0.00%
псина,1,0.00%
заказав,1,0.00%
располагаться,1,0.00%
покупает,1,0.00%
покидают,1,0.00%
получится,1,0.00%
езжай,1,0.00%
умницей,1,0.00%
мешал,1,0.00%
проветрить,1,0.00%
губернаторскому,1,0.00%
волколакство,1,0.00%
живые,1,0.00%
звонила,1,0.00%
протяжное,1,0.00%
сотрудничество,1,0.00%
обрадовались,1,0.00%
потекла,1,0.00%
засветилось,1,0.00%
разнообразнейший,1,0.00%
обожал,1,0.00%
байку,1,0.00%
разбитого,1,0.00%
званых,1,0.00%
ответный,1,0.00%
трактат,1,0.00%
полынь,1,0.00%
смоль,1,0.00%
суде,1,0.00%
принесших,1,0.00%
суда,1,0.00%
уроет,1,0.00%
закройте,1,0.00%
прикусить,1,0.00%
единичные,1,0.00%
плохое,1,0.00%
сопровождал,1,0.00%
корчились,1,0.00%
кукол,1,0.00%
разболтали,1,0.00%
напишите,1,0.00%
удержишь,1,0.00%
зацепился,1,0.00%
скрючившись,1,0.00%
белела,1,0.00%
отстранённости,1,0.00%
белели,1,0.00%
белело,1,0.00%
ремеслом,1,0.00%
лезвием,1,0.00%
принадлежит,1,0.00%
взгляните,1,0.00%
пункт,1,0.00%
отменные,1,0.00%
чуять,1,0.00%
предлагала,1,0.00%
поведал,1,0.00%
карете,1,0.00%
городовыми,1,0.00%
травмировали,1,0.00%
проблемой,1,0.00%
мастерству,1,0.00%
оставшемся,1,0.00%
коридора,1,0.00%
ухмылка,1,0.00%
кружатся,1,0.00%
забирать,1,0.00%
выброшенная,1,0.00%
вдове,1,0.00%
поведаю,1,0.00%
изучу,1,0.00%
ловкачи,1,0.00%
сшитом,1,0.00%
проносились,1,0.00%
проблема,1,0.00%
хворать,1,0.00%
силушку,1,0.00%
эмоционально,1,0.00%
опозорили,1,0.00%
перегнулся,1,0.00%
молчите,1,0.00%
краях,1,0.00%
проруби,1,0.00%
морок,1,0.00%
растает,1,0.00%
гербовым,1,0.00%
пытали,1,0.00%
вдову,1,0.00%
разгром,1,0.00%
чепухи,1,0.00%
сосредоточился,1,0.00%
тонкого,1,0.00%
прикупить,1,0.00%
кукла,1,0.00%
отдохнула,1,0.00%
продемонстрировал,1,0.00%
тишину,1,0.00%
тишине,1,0.00%
статьями,1,0.00%
соседство,1,0.00%
соседству,1,0.00%
поглядывать,1,0.00%
золотистым,1,0.00%
гогота,1,0.00%
присаживайтесь,1,0.00%
насторожилась,1,0.00%
похвалил,1,0.00%
труда,1,0.00%
повинен,1,0.00%
намерениями,1,0.00%
кликать,1,0.00%
зарябило,1,0.00%
ядовитыми,1,0.00%
курчавая,1,0.00%
пропитался,1,0.00%
коричневом,1,0.00%
грудной,1,0.00%
навещал,1,0.00%
чесночным,1,0.00%
супротив,1,0.00%
сиреневой,1,0.00%
куколка,1,0.00%
поддел,1,0.00%
потащил,1,0.00%
скрежетом,1,0.00%
сокашника,1,0.00%
видимости,1,0.00%
пожранный,1,0.00%
закреплено,1,0.00%
замарать,1,0.00%
выплатить,1,0.00%
приклеилось,1,0.00%
подорожники,1,0.00%
золота,1,0.00%
задел,1,0.00%
принявшего,1,0.00%
золото,1,0.00%
показав,1,0.00%
навзничь,1,0.00%
боровую,1,0.00%
дунул,1,0.00%
обнаружено,1,0.00%
фирменная,1,0.00%
мелочи,1,0.00%
прислонился,1,0.00%
рванулся,1,0.00%
здратси,1,0.00%
оглядываться,1,0.00%
станций,1,0.00%
пахнущим,1,0.00%
оком,1,0.00%
босоногую,1,0.00%
храбрая,1,0.00%
трагедии,1,0.00%
стремились,1,0.00%
моржа,1,0.00%
суча,1,0.00%
досады,1,0.00%
приглушенный,1,0.00%
придерживали,1,0.00%
зонты,1,0.00%
окликнул,1,0.00%
поезде,1,0.00%
обелили,1,0.00%
окне,1,0.00%
придал,1,0.00%
колена,1,0.00%
выражение,1,0.00%
поезду,1,0.00%
бордовому,1,0.00%
желваки,1,0.00%
хранилась,1,0.00%
живехонький,1,0.00%
упомню,1,0.00%
спасенная,1,0.00%
сухо,1,0.00%
заручившись,1,0.00%
покорно,1,0.00%
загулялся,1,0.00%
убегали,1,0.00%
прикрыли,1,0.00%
обществе,1,0.00%
дружкам,1,0.00%
раздули,1,0.00%
присесть,1,0.00%
общество,1,0.00%
босая,1,0.00%
честному,1,0.00%
подтвердили,1,0.00%
нервного,1,0.00%
продумал,1,0.00%
кажись,1,0.00%
навязчивы,1,0.00%
убегут,1,0.00%
эликсиром,1,0.00%
мычит,1,0.00%
эликсиров,1,0.00%
скорчился,1,0.00%
изводили,1,0.00%
колесо,1,0.00%
граненые,1,0.00%
махину,1,0.00%
графином,1,0.00%
устремлен,1,0.00%
занесу,1,0.00%
лесному,1,0.00%
колеса,1,0.00%
подопытный,1,0.00%
граненый,1,0.00%
спугнула,1,0.00%
накаляется,1,0.00%
ирода,1,0.00%
волны,1,0.00%
растеряно,1,0.00%
подайте,1,0.00%
волну,1,0.00%
золотистой,1,0.00%
беду,1,0.00%
возводит,1,0.00%
подводил,1,0.00%
растрепана,1,0.00%
оборванцы,1,0.00%
случались,1,0.00%
возводил,1,0.00%
закутков,1,0.00%
господом,1,0.00%
неряшливым,1,0.00%
волна,1,0.00%
смертельным,1,0.00%
курчавые,1,0.00%
архитектурой,1,0.00%
смертельные,1,0.00%
дому,1,0.00%
препирайся,1,0.00%
попавший,1,0.00%
оправдать,1,0.00%
поля,1,0.00%
волос,1,0.00%
форменном,1,0.00%
шлепков,1,0.00%
застал,1,0.00%
дергаясь,1,0.00%
долю,1,0.00%
доля,1,0.00%
законов,1,0.00%
знакомится,1,0.00%
передразнил,1,0.00%
прикрыть,1,0.00%
особенности,1,0.00%
алому,1,0.00%
мертвецом,1,0.00%
ослушаюсь,1,0.00%
углядел,1,0.00%
разъяренных,1,0.00%
провернуть,1,0.00%
доказательство,1,0.00%
укрылся,1,0.00%
морщились,1,0.00%
сущность,1,0.00%
опосля,1,0.00%
прошения,1,0.00%
абрама,1,0.00%
подтвердить,1,0.00%
обновил,1,0.00%
самообладание,1,0.00%
подоспели,1,0.00%
кладовой,1,0.00%
командовать,1,0.00%
тактично,1,0.00%
мелкому,1,0.00%
пятнистый,1,0.00%
несостоятельным,1,0.00%
дымящегося,1,0.00%
ядрено,1,0.00%
набор,1,0.00%
обитал,1,0.00%
соизволите,1,0.00%
подскажу,1,0.00%
раздражителен,1,0.00%
отталкивать,1,0.00%
царившей,1,0.00%
штопор,1,0.00%
вылитый,1,0.00%
заслоняя,1,0.00%
заработаешь,1,0.00%
растеряша,1,0.00%
околицу,1,0.00%
шустро,1,0.00%
умывальнике,1,0.00%
располагавшуюся,1,0.00%
морща,1,0.00%
законам,1,0.00%
божьего,1,0.00%
барахольщика,1,0.00%
людом,1,0.00%
подь,1,0.00%
оставшихся,1,0.00%
волен,1,0.00%
предсказывая,1,0.00%
разлюбил,1,0.00%
храня,1,0.00%
невидимая,1,0.00%
послав,1,0.00%
покатился,1,0.00%
прочем,1,0.00%
сжимала,1,0.00%
вторжением,1,0.00%
босой,1,0.00%
найранчи,1,0.00%
кошмар,1,0.00%
храмы,1,0.00%
весне,1,0.00%
позову,1,0.00%
шепча,1,0.00%
упоительны,1,0.00%
ботвинья,1,0.00%
удивлен,1,0.00%
бакалейной,1,0.00%
башмачными,1,0.00%
живого,1,0.00%
дурного,1,0.00%
ццц,1,0.00%
откусил,1,0.00%
покачали,1,0.00%
протокол,1,0.00%
уверенность,1,0.00%
охотиться,1,0.00%
оборвал,1,0.00%
откусит,1,0.00%
вдоль,1,0.00%
захочется,1,0.00%
медовые,1,0.00%
справишься,1,0.00%
ведьминского,1,0.00%
мотнув,1,0.00%
копаться,1,0.00%
хозяйку,1,0.00%
условии,1,0.00%
добьется,1,0.00%
затопить,1,0.00%
усталость,1,0.00%
крутит,1,0.00%
хозяйки,1,0.00%
угнетало,1,0.00%
хозяйке,1,0.00%
парировал,1,0.00%
жалобщикам,1,0.00%
оправдают,1,0.00%
усталости,1,0.00%
стрельнул,1,0.00%
можется,1,0.00%
высот,1,0.00%
замечание,1,0.00%
помчался,1,0.00%
поглядывали,1,0.00%
убежища,1,0.00%
превращая,1,0.00%
чудовища,1,0.00%
сладких,1,0.00%
шелкового,1,0.00%
чудовище,1,0.00%
лампа,1,0.00%
впрыгнул,1,0.00%
играем,1,0.00%
пояс,1,0.00%
бумагой,1,0.00%
книжицы,1,0.00%
лампы,1,0.00%
наблюдательный,1,0.00%
глупую,1,0.00%
сообщим,1,0.00%
прокутить,1,0.00%
торчало,1,0.00%
баками,1,0.00%
наизусть,1,0.00%
попытается,1,0.00%
сладкие,1,0.00%
утянул,1,0.00%
заведя,1,0.00%
проведенный,1,0.00%
плакали,1,0.00%
авто,1,0.00%
раздосадовано,1,0.00%
выслушает,1,0.00%
абрам,1,0.00%
прочитанные,1,0.00%
испуг,1,0.00%
сюрреалистично,1,0.00%
оборванец,1,0.00%
кража,1,0.00%
запоминает,1,0.00%
поскакал,1,0.00%
справляется,1,0.00%
чудовищу,1,0.00%
кузнечик,1,0.00%
кражу,1,0.00%
репортер,1,0.00%
хлебните,1,0.00%
чан,1,0.00%
обязывает,1,0.00%
завернули,1,0.00%
работой,1,0.00%
давить,1,0.00%
крендель,1,0.00%
крикнув,1,0.00%
попавшую,1,0.00%
настойчиво,1,0.00%
оттолкнув,1,0.00%
устремилась,1,0.00%
смягчило,1,0.00%
попытайся,1,0.00%
повесила,1,0.00%
товаром,1,0.00%
обернутый,1,0.00%
товарок,1,0.00%
привезти,1,0.00%
сбивалось,1,0.00%
притихли,1,0.00%
мера,1,0.00%
беру,1,0.00%
купчиху,1,0.00%
эпохи,1,0.00%
очнулся,1,0.00%
господам,1,0.00%
клаксон,1,0.00%
широкоплечий,1,0.00%
залебезил,1,0.00%
отпил,1,0.00%
гнать,1,0.00%
желательно,1,0.00%
обварить,1,0.00%
завела,1,0.00%
никчемная,1,0.00%
завели,1,0.00%
спасая,1,0.00%
тщетные,1,0.00%
присвоили,1,0.00%
широкоплечую,1,0.00%
атаки,1,0.00%
соседнего,1,0.00%
отпер,1,0.00%
выполню,1,0.00%
специальную,1,0.00%
выпрямится,1,0.00%
лазиным,1,0.00%
запомнились,1,0.00%
привезли,1,0.00%
нормально,1,0.00%
бубенцами,1,0.00%
завывая,1,0.00%
изорвал,1,0.00%
кошкой,1,0.00%
тетушка,1,0.00%
ощущаешь,1,0.00%
стучал,1,0.00%
наполняющие,1,0.00%
выбегали,1,0.00%
адресату,1,0.00%
оттачивать,1,0.00%
сладкое,1,0.00%
бела,1,0.00%
недели,1,0.00%
вины,1,0.00%
небольшого,1,0.00%
маленького,1,0.00%
вину,1,0.00%
защита,1,0.00%
сестры,1,0.00%
аптекарский,1,0.00%
защити,1,0.00%
чин,1,0.00%
нависнув,1,0.00%
вино,1,0.00%
играть,1,0.00%
сладкую,1,0.00%
блокнотом,1,0.00%
намочил,1,0.00%
заставленной,1,0.00%
вердикта,1,0.00%
вопросами,1,0.00%
мнения,1,0.00%
сибирский,1,0.00%
принялось,1,0.00%
пятнистую,1,0.00%
полюбопытствовать,1,0.00%
гогот,1,0.00%
зарычала,1,0.00%
закипать,1,0.00%
зарычали,1,0.00%
соберет,1,0.00%
присматривалась,1,0.00%
масштаба,1,0.00%
пору,1,0.00%
кольцами,1,0.00%
птицу,1,0.00%
спавший,1,0.00%
поре,1,0.00%
откупишься,1,0.00%
спектакля,1,0.00%
невидимый,1,0.00%
прошедших,1,0.00%
тайное,1,0.00%
кабы,1,0.00%
ходила,1,0.00%
пятнистая,1,0.00%
хлебавши,1,0.00%
звеньев,1,0.00%
насвистывая,1,0.00%
подкрепление,1,0.00%
сотый,1,0.00%
прячетесь,1,0.00%
поджимают,1,0.00%
спускались,1,0.00%
вырос,1,0.00%
страдалец,1,0.00%
начищенными,1,0.00%
трудился,1,0.00%
жительства,1,0.00%
борта,1,0.00%
вливая,1,0.00%
жонглёр,1,0.00%
пониматься,1,0.00%
важности,1,0.00%
нищий,1,0.00%
борту,1,0.00%
нищие,1,0.00%
призвать,1,0.00%
осалила,1,0.00%
невыгодном,1,0.00%
спасло,1,0.00%
попивая,1,0.00%
похлопывая,1,0.00%
красуется,1,0.00%
рапортом,1,0.00%
пейзаж,1,0.00%
позволено,1,0.00%
спасла,1,0.00%
скрестил,1,0.00%
детоубийцей,1,0.00%
котишься,1,0.00%
выдавил,1,0.00%
подвоха,1,0.00%
мелькающие,1,0.00%
скрестив,1,0.00%
затратно,1,0.00%
засеменила,1,0.00%
пышущий,1,0.00%
оконной,1,0.00%
небрежность,1,0.00%
останавливаться,1,0.00%
смолчал,1,0.00%
невпопад,1,0.00%
называет,1,0.00%
задам,1,0.00%
смеете,1,0.00%
прошедшее,1,0.00%
побарабанил,1,0.00%
набирали,1,0.00%
колдун,1,0.00%
колдуй,1,0.00%
краденные,1,0.00%
застрял,1,0.00%
применить,1,0.00%
поднося,1,0.00%
побарабанив,1,0.00%
надежное,1,0.00%
газетой,1,0.00%
пригоршню,1,0.00%
приосаниваясь,1,0.00%
задуманная,1,0.00%
подлила,1,0.00%
задав,1,0.00%
засвидетельствовал,1,0.00%
шире,1,0.00%
отрепьем,1,0.00%
устроились,1,0.00%
настоящее,1,0.00%
увязалась,1,0.00%
брошенного,1,0.00%
тысяч,1,0.00%
отправимся,1,0.00%
погрозился,1,0.00%
настоящий,1,0.00%
здоровы,1,0.00%
краля,1,0.00%
строки,1,0.00%
различить,1,0.00%
сюрприз,1,0.00%
донельзя,1,0.00%
заплетённые,1,0.00%
строку,1,0.00%
признала,1,0.00%
арестованных,1,0.00%
урчать,1,0.00%
омерзением,1,0.00%
матвеева,1,0.00%
ходите,1,0.00%
верил,1,0.00%
ресторациях,1,0.00%
потенциального,1,0.00%
хрустале,1,0.00%
подсовывая,1,0.00%
незваные,1,0.00%
присутствует,1,0.00%
фанфары,1,0.00%
поторопитесь,1,0.00%
ежась,1,0.00%
придушу,1,0.00%
признаки,1,0.00%
месяца,1,0.00%
зареветь,1,0.00%
незваных,1,0.00%
уступать,1,0.00%
мнемся,1,0.00%
задуманное,1,0.00%
пропахнет,1,0.00%
чета,1,0.00%
незнанию,1,0.00%
рейсом,1,0.00%
сухариков,1,0.00%
подвинуты,1,0.00%
задерживаясь,1,0.00%
гоготнул,1,0.00%
закружись,1,0.00%
хлебает,1,0.00%
ледяным,1,0.00%
штопаных,1,0.00%
ерундой,1,0.00%
двинуться,1,0.00%
тараторьте,1,0.00%
верой,1,0.00%
сотня,1,0.00%
выудив,1,0.00%
челюсть,1,0.00%
разогнать,1,0.00%
обождав,1,0.00%
покрепче,1,0.00%
верну,1,0.00%
чье,1,0.00%
полетах,1,0.00%
хрупкая,1,0.00%
сургучом,1,0.00%
доберется,1,0.00%
челюсти,1,0.00%
избушка,1,0.00%
запустил,1,0.00%
сменивший,1,0.00%
сунулись,1,0.00%
говор,1,0.00%
бабушке,1,0.00%
ерёмке,1,0.00%
гнал,1,0.00%
продавали,1,0.00%
бабушки,1,0.00%
ерёмка,1,0.00%
бабушка,1,0.00%
чья,1,0.00%
завис,1,0.00%
умеешь,1,0.00%
посиневшим,1,0.00%
кружевные,1,0.00%
встретить,1,0.00%
задвижкой,1,0.00%
великодушно,1,0.00%
разъярился,1,0.00%
содержание,1,0.00%
птичка,1,0.00%
вразумлю,1,0.00%
намеревалась,1,0.00%
привлек,1,0.00%
относятся,1,0.00%
ослеп,1,0.00%
отобедаю,1,0.00%
сверкающими,1,0.00%
сошедший,1,0.00%
проникновенная,1,0.00%
прыжками,1,0.00%
стучала,1,0.00%
проследуете,1,0.00%
упаковать,1,0.00%
успеть,1,0.00%
прижимаясь,1,0.00%
кабинка,1,0.00%
рассмотреть,1,0.00%
вешалка,1,0.00%
напевающий,1,0.00%
вешалки,1,0.00%
командование,1,0.00%
драл,1,0.00%
находит,1,0.00%
вешалке,1,0.00%
спокойная,1,0.00%
дотронуться,1,0.00%
петушками,1,0.00%
рубь,1,0.00%
идите,1,0.00%
отвлекло,1,0.00%
птичек,1,0.00%
поскрипывая,1,0.00%
припорошённые,1,0.00%
холщового,1,0.00%
вытирала,1,0.00%
зеркальщиками,1,0.00%
вечерние,1,0.00%
присыпая,1,0.00%
бесстрашный,1,0.00%
отвлекли,1,0.00%
водишь,1,0.00%
разномастная,1,0.00%
перепугал,1,0.00%
должности,1,0.00%
расскажем,1,0.00%
склянки,1,0.00%
закончили,1,0.00%
посекли,1,0.00%
склянку,1,0.00%
находки,1,0.00%
дикого,1,0.00%
оставались,1,0.00%
запонок,1,0.00%
вишни,1,0.00%
любителей,1,0.00%
купцов,1,0.00%
итогом,1,0.00%
подножия,1,0.00%
облачилась,1,0.00%
жизненную,1,0.00%
наплывающих,1,0.00%
битков,1,0.00%
удостоверились,1,0.00%
экипажа,1,0.00%
разбойниками,1,0.00%
захаруэтого,1,0.00%
умрешь,1,0.00%
полынью,1,0.00%
говорим,1,0.00%
пошевелила,1,0.00%
доказательств,1,0.00%
губернатору,1,0.00%
бледные,1,0.00%
завал,1,0.00%
забудьте,1,0.00%
отвернут,1,0.00%
творцы,1,0.00%
крутанул,1,0.00%
посижу,1,0.00%
фармацевту,1,0.00%
довольный,1,0.00%
закрученными,1,0.00%
суровой,1,0.00%
нежданного,1,0.00%
родная,1,0.00%
бледных,1,0.00%
лабиринте,1,0.00%
здешняя,1,0.00%
запонки,1,0.00%
отнял,1,0.00%
добротных,1,0.00%
любые,1,0.00%
зафиксированы,1,0.00%
лабиринта,1,0.00%
запонку,1,0.00%
малоль,1,0.00%
перечнем,1,0.00%
удивленной,1,0.00%
сотрудничает,1,0.00%
группе,1,0.00%
малому,1,0.00%
вешался,1,0.00%
слушателя,1,0.00%
смачно,1,0.00%
омут,1,0.00%
доставят,1,0.00%
дулом,1,0.00%
заполненное,1,0.00%
заключённому,1,0.00%
кидаясь,1,0.00%
знакомлюсь,1,0.00%
выдавал,1,0.00%
тряпья,1,0.00%
сведший,1,0.00%
корчах,1,0.00%
завел,1,0.00%
открывшийся,1,0.00%
записываешь,1,0.00%
вытирать,1,0.00%
почесала,1,0.00%
скарбом,1,0.00%
фокусы,1,0.00%
ищеек,1,0.00%
спиртом,1,0.00%
создавая,1,0.00%
алмаз,1,0.00%
унялась,1,0.00%
затейливое,1,0.00%
вспомни,1,0.00%
цепеллин,1,0.00%
дохтора,1,0.00%
примечательного,1,0.00%
болезни,1,0.00%
бакалее,1,0.00%
добрую,1,0.00%
фарфоровых,1,0.00%
болезнь,1,0.00%
возможные,1,0.00%
отвлекаю,1,0.00%
отвлекая,1,0.00%
садиться,1,0.00%
фарфоровые,1,0.00%
хулиганили,1,0.00%
разместил,1,0.00%
становилась,1,0.00%
железнодорожный,1,0.00%
округе,1,0.00%
агрессивностью,1,0.00%
повысить,1,0.00%
звуком,1,0.00%
шов,1,0.00%
разместив,1,0.00%
пагубна,1,0.00%
двинулись,1,0.00%
запечатанный,1,0.00%
никчемным,1,0.00%
успеем,1,0.00%
пагубно,1,0.00%
выходы,1,0.00%
направили,1,0.00%
учинят,1,0.00%
подметил,1,0.00%
вылезет,1,0.00%
отпусти,1,0.00%
женщиной,1,0.00%
спокойной,1,0.00%
пруд,1,0.00%
спокойном,1,0.00%
переврав,1,0.00%
зашагала,1,0.00%
позвонила,1,0.00%
интересовался,1,0.00%
передохну,1,0.00%
оторопь,1,0.00%
четыре,1,0.00%
отражать,1,0.00%
прекратив,1,0.00%
лоснились,1,0.00%
оберегая,1,0.00%
прекратим,1,0.00%
запрыгал,1,0.00%
засиделся,1,0.00%
ищешь,1,0.00%
конвертик,1,0.00%
доктору,1,0.00%
каменные,1,0.00%
плясали,1,0.00%
оной,1,0.00%
пакостную,1,0.00%
ожидания,1,0.00%
привет,1,0.00%
мармелад,1,0.00%
препятствия,1,0.00%
привыкла,1,0.00%
арестовывайте,1,0.00%
толпы,1,0.00%
головном,1,0.00%
отсиживается,1,0.00%
монахи,1,0.00%
бледная,1,0.00%
сотворив,1,0.00%
становясь,1,0.00%
младенец,1,0.00%
освещало,1,0.00%
значилось,1,0.00%
библиотеки,1,0.00%
конвертов,1,0.00%
отребья,1,0.00%
представителя,1,0.00%
потрясение,1,0.00%
изумлении,1,0.00%
змеёй,1,0.00%
бледнея,1,0.00%
главному,1,0.00%
прок,1,0.00%
руси,1,0.00%
испил,1,0.00%
потрясения,1,0.00%
изумления,1,0.00%
кинулось,1,0.00%
шут,1,0.00%
мзду,1,0.00%
подсказывало,1,0.00%
недостаточно,1,0.00%
местность,1,0.00%
готовностью,1,0.00%
покончить,1,0.00%
внести,1,0.00%
треволнения,1,0.00%
войне,1,0.00%
вольные,1,0.00%
удостоверился,1,0.00%
изжогу,1,0.00%
потрудитесь,1,0.00%
накатившей,1,0.00%
испепеляющий,1,0.00%
обрадуется,1,0.00%
калитке,1,0.00%
проникнуться,1,0.00%
означающей,1,0.00%
подвиг,1,0.00%
замызганную,1,0.00%
встретило,1,0.00%
толка,1,0.00%
пожарища,1,0.00%
нарезка,1,0.00%
жесткой,1,0.00%
признавайтесь,1,0.00%
затянул,1,0.00%
продавать,1,0.00%
нарезки,1,0.00%
полголоса,1,0.00%
прислана,1,0.00%
бросая,1,0.00%
разверзшуюся,1,0.00%
отблесками,1,0.00%
поножовщина,1,0.00%
сообщники,1,0.00%
резким,1,0.00%
отрочества,1,0.00%
нападавшего,1,0.00%
ведущие,1,0.00%
освещать,1,0.00%
ведущий,1,0.00%
руль,1,0.00%
красавчик,1,0.00%
кашу,1,0.00%
небосклоне,1,0.00%
виньетки,1,0.00%
приз,1,0.00%
нарушаете,1,0.00%
стучать,1,0.00%
привыкая,1,0.00%
накличешь,1,0.00%
небосклону,1,0.00%
проверяй,1,0.00%
доклад,1,0.00%
пуделя,1,0.00%
нараспев,1,0.00%
тесно,1,0.00%
одежи,1,0.00%
костюма,1,0.00%
заветный,1,0.00%
одежу,1,0.00%
впредь,1,0.00%
невиновности,1,0.00%
пальнут,1,0.00%
зеркальному,1,0.00%
стойке,1,0.00%
звукам,1,0.00%
преогромнейшая,1,0.00%
утречка,1,0.00%
ведущей,1,0.00%
обернутся,1,0.00%
стойку,1,0.00%
позавтракаем,1,0.00%
спугнет,1,0.00%
сложившуюся,1,0.00%
руин,1,0.00%
исчезновением,1,0.00%
название,1,0.00%
предвкушении,1,0.00%
неизвестному,1,0.00%
сливу,1,0.00%
птичьи,1,0.00%
удивленный,1,0.00%
налетевшего,1,0.00%
блохастый,1,0.00%
войдя,1,0.00%
хранящие,1,0.00%
куковать,1,0.00%
пропитание,1,0.00%
посетительницу,1,0.00%
амулет,1,0.00%
окровавленный,1,0.00%
пренебрежением,1,0.00%
договорились,1,0.00%
маневра,1,0.00%
применив,1,0.00%
одежа,1,0.00%
одеже,1,0.00%
дождемся,1,0.00%
трясли,1,0.00%
рябчиков,1,0.00%
финал,1,0.00%
стерлись,1,0.00%
карту,1,0.00%
друзьями,1,0.00%
хребта,1,0.00%
дрались,1,0.00%
перебежала,1,0.00%
годовой,1,0.00%
босоногого,1,0.00%
безжалостно,1,0.00%
авторством,1,0.00%
задрался,1,0.00%
предстояла,1,0.00%
оправдывался,1,0.00%
шёл,1,0.00%
помилуйте,1,0.00%
острую,1,0.00%
темницы,1,0.00%
переполоху,1,0.00%
забежал,1,0.00%
здешний,1,0.00%
младенца,1,0.00%
вывернув,1,0.00%
мольбу,1,0.00%
вязкостью,1,0.00%
спускаться,1,0.00%
отсутствовал,1,0.00%
здешним,1,0.00%
паука,1,0.00%
добавляя,1,0.00%
отряхивая,1,0.00%
простовато,1,0.00%
кувшинок,1,0.00%
выбранному,1,0.00%
солидности,1,0.00%
разжал,1,0.00%
сиять,1,0.00%
неприглядной,1,0.00%
мазать,1,0.00%
крутом,1,0.00%
правильнее,1,0.00%
шарманку,1,0.00%
поменьше,1,0.00%
догадку,1,0.00%
начинающееся,1,0.00%
полосатый,1,0.00%
вырвали,1,0.00%
кочерыжку,1,0.00%
опостылевших,1,0.00%
полушку,1,0.00%
ходоков,1,0.00%
позвонишь,1,0.00%
трясет,1,0.00%
счетом,1,0.00%
подмоги,1,0.00%
довольная,1,0.00%
рыжего,1,0.00%
незамеченным,1,0.00%
услышите,1,0.00%
опасливо,1,0.00%
расскажите,1,0.00%
блестящему,1,0.00%
запросить,1,0.00%
ранах,1,0.00%
свидание,1,0.00%
карта,1,0.00%
вытаращил,1,0.00%
верится,1,0.00%
щит,1,0.00%
поплотнее,1,0.00%
кувшинки,1,0.00%
уткнула,1,0.00%
расплескалась,1,0.00%
торжеством,1,0.00%
удосужились,1,0.00%
прыг,1,0.00%
закончилась,1,0.00%
пауза,1,0.00%
подают,1,0.00%
остального,1,0.00%
приобщусь,1,0.00%
опостылевший,1,0.00%
понимай,1,0.00%
массивные,1,0.00%
шелудивого,1,0.00%
пронесся,1,0.00%
монет,1,0.00%
обзавелась,1,0.00%
княжна,1,0.00%
прорасти,1,0.00%
плелись,1,0.00%
обмолвился,1,0.00%
поедет,1,0.00%
пометкой,1,0.00%
побеспокоили,1,0.00%
внутренне,1,0.00%
аккуратная,1,0.00%
ходокам,1,0.00%
ступкой,1,0.00%
мельникова,1,0.00%
порадовали,1,0.00%
вынув,1,0.00%
кабинеты,1,0.00%
сияла,1,0.00%
бордовое,1,0.00%
растеряло,1,0.00%
плененной,1,0.00%
глубину,1,0.00%
спрашиваешь,1,0.00%
сияли,1,0.00%
бордовой,1,0.00%
покажем,1,0.00%
кадавра,1,0.00%
хвалебных,1,0.00%
книгой,1,0.00%
кричащее,1,0.00%
атаковать,1,0.00%
высказалась,1,0.00%
футляр,1,0.00%
разного,1,0.00%
хмуря,1,0.00%
внесли,1,0.00%
вжался,1,0.00%
животом,1,0.00%
наведший,1,0.00%
живёхонькая,1,0.00%
колдовская,1,0.00%
пропавший,1,0.00%
штуку,1,0.00%
перстень,1,0.00%
события,1,0.00%
моченую,1,0.00%
карих,1,0.00%
педантичен,1,0.00%
штуки,1,0.00%
незрелое,1,0.00%
жаждут,1,0.00%
неудача,1,0.00%
аккуратнее,1,0.00%
сглазили,1,0.00%
блестящего,1,0.00%
острот,1,0.00%
наивности,1,0.00%
потеряли,1,0.00%
аккуратней,1,0.00%
стайками,1,0.00%
поедал,1,0.00%
переменой,1,0.00%
неуёмный,1,0.00%
погружался,1,0.00%
известила,1,0.00%
неладно,1,0.00%
гибкость,1,0.00%
отговорка,1,0.00%
прут,1,0.00%
острая,1,0.00%
улыбались,1,0.00%
бессмысленно,1,0.00%
закружилось,1,0.00%
налилось,1,0.00%
аккуратных,1,0.00%
запишите,1,0.00%
артефакту,1,0.00%
светлого,1,0.00%
извилистых,1,0.00%
рыданиями,1,0.00%
артефакте,1,0.00%
разводят,1,0.00%
артефакта,1,0.00%
негоцианту,1,0.00%
висевшие,1,0.00%
промычал,1,0.00%
свалить,1,0.00%
завсегдатаем,1,0.00%
подыщем,1,0.00%
разлита,1,0.00%
лезу,1,0.00%
проблемах,1,0.00%
били,1,0.00%
помогаю,1,0.00%
уложил,1,0.00%
сходство,1,0.00%
горя,1,0.00%
санитары,1,0.00%
отговорок,1,0.00%
срочное,1,0.00%
одобрит,1,0.00%
прочего,1,0.00%
собирали,1,0.00%
помогал,1,0.00%
выполняйте,1,0.00%
плечам,1,0.00%
двенадцатого,1,0.00%
лежа,1,0.00%
болезненно,1,0.00%
токмо,1,0.00%
причине,1,0.00%
съежился,1,0.00%
затрепыхалось,1,0.00%
салфетной,1,0.00%
придушить,1,0.00%
галочка,1,0.00%
сойтись,1,0.00%
мёдом,1,0.00%
правильную,1,0.00%
причины,1,0.00%
применяя,1,0.00%
обдурить,1,0.00%
вишневое,1,0.00%
кланяясь,1,0.00%
спальную,1,0.00%
девам,1,0.00%
улицах,1,0.00%
держаться,1,0.00%
стерли,1,0.00%
портсигар,1,0.00%
призыва,1,0.00%
аллею,1,0.00%
кружевной,1,0.00%
отворенную,1,0.00%
сторожем,1,0.00%
протискиваясь,1,0.00%
сорта,1,0.00%
собьют,1,0.00%
подскочила,1,0.00%
натворили,1,0.00%
успеют,1,0.00%
заговорщицки,1,0.00%
грызть,1,0.00%
испробовал,1,0.00%
сунуться,1,0.00%
снисхождении,1,0.00%
соперника,1,0.00%
псом,1,0.00%
отворяя,1,0.00%
держался,1,0.00%
густо,1,0.00%
отразилась,1,0.00%
псов,1,0.00%
спящего,1,0.00%
сыграть,1,0.00%
давыдов,1,0.00%
лошадок,1,0.00%
оцеплять,1,0.00%
сдержусь,1,0.00%
побоялись,1,0.00%
терпи,1,0.00%
курения,1,0.00%
почерневшие,1,0.00%
любим,1,0.00%
поздоровится,1,0.00%
любил,1,0.00%
покумекал,1,0.00%
любит,1,0.00%
ковыряя,1,0.00%
игрушку,1,0.00%
игрушки,1,0.00%
раной,1,0.00%
лошадей,1,0.00%
эффекту,1,0.00%
отбудут,1,0.00%
вытянула,1,0.00%
мига,1,0.00%
догадались,1,0.00%
бадьи,1,0.00%
склянок,1,0.00%
вытянули,1,0.00%
расспросах,1,0.00%
прошлась,1,0.00%
заверить,1,0.00%
клиника,1,0.00%
достопочтимые,1,0.00%
собирать,1,0.00%
проживал,1,0.00%
поехать,1,0.00%
закрываться,1,0.00%
пафосно,1,0.00%
тянулась,1,0.00%
христосовались,1,0.00%
забот,1,0.00%
выбрать,1,0.00%
забор,1,0.00%
колдовской,1,0.00%
мазано,1,0.00%
колдовское,1,0.00%
вздумай,1,0.00%
правильные,1,0.00%
поступлению,1,0.00%
подпрыгнула,1,0.00%
осклабился,1,0.00%
зайчиками,1,0.00%
лошадка,1,0.00%
связалась,1,0.00%
касаточка,1,0.00%
губернатором,1,0.00%
щипцы,1,0.00%
кутерьма,1,0.00%
бородка,1,0.00%
гоже,1,0.00%
озноб,1,0.00%
колдовскую,1,0.00%
придушили,1,0.00%
страсть,1,0.00%
склады,1,0.00%
орущих,1,0.00%
суровые,1,0.00%
составить,1,0.00%
опасается,1,0.00%
влияние,1,0.00%
нашлись,1,0.00%
воспримет,1,0.00%
безопасности,1,0.00%
пронесет,1,0.00%
воспользовались,1,0.00%
устоял,1,0.00%
прибил,1,0.00%
успехи,1,0.00%
помогли,1,0.00%
отвечал,1,0.00%
истуканом,1,0.00%
отвечай,1,0.00%
доставлено,1,0.00%
сыграла,1,0.00%
помогла,1,0.00%
покажут,1,0.00%
переключившись,1,0.00%
почитаю,1,0.00%
людями,1,0.00%
поездка,1,0.00%
долгий,1,0.00%
извиняться,1,0.00%
растрепанной,1,0.00%
шмат,1,0.00%
табличке,1,0.00%
протер,1,0.00%
скудные,1,0.00%
поездки,1,0.00%
почуяли,1,0.00%
поворачиваясь,1,0.00%
некоторых,1,0.00%
повидаться,1,0.00%
тенями,1,0.00%
лешу,1,0.00%
табличка,1,0.00%
подставляя,1,0.00%
клюквы,1,0.00%
долгие,1,0.00%
клюкву,1,0.00%
потрудиться,1,0.00%
лечь,1,0.00%
знакомые,1,0.00%
живодера,1,0.00%
уследили,1,0.00%
готова,1,0.00%
числом,1,0.00%
высился,1,0.00%
босяков,1,0.00%
домыслами,1,0.00%
лечи,1,0.00%
закрытыми,1,0.00%
скребут,1,0.00%
кирпичей,1,0.00%
расследованиях,1,0.00%
окончательно,1,0.00%
употреблении,1,0.00%
акробаты,1,0.00%
финале,1,0.00%
ругались,1,0.00%
душистое,1,0.00%
дмитрии,1,0.00%
бишь,1,0.00%
плетень,1,0.00%
увидишь,1,0.00%
лоток,1,0.00%
смертных,1,0.00%
семёновне,1,0.00%
погибели,1,0.00%
метле,1,0.00%
знакомую,1,0.00%
накладывая,1,0.00%
дамские,1,0.00%
готовя,1,0.00%
крошечный,1,0.00%
читайте,1,0.00%
встречался,1,0.00%
подарком,1,0.00%
напугаться,1,0.00%
ломота,1,0.00%
глядят,1,0.00%
приукрасил,1,0.00%
взирал,1,0.00%
вышитыми,1,0.00%
обыск,1,0.00%
тыча,1,0.00%
вызвались,1,0.00%
напрашивался,1,0.00%
искаженное,1,0.00%
малолетству,1,0.00%
подобная,1,0.00%
господинчик,1,0.00%
недоверчиво,1,0.00%
лето,1,0.00%
дрань,1,0.00%
малолетства,1,0.00%
стыла,1,0.00%
просят,1,0.00%
изъятые,1,0.00%
почуять,1,0.00%
ломоть,1,0.00%
венам,1,0.00%
врываться,1,0.00%
вихрам,1,0.00%
нарами,1,0.00%
опередить,1,0.00%
каплями,1,0.00%
самочувствии,1,0.00%
ринулась,1,0.00%
леса,1,0.00%
отставил,1,0.00%
отставив,1,0.00%
скользнула,1,0.00%
кряхтел,1,0.00%
поздороваться,1,0.00%
аэростата,1,0.00%
доносящийся,1,0.00%
библии,1,0.00%
скудную,1,0.00%
обманывать,1,0.00%
удивлялась,1,0.00%
щепотью,1,0.00%
жалкую,1,0.00%
убирать,1,0.00%
срастающиеся,1,0.00%
смертной,1,0.00%
бить,1,0.00%
разницы,1,0.00%
вставками,1,0.00%
наливается,1,0.00%
зрачок,1,0.00%
жильца,1,0.00%
золотые,1,0.00%
исходило,1,0.00%
средних,1,0.00%
детской,1,0.00%
разницу,1,0.00%
бежевую,1,0.00%
капля,1,0.00%
исходили,1,0.00%
привлечь,1,0.00%
удостоив,1,0.00%
миру,1,0.00%
неприятная,1,0.00%
руганью,1,0.00%
мире,1,0.00%
прикупил,1,0.00%
растирать,1,0.00%
случившимся,1,0.00%
сцены,1,0.00%
стыда,1,0.00%
незадачливого,1,0.00%
натереть,1,0.00%
плывущей,1,0.00%
сцене,1,0.00%
ходоке,1,0.00%
требуют,1,0.00%
трубами,1,0.00%
немногочисленные,1,0.00%
происхождение,1,0.00%
расположиться,1,0.00%
окрикнул,1,0.00%
идеальной,1,0.00%
набалдашников,1,0.00%
орете,1,0.00%
вихрем,1,0.00%
сгорела,1,0.00%
перевести,1,0.00%
пообщаются,1,0.00%
сыскарем,1,0.00%
бинт,1,0.00%
осознавшей,1,0.00%
отмахнуться,1,0.00%
влюблены,1,0.00%
пальчики,1,0.00%
путешествуете,1,0.00%
вышибла,1,0.00%
столбы,1,0.00%
памятуя,1,0.00%
понаведовал,1,0.00%
дерзко,1,0.00%
скуксилась,1,0.00%
бежевый,1,0.00%
чину,1,0.00%
розового,1,0.00%
удивлялся,1,0.00%
шерстяное,1,0.00%
трясите,1,0.00%
озверели,1,0.00%
отклонятся,1,0.00%
родимой,1,0.00%
замотанную,1,0.00%
столам,1,0.00%
цель,1,0.00%
прятать,1,0.00%
обойтись,1,0.00%
сбегав,1,0.00%
мужчиной,1,0.00%
беспокойных,1,0.00%
мелодично,1,0.00%
тревожным,1,0.00%
шерстяном,1,0.00%
поверил,1,0.00%
пудрите,1,0.00%
ножом,1,0.00%
поступил,1,0.00%
определю,1,0.00%
прыгнет,1,0.00%
диким,1,0.00%
отражении,1,0.00%
жареной,1,0.00%
погребут,1,0.00%
цены,1,0.00%
убиенных,1,0.00%
догнал,1,0.00%
баталию,1,0.00%
трусостью,1,0.00%
спрашивала,1,0.00%
разбирательства,1,0.00%
мелких,1,0.00%
сопротивление,1,0.00%
чист,1,0.00%
нередко,1,0.00%
внимал,1,0.00%
пожалел,1,0.00%
образовалось,1,0.00%
наставлял,1,0.00%
крепкого,1,0.00%
остаетесь,1,0.00%
сжимается,1,0.00%
своеобразным,1,0.00%
цепи,1,0.00%
домогательствам,1,0.00%
уверенностью,1,0.00%
неуклюже,1,0.00%
ладошкой,1,0.00%
трясине,1,0.00%
колыхались,1,0.00%
подведете,1,0.00%
цепь,1,0.00%
путного,1,0.00%
трансляцию,1,0.00%
обедом,1,0.00%
доверился,1,0.00%
папенькой,1,0.00%
засела,1,0.00%
шикает,1,0.00%
загремели,1,0.00%
ножке,1,0.00%
происходившее,1,0.00%
болела,1,0.00%
слушался,1,0.00%
ножка,1,0.00%
замотали,1,0.00%
отравы,1,0.00%
болели,1,0.00%
окутывал,1,0.00%
различный,1,0.00%
праве,1,0.00%
замотала,1,0.00%
подержите,1,0.00%
ложечкой,1,0.00%
болело,1,0.00%
словит,1,0.00%
углубились,1,0.00%
тепла,1,0.00%
растопырил,1,0.00%
проникла,1,0.00%
ругая,1,0.00%
рамку,1,0.00%
заслужила,1,0.00%
запомнится,1,0.00%
драть,1,0.00%
закрутила,1,0.00%
подаст,1,0.00%
запомнят,1,0.00%
сопела,1,0.00%
взятую,1,0.00%
рамке,1,0.00%
несуразная,1,0.00%
вскакивает,1,0.00%
пронзительным,1,0.00%
прыгнул,1,0.00%
пронзительный,1,0.00%
бессмысленный,1,0.00%
бессмысленные,1,0.00%
текущих,1,0.00%
стоеросовая,1,0.00%
замыкавший,1,0.00%
вглубину,1,0.00%
получилось,1,0.00%
завершалась,1,0.00%
столов,1,0.00%
животных,1,0.00%
надкусил,1,0.00%
полуподвальных,1,0.00%
сильная,1,0.00%
искусственной,1,0.00%
лаковом,1,0.00%
перешагнув,1,0.00%
зрением,1,0.00%
испугалась,1,0.00%
моргнул,1,0.00%
желтушным,1,0.00%
сажал,1,0.00%
убедилась,1,0.00%
скрючился,1,0.00%
изготовила,1,0.00%
отвлекаешь,1,0.00%
бабушкой,1,0.00%
сгущаются,1,0.00%
поживем,1,0.00%
вывалят,1,0.00%
накрою,1,0.00%
неспокойно,1,0.00%
заныло,1,0.00%
смертная,1,0.00%
взмолился,1,0.00%
уюте,1,0.00%
докажи,1,0.00%
алексеем,1,0.00%
справках,1,0.00%
дикая,1,0.00%
попали,1,0.00%
ступеньку,1,0.00%
выходки,1,0.00%
немой,1,0.00%
разнимал,1,0.00%
упечь,1,0.00%
завыли,1,0.00%
отозвались,1,0.00%
предположения,1,0.00%
бокалы,1,0.00%
садился,1,0.00%
ломбардщика,1,0.00%
грех,1,0.00%
соседствовали,1,0.00%
боковой,1,0.00%
решётки,1,0.00%
молвить,1,0.00%
похлопала,1,0.00%
пареньком,1,0.00%
тенях,1,0.00%
соседствовало,1,0.00%
нелеп,1,0.00%
неподдельное,1,0.00%
визитом,1,0.00%
пудовым,1,0.00%
пригрожу,1,0.00%
попрощались,1,0.00%
братьям,1,0.00%
бутылке,1,0.00%
ставил,1,0.00%
действиям,1,0.00%
водилось,1,0.00%
покрылся,1,0.00%
затапливает,1,0.00%
дежурная,1,0.00%
регистрировал,1,0.00%
строптивец,1,0.00%
бокале,1,0.00%
снисходительно,1,0.00%
рехнулась,1,0.00%
сдерживаться,1,0.00%
теперешним,1,0.00%
обычную,1,0.00%
сказанное,1,0.00%
створкам,1,0.00%
вскакивали,1,0.00%
хворых,1,0.00%
тенью,1,0.00%
витрине,1,0.00%
кнопку,1,0.00%
рудимент,1,0.00%
собираюсь,1,0.00%
сумасшедшая,1,0.00%
любовных,1,0.00%
распахнутую,1,0.00%
растворится,1,0.00%
зарделась,1,0.00%
принимаясь,1,0.00%
обернулись,1,0.00%
присутствовал,1,0.00%
болью,1,0.00%
откликов,1,0.00%
гостином,1,0.00%
размеренная,1,0.00%
лежачему,1,0.00%
восхитился,1,0.00%
заморочил,1,0.00%
отставной,1,0.00%
взмыли,1,0.00%
выставил,1,0.00%
темнеющего,1,0.00%
ставни,1,0.00%
слушались,1,0.00%
скромной,1,0.00%
хрустнул,1,0.00%
отметив,1,0.00%
худые,1,0.00%
уселся,1,0.00%
проходы,1,0.00%
запутала,1,0.00%
скроет,1,0.00%
постороннего,1,0.00%
прохода,1,0.00%
распекать,1,0.00%
текстом,1,0.00%
проходи,1,0.00%
холодному,1,0.00%
пятерню,1,0.00%
понесут,1,0.00%
молвила,1,0.00%
канючить,1,0.00%
исповедь,1,0.00%
греет,1,0.00%
оглушительный,1,0.00%
послушаю,1,0.00%
действиями,1,0.00%
любовное,1,0.00%
приглядывал,1,0.00%
послушав,1,0.00%
гвозди,1,0.00%
мягкотелых,1,0.00%
погибшего,1,0.00%
поиграем,1,0.00%
понесся,1,0.00%
расспрошу,1,0.00%
сорочку,1,0.00%
помосту,1,0.00%
неприятные,1,0.00%
сорочки,1,0.00%
ноющая,1,0.00%
гранатов,1,0.00%
захаром,1,0.00%
заволновался,1,0.00%
каналам,1,0.00%
заюлил,1,0.00%
выцарапать,1,0.00%
неровном,1,0.00%
неожиданное,1,0.00%
обычных,1,0.00%
раненую,1,0.00%
помешаю,1,0.00%
завязывают,1,0.00%
ульянка,1,0.00%
просит,1,0.00%
обычным,1,0.00%
поступал,1,0.00%
рассеянным,1,0.00%
озвучить,1,0.00%
корпус,1,0.00%
гостинец,1,0.00%
трапезничать,1,0.00%
грозили,1,0.00%
помешал,1,0.00%
вырезку,1,0.00%
заозирался,1,0.00%
обязательные,1,0.00%
властелином,1,0.00%
околоткина,1,0.00%
глоточек,1,0.00%
убейте,1,0.00%
бутылок,1,0.00%
запутать,1,0.00%
убитым,1,0.00%
разбегаются,1,0.00%
пережила,1,0.00%
материал,1,0.00%
намеченному,1,0.00%
пережили,1,0.00%
вырезка,1,0.00%
пущу,1,0.00%
подстраховки,1,0.00%
проклятое,1,0.00%
заботясь,1,0.00%
вихры,1,0.00%
прикорнувшая,1,0.00%
идешь,1,0.00%
чиркая,1,0.00%
невыполнении,1,0.00%
штатной,1,0.00%
чернь,1,0.00%
таймень,1,0.00%
дивился,1,0.00%
правила,1,0.00%
неудачным,1,0.00%
молчи,1,0.00%
прокрутил,1,0.00%
сахаром,1,0.00%
сахарок,1,0.00%
капая,1,0.00%
нападали,1,0.00%
благословенную,1,0.00%
подействует,1,0.00%
блином,1,0.00%
сердечную,1,0.00%
душистый,1,0.00%
кошку,1,0.00%
набегали,1,0.00%
намешана,1,0.00%
саботируете,1,0.00%
мужике,1,0.00%
ввалился,1,0.00%
мужики,1,0.00%
зреющее,1,0.00%
разгоряченные,1,0.00%
пуча,1,0.00%
намешано,1,0.00%
суетились,1,0.00%
бескозырку,1,0.00%
обычная,1,0.00%
захлебываясь,1,0.00%
мужику,1,0.00%
орут,1,0.00%
слезу,1,0.00%
свинцом,1,0.00%
застонала,1,0.00%
переживем,1,0.00%
лучшему,1,0.00%
обезвредили,1,0.00%
собачонку,1,0.00%
загадочного,1,0.00%
повлияет,1,0.00%
садитесь,1,0.00%
шкатулка,1,0.00%
расхлебывает,1,0.00%
некоторой,1,0.00%
делавший,1,0.00%
папеньку,1,0.00%
угрюмо,1,0.00%
творящего,1,0.00%
горького,1,0.00%
неразумный,1,0.00%
слоновой,1,0.00%
обнюхав,1,0.00%
протолкнувшись,1,0.00%
духу,1,0.00%
слезе,1,0.00%
побеседуем,1,0.00%
сбила,1,0.00%
трону,1,0.00%
раскисать,1,0.00%
гурьевскую,1,0.00%
черта,1,0.00%
собственные,1,0.00%
черти,1,0.00%
заносите,1,0.00%
господами,1,0.00%
заикой,1,0.00%
собственных,1,0.00%
ставят,1,0.00%
коврижки,1,0.00%
практикой,1,0.00%
скромный,1,0.00%
отразиться,1,0.00%
черты,1,0.00%
разбери,1,0.00%
переживай,1,0.00%
сдержан,1,0.00%
неуловимо,1,0.00%
поблагодарить,1,0.00%
клюкой,1,0.00%
съязвил,1,0.00%
тянешь,1,0.00%
средней,1,0.00%
ошеломленный,1,0.00%
помотал,1,0.00%
пасху,1,0.00%
магическая,1,0.00%
опутывать,1,0.00%
пасхи,1,0.00%
остаточное,1,0.00%
сосредоточившись,1,0.00%
скрывал,1,0.00%
катались,1,0.00%
вцепились,1,0.00%
обретя,1,0.00%
грош,1,0.00%
импровизированному,1,0.00%
попалось,1,0.00%
коробочкой,1,0.00%
славится,1,0.00%
отстраняясь,1,0.00%
слега,1,0.00%
начались,1,0.00%
зацокала,1,0.00%
клокотало,1,0.00%
дурь,1,0.00%
ржание,1,0.00%
повлияло,1,0.00%
настенное,1,0.00%
дури,1,0.00%
тьма,1,0.00%
утопленников,1,0.00%
следующих,1,0.00%
склонившееся,1,0.00%
талисманах,1,0.00%
безделицами,1,0.00%
шествие,1,0.00%
закрыл,1,0.00%
мавка,1,0.00%
закрыв,1,0.00%
наполнился,1,0.00%
дергалась,1,0.00%
отпускала,1,0.00%
пунш,1,0.00%
утирает,1,0.00%
269680,1,0.00%
брызги,1,0.00%
значимого,1,0.00%
тонкое,1,0.00%
проклятые,1,0.00%
злодейство,1,0.00%
пулю,1,0.00%
лапищами,1,0.00%
чудеса,1,0.00%
отразившись,1,0.00%
дуло,1,0.00%
тухлятиной,1,0.00%
вызванное,1,0.00%
знакомое,1,0.00%
одутловатые,1,0.00%
отправляйте,1,0.00%
ужасному,1,0.00%
пределах,1,0.00%
многообещающе,1,0.00%
когтистая,1,0.00%
коллективом,1,0.00%
сведения,1,0.00%
сердечное,1,0.00%
вечеру,1,0.00%
сердечной,1,0.00%
выбритые,1,0.00%
наличие,1,0.00%
распахнутой,1,0.00%
встрял,1,0.00%
вкусное,1,0.00%
потомственная,1,0.00%
наблюдалось,1,0.00%
воздушному,1,0.00%
отлучилась,1,0.00%
копеечка,1,0.00%
заворчал,1,0.00%
копеечку,1,0.00%
повернута,1,0.00%
высматривая,1,0.00%
мелькала,1,0.00%
встрепенулась,1,0.00%
одетая,1,0.00%
невинной,1,0.00%
общую,1,0.00%
согласия,1,0.00%
сообразительным,1,0.00%
командирована,1,0.00%
легкость,1,0.00%
надувной,1,0.00%
цепляясь,1,0.00%
унять,1,0.00%
сгущает,1,0.00%
бросающийся,1,0.00%
узнай,1,0.00%
ноге,1,0.00%
резными,1,0.00%
утирал,1,0.00%
магической,1,0.00%
магическом,1,0.00%
оттолкнувшись,1,0.00%
силком,1,0.00%
сплюнул,1,0.00%
откат,1,0.00%
уговорили,1,0.00%
пристойно,1,0.00%
домохозяйка,1,0.00%
осел,1,0.00%
обоснован,1,0.00%
бритья,1,0.00%
ночами,1,0.00%
глотка,1,0.00%
архангельскими,1,0.00%
глотку,1,0.00%
родину,1,0.00%
подворотни,1,0.00%
упражняетесь,1,0.00%
гудели,1,0.00%
натиска,1,0.00%
переиначить,1,0.00%
подворотен,1,0.00%
следящего,1,0.00%
заполнил,1,0.00%
летнему,1,0.00%
порадовал,1,0.00%
прекрасную,1,0.00%
мерил,1,0.00%
путайся,1,0.00%
склоняется,1,0.00%
позволения,1,0.00%
устраивают,1,0.00%
ощетинился,1,0.00%
полынный,1,0.00%
ближайшей,1,0.00%
угадаете,1,0.00%
ближайшее,1,0.00%
попытать,1,0.00%
горечь,1,0.00%
вцепиться,1,0.00%
оживленному,1,0.00%
слышали,1,0.00%
ближайший,1,0.00%
прошамкала,1,0.00%
ближайшие,1,0.00%
кидал,1,0.00%
заголосил,1,0.00%
несдержанный,1,0.00%
свежестью,1,0.00%
десятков,1,0.00%
ставший,1,0.00%
поддерживаешь,1,0.00%
привлекли,1,0.00%
звенело,1,0.00%
свободе,1,0.00%
минутная,1,0.00%
затхлости,1,0.00%
аптечку,1,0.00%
звенела,1,0.00%
стервец,1,0.00%
разобьете,1,0.00%
клумба,1,0.00%
паровиком,1,0.00%
скаля,1,0.00%
следствие,1,0.00%
опознали,1,0.00%
сызмальства,1,0.00%
смертоубийств,1,0.00%
фигурку,1,0.00%
российской,1,0.00%
верблюдов,1,0.00%
фигурки,1,0.00%
сосредоточенная,1,0.00%
значимых,1,0.00%
надоедливы,1,0.00%
наложенные,1,0.00%
команды,1,0.00%
франтик,1,0.00%
ближайших,1,0.00%
отставляя,1,0.00%
открыто,1,0.00%
растащили,1,0.00%
закашлялись,1,0.00%
червь,1,0.00%
непонятного,1,0.00%
растерялась,1,0.00%
веков,1,0.00%
супруге,1,0.00%
вознаграждением,1,0.00%
пряно,1,0.00%
прищемил,1,0.00%
клочковатую,1,0.00%
преступники,1,0.00%
поуютнее,1,0.00%
приходило,1,0.00%
завелся,1,0.00%
возвращайся,1,0.00%
несчастны,1,0.00%
приходили,1,0.00%
преступника,1,0.00%
раздаешь,1,0.00%
прибудут,1,0.00%
заполняют,1,0.00%
скорбный,1,0.00%
избежание,1,0.00%
подозрение,1,0.00%
преступнику,1,0.00%
net,1,0.00%
рассчитывая,1,0.00%
шумовой,1,0.00%
кодекса,1,0.00%
хлопала,1,0.00%
скорбных,1,0.00%
ланцета,1,0.00%
рассчитывал,1,0.00%
повзрослеть,1,0.00%
вкусные,1,0.00%
беседах,1,0.00%
привлекая,1,0.00%
папье,1,0.00%
прижизненный,1,0.00%
пошёл,1,0.00%
открыты,1,0.00%
показаться,1,0.00%
связку,1,0.00%
подпростыл,1,0.00%
мамочки,1,0.00%
общей,1,0.00%
угомонится,1,0.00%
закрой,1,0.00%
повернула,1,0.00%
метала,1,0.00%
грохот,1,0.00%
приспособление,1,0.00%
вылез,1,0.00%
беседой,1,0.00%
подбежав,1,0.00%
юродствуй,1,0.00%
дирижабли,1,0.00%
отстранив,1,0.00%
горошине,1,0.00%
зеркальным,1,0.00%
кораблики,1,0.00%
приложили,1,0.00%
прямого,1,0.00%
новогодняя,1,0.00%
перебрался,1,0.00%
посылает,1,0.00%
припрятал,1,0.00%
пустобрех,1,0.00%
выслушивать,1,0.00%
грамма,1,0.00%
выкрикивая,1,0.00%
получи,1,0.00%
спинку,1,0.00%
стёклами,1,0.00%
доставили,1,0.00%
остаются,1,0.00%
некую,1,0.00%
сердешной,1,0.00%
ярмарке,1,0.00%
исподнем,1,0.00%
шутку,1,0.00%
свободны,1,0.00%
ноте,1,0.00%
раскачиваясь,1,0.00%
монастыря,1,0.00%
зарумянившись,1,0.00%
шутки,1,0.00%
навестит,1,0.00%
свободой,1,0.00%
носы,1,0.00%
благоухание,1,0.00%
сварганить,1,0.00%
разбита,1,0.00%
умирает,1,0.00%
приходу,1,0.00%
ненаглядная,1,0.00%
сообщений,1,0.00%
невредимый,1,0.00%
мудрость,1,0.00%
записать,1,0.00%
носа,1,0.00%
сонно,1,0.00%
паломничество,1,0.00%
пересохли,1,0.00%
потрепать,1,0.00%
денежку,1,0.00%
скрывавших,1,0.00%
посмертное,1,0.00%
кондуктору,1,0.00%
косвенные,1,0.00%
неправильно,1,0.00%
вора,1,0.00%
сверяется,1,0.00%
завораживающий,1,0.00%
присоветовала,1,0.00%
прелестно,1,0.00%
несчастному,1,0.00%
пациенту,1,0.00%
спрос,1,0.00%
усомнилась,1,0.00%
целиком,1,0.00%
гоняет,1,0.00%
выдвинуть,1,0.00%
томился,1,0.00%
отскочила,1,0.00%
неразумному,1,0.00%
болот,1,0.00%
узнаете,1,0.00%
паровиками,1,0.00%
промахнитесь,1,0.00%
шорохи,1,0.00%
способом,1,0.00%
вдохни,1,0.00%
клочковатая,1,0.00%
бродит,1,0.00%
оспы,1,0.00%
доподлинно,1,0.00%
захочет,1,0.00%
сердишься,1,0.00%
застывшим,1,0.00%
слежку,1,0.00%
писаному,1,0.00%
пишущий,1,0.00%
вскинулся,1,0.00%
вчерась,1,0.00%
ноль,1,0.00%
укажет,1,0.00%
новенький,1,0.00%
мокну,1,0.00%
храбрости,1,0.00%
взвилась,1,0.00%
ринется,1,0.00%
нахожу,1,0.00%
лебедь,1,0.00%
крохотный,1,0.00%
выхлопотала,1,0.00%
обильных,1,0.00%
задушевные,1,0.00%
отчитаюсь,1,0.00%
поправился,1,0.00%
свалившихся,1,0.00%
гоняла,1,0.00%
воле,1,0.00%
заезжать,1,0.00%
свободен,1,0.00%
наведении,1,0.00%
некое,1,0.00%
щелкнуло,1,0.00%
федьке,1,0.00%
некой,1,0.00%
окромя,1,0.00%
фраке,1,0.00%
теней,1,0.00%
загрохотали,1,0.00%
щелкнула,1,0.00%
неожиданным,1,0.00%
находя,1,0.00%
перебивала,1,0.00%
уехали,1,0.00%
сестрой,1,0.00%
утреца,1,0.00%
навестим,1,0.00%
неким,1,0.00%
оформляет,1,0.00%
подворотню,1,0.00%
торопясь,1,0.00%
пособникам,1,0.00%
затоптала,1,0.00%
согласна,1,0.00%
застилают,1,0.00%
узнаешь,1,0.00%
разбили,1,0.00%
замести,1,0.00%
бочком,1,0.00%
фабрик,1,0.00%
уловимые,1,0.00%
затоптали,1,0.00%
чертову,1,0.00%
желудок,1,0.00%
откликалось,1,0.00%
отросли,1,0.00%
ножу,1,0.00%
виновного,1,0.00%
скрывавшую,1,0.00%
перепрыгивая,1,0.00%
болен,1,0.00%
дождешься,1,0.00%
несчастью,1,0.00%
удалится,1,0.00%
уделали,1,0.00%
ножа,1,0.00%
велев,1,0.00%
лепота,1,0.00%
загостившихся,1,0.00%
брошенный,1,0.00%
невосприимчивости,1,0.00%
страхов,1,0.00%
новые,1,0.00%
смеша,1,0.00%
крышу,1,0.00%
передала,1,0.00%
внезапности,1,0.00%
болеть,1,0.00%
колотилось,1,0.00%
являлось,1,0.00%
задумает,1,0.00%
разволновался,1,0.00%
заприметил,1,0.00%
баловался,1,0.00%
сломалась,1,0.00%
франта,1,0.00%
подадите,1,0.00%
здравствуйте,1,0.00%
извиняясь,1,0.00%
коробочки,1,0.00%
наведаюсь,1,0.00%
гонять,1,0.00%
неприятностей,1,0.00%
застыли,1,0.00%
снадобье,1,0.00%
пробираясь,1,0.00%
обнаружила,1,0.00%
коробочка,1,0.00%
выдрал,1,0.00%
порошок,1,0.00%
растерзание,1,0.00%
морщинистой,1,0.00%
поцеловал,1,0.00%
стараюсь,1,0.00%
занятием,1,0.00%
летучая,1,0.00%
новых,1,0.00%
бойцы,1,0.00%
камня,1,0.00%
явью,1,0.00%
расшибиться,1,0.00%
разыгравшейся,1,0.00%
подходящего,1,0.00%
пронзительны,1,0.00%
гонялся,1,0.00%
напольные,1,0.00%
эмм,1,0.00%
отравился,1,0.00%
стоявшая,1,0.00%
осуждающим,1,0.00%
счету,1,0.00%
непотребства,1,0.00%
блюд,1,0.00%
сметь,1,0.00%
легкие,1,0.00%
задумали,1,0.00%
перенесенной,1,0.00%
вязала,1,0.00%
донизу,1,0.00%
прочёсывают,1,0.00%
норовя,1,0.00%
пальните,1,0.00%
хрипло,1,0.00%
подсоблю,1,0.00%
смесь,1,0.00%
стефан,1,0.00%
опознал,1,0.00%
перебивая,1,0.00%
проводник,1,0.00%
обустроиться,1,0.00%
пощечины,1,0.00%
заметку,1,0.00%
заметка,1,0.00%
попьешь,1,0.00%
оживилась,1,0.00%
воют,1,0.00%
крыши,1,0.00%
мутным,1,0.00%
происходила,1,0.00%
подобных,1,0.00%
улочках,1,0.00%
мушку,1,0.00%
стихали,1,0.00%
отбитыми,1,0.00%
подобный,1,0.00%
обедаю,1,0.00%
сундук,1,0.00%
просвещенный,1,0.00%
лаешь,1,0.00%
кивнули,1,0.00%
вагонам,1,0.00%
крыса,1,0.00%
осыпавшимся,1,0.00%
намеков,1,0.00%
крысы,1,0.00%
предупреждение,1,0.00%
отварным,1,0.00%
дубина,1,0.00%
несладко,1,0.00%
спокойны,1,0.00%
подсобку,1,0.00%
особенностей,1,0.00%
вломился,1,0.00%
разгонять,1,0.00%
профессий,1,0.00%
кутенок,1,0.00%
профессии,1,0.00%
затруднителен,1,0.00%
происходящим,1,0.00%
приговаривала,1,0.00%
смены,1,0.00%
лихо,1,0.00%
футляра,1,0.00%
скрывают,1,0.00%
забытья,1,0.00%
займет,1,0.00%
верность,1,0.00%
висящий,1,0.00%
нитей,1,0.00%
обнаружить,1,0.00%
многоль,1,0.00%
десерты,1,0.00%
натащил,1,0.00%
втянулось,1,0.00%
подтверждают,1,0.00%
пристроил,1,0.00%
камер,1,0.00%
наземь,1,0.00%
метнулось,1,0.00%
тетради,1,0.00%
бросили,1,0.00%
одернула,1,0.00%
устраивает,1,0.00%
опытов,1,0.00%
впитывает,1,0.00%
укладывать,1,0.00%
замирало,1,0.00%
доведет,1,0.00%
блажь,1,0.00%
справляешься,1,0.00%
лепестки,1,0.00%
записала,1,0.00%
осколку,1,0.00%
колоннами,1,0.00%
прогулочному,1,0.00%
ношу,1,0.00%
стреляли,1,0.00%
суровы,1,0.00%
растяпостью,1,0.00%
шутит,1,0.00%
настроен,1,0.00%
кепи,1,0.00%
бритва,1,0.00%
величественная,1,0.00%
камышловское,1,0.00%
книжкой,1,0.00%
засмеялся,1,0.00%
чтящую,1,0.00%
кивнет,1,0.00%
душевность,1,0.00%
напуганные,1,0.00%
пообщаемся,1,0.00%
таиться,1,0.00%
осень,1,0.00%
покойнику,1,0.00%
смертности,1,0.00%
поймем,1,0.00%
прицельно,1,0.00%
приметила,1,0.00%
настроив,1,0.00%
лопат,1,0.00%
большими,1,0.00%
прячутся,1,0.00%
стесняясь,1,0.00%
рыдания,1,0.00%
поломанной,1,0.00%
печальным,1,0.00%
сохрани,1,0.00%
свихнусь,1,0.00%
глубже,1,0.00%
глядящий,1,0.00%
пробрался,1,0.00%
висящее,1,0.00%
снести,1,0.00%
скорбном,1,0.00%
отвернулись,1,0.00%
выдавало,1,0.00%
район,1,0.00%
вашими,1,0.00%
выскакивает,1,0.00%
попадаться,1,0.00%
ноздреватый,1,0.00%
просители,1,0.00%
трезвой,1,0.00%
совпадений,1,0.00%
мастера,1,0.00%
размолола,1,0.00%
одеваться,1,0.00%
опередила,1,0.00%
легкую,1,0.00%
деваться,1,0.00%
копаешься,1,0.00%
сгустилась,1,0.00%
недобро,1,0.00%
притворив,1,0.00%
солодовские,1,0.00%
ногой,1,0.00%
неимоверная,1,0.00%
булыжной,1,0.00%
повысив,1,0.00%
удлинившиеся,1,0.00%
разрешению,1,0.00%
никакая,1,0.00%
отче,1,0.00%
молчит,1,0.00%
заколдовал,1,0.00%
охраннику,1,0.00%
нервов,1,0.00%
использовала,1,0.00%
увеселительные,1,0.00%
гигантскими,1,0.00%
смертельная,1,0.00%
тюки,1,0.00%
девичьих,1,0.00%
использовали,1,0.00%
положена,1,0.00%
разглядели,1,0.00%
скользнет,1,0.00%
пацаненок,1,0.00%
подойдет,1,0.00%
темка,1,0.00%
слушаться,1,0.00%
разглядел,1,0.00%
червячок,1,0.00%
расхитительство,1,0.00%
вспыхнула,1,0.00%
створки,1,0.00%
вагонов,1,0.00%
воздействием,1,0.00%
мордой,1,0.00%
подобной,1,0.00%
повесил,1,0.00%
тесной,1,0.00%
компотом,1,0.00%
сплевывая,1,0.00%
протирая,1,0.00%
ссылаясь,1,0.00%
затаится,1,0.00%
лакированной,1,0.00%
кабинетом,1,0.00%
держит,1,0.00%
продавайте,1,0.00%
одетую,1,0.00%
мутной,1,0.00%
многократно,1,0.00%
берут,1,0.00%
несчастен,1,0.00%
глубок,1,0.00%
переглянувшись,1,0.00%
покрикивал,1,0.00%
позавчерашнюю,1,0.00%
осмеливаетесь,1,0.00%
одетый,1,0.00%
белоснежной,1,0.00%
освободившийся,1,0.00%
растяпа,1,0.00%
одетым,1,0.00%
бадейку,1,0.00%
затмевая,1,0.00%
рубаху,1,0.00%
зазнайства,1,0.00%
трансформацию,1,0.00%
составлю,1,0.00%
успокоил,1,0.00%
стальная,1,0.00%
бадейки,1,0.00%
смешивать,1,0.00%
сходить,1,0.00%
отчитываются,1,0.00%
венских,1,0.00%
прогнусавил,1,0.00%
сердечко,1,0.00%
тихое,1,0.00%
намекал,1,0.00%
использована,1,0.00%
никакие,1,0.00%
венский,1,0.00%
перестали,1,0.00%
уронил,1,0.00%
пригладив,1,0.00%
дрожащим,1,0.00%
усугубляет,1,0.00%
легким,1,0.00%
открывал,1,0.00%
легких,1,0.00%
недоверчивые,1,0.00%
подхватывая,1,0.00%
выкрики,1,0.00%
отступила,1,0.00%
ступенями,1,0.00%
отступили,1,0.00%
сервизы,1,0.00%
бокам,1,0.00%
настойкой,1,0.00%
выбегающую,1,0.00%
приподнятое,1,0.00%
обязался,1,0.00%
перестала,1,0.00%
апреле,1,0.00%
разруху,1,0.00%
поймут,1,0.00%
покалечить,1,0.00%
зашелся,1,0.00%
сословием,1,0.00%
занимательная,1,0.00%
служащим,1,0.00%
посещал,1,0.00%
оборачивался,1,0.00%
тараторил,1,0.00%
квакай,1,0.00%
споткнулся,1,0.00%
пододвигая,1,0.00%
разминая,1,0.00%
соглашался,1,0.00%
погодой,1,0.00%
патологоанатом,1,0.00%
вылилось,1,0.00%
поручений,1,0.00%
захочу,1,0.00%
понаваристей,1,0.00%
поклясться,1,0.00%
отравила,1,0.00%
шторы,1,0.00%
посторониться,1,0.00%
превратит,1,0.00%
чужероден,1,0.00%
тихим,1,0.00%
райских,1,0.00%
ровесником,1,0.00%
подбежала,1,0.00%
легком,1,0.00%
держат,1,0.00%
прибранная,1,0.00%
грудой,1,0.00%
забывать,1,0.00%
заходила,1,0.00%
подстраивал,1,0.00%
босыми,1,0.00%
пискнул,1,0.00%
боись,1,0.00%
подозреваемых,1,0.00%
прибывший,1,0.00%
подозреваемым,1,0.00%
подозреваемый,1,0.00%
вслух,1,0.00%
комнатушке,1,0.00%
вдень,1,0.00%
прохвост,1,0.00%
комнатушки,1,0.00%
обморок,1,0.00%
выкрикивала,1,0.00%
заходится,1,0.00%
мишенька,1,0.00%
слились,1,0.00%
закрыта,1,0.00%
капусты,1,0.00%
повторился,1,0.00%
арестуем,1,0.00%
ускорила,1,0.00%
пришедшего,1,0.00%
откидной,1,0.00%
скомканные,1,0.00%
водителя,1,0.00%
скомканный,1,0.00%
вспыльчив,1,0.00%
чирикали,1,0.00%
обрати,1,0.00%
растерянное,1,0.00%
обвинений,1,0.00%
прилетела,1,0.00%
иссиня,1,0.00%
излив,1,0.00%
викторины,1,0.00%
деревенскую,1,0.00%
заработали,1,0.00%
врет,1,0.00%
угостит,1,0.00%
паники,1,0.00%
пролетит,1,0.00%
выгреб,1,0.00%
ежиному,1,0.00%
надеждами,1,0.00%
играете,1,0.00%
вред,1,0.00%
отряхнул,1,0.00%
алели,1,0.00%
надеждой,1,0.00%
почил,1,0.00%
ходивший,1,0.00%
щуря,1,0.00%
дочкой,1,0.00%
голодом,1,0.00%
поведением,1,0.00%
закрыто,1,0.00%
укрылось,1,0.00%
арестом,1,0.00%
комнатушку,1,0.00%
хранятся,1,0.00%
отразился,1,0.00%
подевались,1,0.00%
речей,1,0.00%
помогали,1,0.00%
кончики,1,0.00%
девяноста,1,0.00%
рябой,1,0.00%
дарила,1,0.00%
облокотился,1,0.00%
заставивший,1,0.00%
устроилась,1,0.00%
прелестница,1,0.00%
монотонной,1,0.00%
заходите,1,0.00%
теснят,1,0.00%
сожалел,1,0.00%
настоем,1,0.00%
попрекать,1,0.00%
описание,1,0.00%
таковых,1,0.00%
значились,1,0.00%
орнамент,1,0.00%
гуди,1,0.00%
пышкам,1,0.00%
званного,1,0.00%
серым,1,0.00%
топорщился,1,0.00%
сместились,1,0.00%
незаметным,1,0.00%
менял,1,0.00%
незаметный,1,0.00%
сутулясь,1,0.00%
личную,1,0.00%
кофию,1,0.00%
пролетов,1,0.00%
испортил,1,0.00%
натянул,1,0.00%
текст,1,0.00%
непростая,1,0.00%
направимся,1,0.00%
тоскливое,1,0.00%
предположив,1,0.00%
свороток,1,0.00%
устроить,1,0.00%
морщитесь,1,0.00%
рычал,1,0.00%
бросайте,1,0.00%
завтрака,1,0.00%
дальнего,1,0.00%
брось,1,0.00%
действовала,1,0.00%
коридором,1,0.00%
пролетке,1,0.00%
короткими,1,0.00%
картине,1,0.00%
пролетка,1,0.00%
сезона,1,0.00%
устроите,1,0.00%
гулко,1,0.00%
приведите,1,0.00%
незнакомки,1,0.00%
блеснул,1,0.00%
скользя,1,0.00%
губе,1,0.00%
газетчика,1,0.00%
незнакомку,1,0.00%
убей,1,0.00%
лукавишь,1,0.00%
губа,1,0.00%
солнышку,1,0.00%
удобное,1,0.00%
следуя,1,0.00%
улетит,1,0.00%
удивиться,1,0.00%
отравляя,1,0.00%
мрачному,1,0.00%
талантливый,1,0.00%
всплывет,1,0.00%
кормлю,1,0.00%
корзина,1,0.00%
фокусники,1,0.00%
одобрили,1,0.00%
попались,1,0.00%
бляхой,1,0.00%
похода,1,0.00%
разок,1,0.00%
закрыла,1,0.00%
ворчание,1,0.00%
задрожала,1,0.00%
задрожало,1,0.00%
испытывал,1,0.00%
кофею,1,0.00%
бешеного,1,0.00%
задрожали,1,0.00%
благоустроенный,1,0.00%
делаешь,1,0.00%
отступает,1,0.00%
водички,1,0.00%
соков,1,0.00%
похождения,1,0.00%
смирился,1,0.00%
соком,1,0.00%
искреннее,1,0.00%
выделил,1,0.00%
похожа,1,0.00%
кованые,1,0.00%
корзину,1,0.00%
докладе,1,0.00%
текло,1,0.00%
прикрывался,1,0.00%
сивого,1,0.00%
разнообразность,1,0.00%
серую,1,0.00%
пластинка,1,0.00%
докладу,1,0.00%
заработалась,1,0.00%
заикаясь,1,0.00%
хохотали,1,0.00%
окончен,1,0.00%
стопка,1,0.00%
споры,1,0.00%
моргнула,1,0.00%
плохи,1,0.00%
осени,1,0.00%
речью,1,0.00%
высвободить,1,0.00%
ревизор,1,0.00%
клочья,1,0.00%
плоха,1,0.00%
развеивая,1,0.00%
уедет,1,0.00%
чертовщина,1,0.00%
подвешенного,1,0.00%
сомкнувший,1,0.00%
плавность,1,0.00%
послушайте,1,0.00%
осела,1,0.00%
остолбеневшей,1,0.00%
крыло,1,0.00%
почудилась,1,0.00%
завяжу,1,0.00%
изъяла,1,0.00%
незнакомая,1,0.00%
плавно,1,0.00%
связать,1,0.00%
принесло,1,0.00%
приключение,1,0.00%
ширмы,1,0.00%
самовольстве,1,0.00%
стажер,1,0.00%
отошел,1,0.00%
самовольство,1,0.00%
умолкать,1,0.00%
выйди,1,0.00%
узкой,1,0.00%
приятное,1,0.00%
рукопашную,1,0.00%
доводя,1,0.00%
доводы,1,0.00%
согнулась,1,0.00%
разбойников,1,0.00%
подвывая,1,0.00%
нападаю,1,0.00%
заняло,1,0.00%
заняли,1,0.00%
врут,1,0.00%
печальная,1,0.00%
мифический,1,0.00%
разбил,1,0.00%
принеприятнейшая,1,0.00%
заняла,1,0.00%
затекшие,1,0.00%
наполненные,1,0.00%
рябью,1,0.00%
лимона,1,0.00%
наполненных,1,0.00%
бойко,1,0.00%
царство,1,0.00%
мелете,1,0.00%
христа,1,0.00%
кадыка,1,0.00%
следим,1,0.00%
яда,1,0.00%
хруста,1,0.00%
несостоятельности,1,0.00%
образы,1,0.00%
обладаем,1,0.00%
вагоне,1,0.00%
творчество,1,0.00%
собаки,1,0.00%
осуждая,1,0.00%
собаке,1,0.00%
свернутому,1,0.00%
посыпятся,1,0.00%
уработался,1,0.00%
хрустя,1,0.00%
простоволосая,1,0.00%
болтушку,1,0.00%
извозчиком,1,0.00%
торчат,1,0.00%
почту,1,0.00%
наползли,1,0.00%
охлаждало,1,0.00%
клянется,1,0.00%
пытаюсь,1,0.00%
росла,1,0.00%
подсобное,1,0.00%
изгнать,1,0.00%
завернёт,1,0.00%
напрыгнули,1,0.00%
цветочными,1,0.00%
посредников,1,0.00%
фамилий,1,0.00%
изъять,1,0.00%
ордена,1,0.00%
улучшила,1,0.00%
скрытный,1,0.00%
головушке,1,0.00%
поздним,1,0.00%
прорезался,1,0.00%
цветков,1,0.00%
поздних,1,0.00%
кованой,1,0.00%
фамилию,1,0.00%
почте,1,0.00%
неведения,1,0.00%
начинал,1,0.00%
заберем,1,0.00%
начинай,1,0.00%
цапнул,1,0.00%
раскинула,1,0.00%
опрошу,1,0.00%
шуткует,1,0.00%
способностями,1,0.00%
задорный,1,0.00%
разведя,1,0.00%
выписанное,1,0.00%
дышали,1,0.00%
точкой,1,0.00%
гуляя,1,0.00%
ссутулился,1,0.00%
дышала,1,0.00%
напоминаю,1,0.00%
вспугнул,1,0.00%
напоминая,1,0.00%
петербургский,1,0.00%
молчало,1,0.00%
густым,1,0.00%
дошло,1,0.00%
сглаз,1,0.00%
преодолел,1,0.00%
драчуна,1,0.00%
площади,1,0.00%
щуку,1,0.00%
врезались,1,0.00%
занять,1,0.00%
шкафчику,1,0.00%
смотрящие,1,0.00%
дошла,1,0.00%
репсовое,1,0.00%
густые,1,0.00%
молчали,1,0.00%
обострение,1,0.00%
гуляй,1,0.00%
напоминал,1,0.00%
гуляк,1,0.00%
дышало,1,0.00%
побуду,1,0.00%
вызов,1,0.00%
круглобокими,1,0.00%
бессильны,1,0.00%
насмехаясь,1,0.00%
серая,1,0.00%
пожаре,1,0.00%
птаха,1,0.00%
статная,1,0.00%
любезная,1,0.00%
глушь,1,0.00%
оседал,1,0.00%
видали,1,0.00%
воротившись,1,0.00%
приятные,1,0.00%
скурвятся,1,0.00%
угольной,1,0.00%
далекой,1,0.00%
удары,1,0.00%
передается,1,0.00%
засияв,1,0.00%
умоляюще,1,0.00%
шагали,1,0.00%
оговорённые,1,0.00%
требовалась,1,0.00%
овчинникова,1,0.00%
угощайте,1,0.00%
толику,1,0.00%
забыть,1,0.00%
перекрыл,1,0.00%
активируя,1,0.00%
заберут,1,0.00%
липкими,1,0.00%
бессильна,1,0.00%
деловито,1,0.00%
смеется,1,0.00%
увезли,1,0.00%
наряды,1,0.00%
мода,1,0.00%
красен,1,0.00%
следующего,1,0.00%
пепелище,1,0.00%
беспомощной,1,0.00%
присмотр,1,0.00%
везти,1,0.00%
трогала,1,0.00%
трогали,1,0.00%
алая,1,0.00%
поверженный,1,0.00%
армейской,1,0.00%
зеркальном,1,0.00%
ругается,1,0.00%
нумерации,1,0.00%
мнешься,1,0.00%
вылечи,1,0.00%
дудку,1,0.00%
заказать,1,0.00%
вглубь,1,0.00%
шагами,1,0.00%
напустилась,1,0.00%
зеркальное,1,0.00%
заголовком,1,0.00%
бурагузил,1,0.00%
умения,1,0.00%
приятным,1,0.00%
сопротивляться,1,0.00%
курного,1,0.00%
попадались,1,0.00%
пальцампо,1,0.00%
покупательницы,1,0.00%
сторожить,1,0.00%
таится,1,0.00%
пьяны,1,0.00%
угрюмый,1,0.00%
угрюмым,1,0.00%
смеясь,1,0.00%
погребе,1,0.00%
наполненная,1,0.00%
подобрал,1,0.00%
разговорам,1,0.00%
везет,1,0.00%
хвалят,1,0.00%
удачу,1,0.00%
позаимствую,1,0.00%
сломанном,1,0.00%
лесенку,1,0.00%
толикой,1,0.00%
результаты,1,0.00%
увез,1,0.00%
отпускайте,1,0.00%
оплачу,1,0.00%
пакость,1,0.00%
смахивая,1,0.00%
беспомощную,1,0.00%
южному,1,0.00%
отличным,1,0.00%
неудивительно,1,0.00%
правдой,1,0.00%
результата,1,0.00%
топиться,1,0.00%
керосина,1,0.00%
отличный,1,0.00%
столкнувшись,1,0.00%
опаздываю,1,0.00%
молодость,1,0.00%
краски,1,0.00%
туфель,1,0.00%
раздувая,1,0.00%
догадался,1,0.00%
подернутые,1,0.00%
булкой,1,0.00%
трогать,1,0.00%
налагает,1,0.00%
красно,1,0.00%
вынырнула,1,0.00%
поболее,1,0.00%
гимназии,1,0.00%
вульфам,1,0.00%
оставляла,1,0.00%
заказала,1,0.00%
выехал,1,0.00%
обращения,1,0.00%
испачкаться,1,0.00%
острастки,1,0.00%
славу,1,0.00%
зацепиться,1,0.00%
сломанную,1,0.00%
смилостивилась,1,0.00%
старшего,1,0.00%
башенками,1,0.00%
нажала,1,0.00%
пасхой,1,0.00%
заперлись,1,0.00%
строгости,1,0.00%
столпилась,1,0.00%
расслабляться,1,0.00%
узким,1,0.00%
комплименты,1,0.00%
провалившаяся,1,0.00%
пьяными,1,0.00%
поразило,1,0.00%
обрабатывая,1,0.00%
строчкам,1,0.00%
потерев,1,0.00%
чувствительный,1,0.00%
узких,1,0.00%
укусы,1,0.00%
сторонюсь,1,0.00%
текла,1,0.00%
покоилось,1,0.00%
напомню,1,0.00%
немерено,1,0.00%
абрамович,1,0.00%
виски,1,0.00%
горную,1,0.00%
дочку,1,0.00%
ограничиться,1,0.00%
полюбил,1,0.00%
накрывать,1,0.00%
ядом,1,0.00%
ссыльную,1,0.00%
пятака,1,0.00%
вмешательств,1,0.00%
гимназистки,1,0.00%
кипя,1,0.00%
извинении,1,0.00%
извинений,1,0.00%
разнообразным,1,0.00%
успеется,1,0.00%
шипел,1,0.00%
врасплох,1,0.00%
кипе,1,0.00%
несравнимый,1,0.00%
оболочка,1,0.00%
вопросе,1,0.00%
обращаясь,1,0.00%
четвереньки,1,0.00%
выдержал,1,0.00%
покажите,1,0.00%
кистью,1,0.00%
мятежной,1,0.00%
рассказали,1,0.00%
покачивались,1,0.00%
находкой,1,0.00%
заливным,1,0.00%
рыбы,1,0.00%
сюды,1,0.00%
сыров,1,0.00%
кружить,1,0.00%
встряхнул,1,0.00%
содержимым,1,0.00%
сером,1,0.00%
выбило,1,0.00%
любопытство,1,0.00%
зарегистрированные,1,0.00%
поколдую,1,0.00%
деревенская,1,0.00%
кумушки,1,0.00%
скончался,1,0.00%
оплату,1,0.00%
баранкой,1,0.00%
давать,1,0.00%
увозить,1,0.00%
прибуду,1,0.00%
подействовало,1,0.00%
устремились,1,0.00%
промолчала,1,0.00%
преградила,1,0.00%
изволил,1,0.00%
выбили,1,0.00%
преградило,1,0.00%
отклонится,1,0.00%
инициалами,1,0.00%
подослала,1,0.00%
потерла,1,0.00%
мальчишками,1,0.00%
аншлаг,1,0.00%
горный,1,0.00%
освободиться,1,0.00%
сторож,1,0.00%
торчащие,1,0.00%
промолчали,1,0.00%
мост,1,0.00%
нажать,1,0.00%
неопределённый,1,0.00%
извести,1,0.00%
невиданного,1,0.00%
алой,1,0.00%
ценная,1,0.00%
произнесенная,1,0.00%
ожидающих,1,0.00%
овощной,1,0.00%
сломанных,1,0.00%
набережной,1,0.00%
горящих,1,0.00%
заглядывал,1,0.00%
сформировался,1,0.00%
морг,1,0.00%
вступились,1,0.00%
морд,1,0.00%
читалась,1,0.00%
выслушайте,1,0.00%
прижала,1,0.00%
замерли,1,0.00%
подложку,1,0.00%
заболел,1,0.00%
сударыни,1,0.00%
сплюнуть,1,0.00%
серию,1,0.00%
сударыне,1,0.00%
прибывшая,1,0.00%
серединка,1,0.00%
сударынь,1,0.00%
домашнее,1,0.00%
опровергнуть,1,0.00%
поводок,1,0.00%
забыли,1,0.00%
телефоны,1,0.00%
набережная,1,0.00%
отдельное,1,0.00%
мелочами,1,0.00%
отвлеклась,1,0.00%
поговорили,1,0.00%
скоренько,1,0.00%
раздраженно,1,0.00%
манила,1,0.00%
поддаваться,1,0.00%
манили,1,0.00%
содействие,1,0.00%
кружили,1,0.00%
запоминая,1,0.00%
незнакомые,1,0.00%
незнакомым,1,0.00%
давало,1,0.00%
поискать,1,0.00%
придумал,1,0.00%
старушку,1,0.00%
разбившись,1,0.00%
мороком,1,0.00%
давали,1,0.00%
минутой,1,0.00%
денутся,1,0.00%
плешивого,1,0.00%
резюмировал,1,0.00%
отдельном,1,0.00%
воспитанием,1,0.00%
висел,1,0.00%
училась,1,0.00%
поколениям,1,0.00%
виднеющихся,1,0.00%
кирпичи,1,0.00%
обошлась,1,0.00%
дочка,1,0.00%
неблагодарная,1,0.00%
посильнее,1,0.00%
снотворное,1,0.00%
семьей,1,0.00%
открывайте,1,0.00%
заплакала,1,0.00%
землянку,1,0.00%
незнакомцы,1,0.00%
обрадовал,1,0.00%
сожрёт,1,0.00%
списав,1,0.00%
повелось,1,0.00%
каков,1,0.00%
подрагивая,1,0.00%
раздражение,1,0.00%
отбрил,1,0.00%
вынюхивает,1,0.00%
наугад,1,0.00%
делиться,1,0.00%
съезжу,1,0.00%
оклемаются,1,0.00%
задание,1,0.00%
губами,1,0.00%
содержимое,1,0.00%
невесть,1,0.00%
причастности,1,0.00%
самоубийца,1,0.00%
жгутом,1,0.00%
расцеловались,1,0.00%
раскачиваться,1,0.00%
прибывшему,1,0.00%
гуляли,1,0.00%
втихую,1,0.00%
приёмную,1,0.00%
конторка,1,0.00%
заорала,1,0.00%
листьями,1,0.00%
сталелитейного,1,0.00%
гуляла,1,0.00%
суетилась,1,0.00%
ахала,1,0.00%
отпускать,1,0.00%
гуляки,1,0.00%
уныло,1,0.00%
облезлая,1,0.00%
таратайки,1,0.00%
приглашающие,1,0.00%
янтарь,1,0.00%
освободились,1,0.00%
двигаясь,1,0.00%
записывать,1,0.00%
летом,1,0.00%
клевать,1,0.00%
мухой,1,0.00%
ощущалось,1,0.00%
кованные,1,0.00%
перебросив,1,0.00%
спросили,1,0.00%
обернёшься,1,0.00%
вернется,1,0.00%
допускать,1,0.00%
котик,1,0.00%
тутже,1,0.00%
летит,1,0.00%
подъехал,1,0.00%
обидчиков,1,0.00%
откусывая,1,0.00%
домику,1,0.00%
посетовал,1,0.00%
арестован,1,0.00%
кофейным,1,0.00%
невеста,1,0.00%
ыыыы,1,0.00%
продолжился,1,0.00%
полыхает,1,0.00%
газеты,1,0.00%
любезный,1,0.00%
приезжую,1,0.00%
заглушило,1,0.00%
выволокла,1,0.00%
негодяя,1,0.00%
краснощекий,1,0.00%
выволокли,1,0.00%
двигал,1,0.00%
забрызганы,1,0.00%
безмозглый,1,0.00%
справится,1,0.00%
вискам,1,0.00%
портного,1,0.00%
принадлежащего,1,0.00%
догони,1,0.00%
билось,1,0.00%
стрельба,1,0.00%
возмущаться,1,0.00%
отвратительно,1,0.00%
списку,1,0.00%
подеваться,1,0.00%
бешено,1,0.00%
бегите,1,0.00%
остатков,1,0.00%
отстранения,1,0.00%
стрельбу,1,0.00%
стрельбы,1,0.00%
свели,1,0.00%
свело,1,0.00%
зеркальщику,1,0.00%
алых,1,0.00%
захрипели,1,0.00%
летел,1,0.00%
приодень,1,0.00%
проводили,1,0.00%
вступиться,1,0.00%
ругался,1,0.00%
приблизившись,1,0.00%
алые,1,0.00%
божий,1,0.00%
обходя,1,0.00%
достоин,1,0.00%
запечатлело,1,0.00%
промах,1,0.00%
поисков,1,0.00%
конкурент,1,0.00%
загибенник,1,0.00%
оскорблять,1,0.00%
калейдоскоп,1,0.00%
отгоняла,1,0.00%
занятым,1,0.00%
отгоняли,1,0.00%
стонущего,1,0.00%
бричку,1,0.00%
хорошего,1,0.00%
наслаждением,1,0.00%
легонько,1,0.00%
угли,1,0.00%
нарушение,1,0.00%
утвердительно,1,0.00%
вагончики,1,0.00%
вырвались,1,0.00%
волкалаков,1,0.00%
выясним,1,0.00%
надвинула,1,0.00%
объяснение,1,0.00%
объяснений,1,0.00%
охая,1,0.00%
именовала,1,0.00%
рубашке,1,0.00%
оснований,1,0.00%
допускают,1,0.00%
бричке,1,0.00%
чухин,1,0.00%
подписывать,1,0.00%
сменить,1,0.00%
вызовите,1,0.00%
идёшь,1,0.00%
привлечённые,1,0.00%
допросить,1,0.00%
тёма,1,0.00%
просматривать,1,0.00%
поселились,1,0.00%
глупость,1,0.00%
ласточке,1,0.00%
ласточка,1,0.00%
нежно,1,0.00%
трястись,1,0.00%
живущим,1,0.00%
живущий,1,0.00%
обессудьте,1,0.00%
зашлёпал,1,0.00%
живущих,1,0.00%
тайн,1,0.00%
изъявила,1,0.00%
агнец,1,0.00%
душный,1,0.00%
забарахтался,1,0.00%
покосились,1,0.00%
донимает,1,0.00%
иглы,1,0.00%
магазин,1,0.00%
вынося,1,0.00%
присутствовавшим,1,0.00%
надрывом,1,0.00%
ошибаться,1,0.00%
летят,1,0.00%
срывая,1,0.00%
наглость,1,0.00%
приезжий,1,0.00%
просьба,1,0.00%
приезжие,1,0.00%
негодуя,1,0.00%
негодую,1,0.00%
провожатым,1,0.00%
точная,1,0.00%
нежны,1,0.00%
поправимо,1,0.00%
нянчится,1,0.00%
ножички,1,0.00%
огляделась,1,0.00%
подаренного,1,0.00%
щавеля,1,0.00%
держитесь,1,0.00%
кровяные,1,0.00%
небольшая,1,0.00%
активировал,1,0.00%
подведем,1,0.00%
скамейки,1,0.00%
тает,1,0.00%
скрипы,1,0.00%
прикидывался,1,0.00%
окнами,1,0.00%
скрипа,1,0.00%
фортуна,1,0.00%
шёпотом,1,0.00%
невысокая,1,0.00%
пугал,1,0.00%
голосами,1,0.00%
сдаюсь,1,0.00%
съехидничала,1,0.00%
звать,1,0.00%
мурыжить,1,0.00%
прибрал,1,0.00%
скатятся,1,0.00%
занявший,1,0.00%
переоденетесь,1,0.00%
подыщу,1,0.00%
фрамуга,1,0.00%
пугая,1,0.00%
змеями,1,0.00%
серчает,1,0.00%
обижайтесь,1,0.00%
рискнул,1,0.00%
сморщился,1,0.00%
растянула,1,0.00%
приезжал,1,0.00%
прислушалась,1,0.00%
клетчатого,1,0.00%
дрогнуло,1,0.00%
приёмный,1,0.00%
грани,1,0.00%
надеялась,1,0.00%
далековато,1,0.00%
приёмные,1,0.00%
порядку,1,0.00%
благодарна,1,0.00%
хвори,1,0.00%
посадки,1,0.00%
ванной,1,0.00%
каторга,1,0.00%
полосах,1,0.00%
заворачивая,1,0.00%
подвергать,1,0.00%
лечении,1,0.00%
счетовод,1,0.00%
карауле,1,0.00%
сумеем,1,0.00%
потянула,1,0.00%
сопровождении,1,0.00%
расстараюсь,1,0.00%
пропустить,1,0.00%
спусковой,1,0.00%
лечения,1,0.00%
собранный,1,0.00%
глубь,1,0.00%
свяжитесь,1,0.00%
накануне,1,0.00%
продается,1,0.00%
опустел,1,0.00%
звали,1,0.00%
небрежным,1,0.00%
прыти,1,0.00%
жертвенный,1,0.00%
алексея,1,0.00%
алексею,1,0.00%
поход,1,0.00%
похож,1,0.00%
образовавшейся,1,0.00%
кабаном,1,0.00%
глазницы,1,0.00%
оглянувшись,1,0.00%
отношениях,1,0.00%
разошлись,1,0.00%
какого,1,0.00%
разобрал,1,0.00%
сплыла,1,0.00%
благодать,1,0.00%
комнатенка,1,0.00%
выписан,1,0.00%
заострились,1,0.00%
послушался,1,0.00%
посадка,1,0.00%
кислыми,1,0.00%
воспаление,1,0.00%
божьи,1,0.00%
городках,1,0.00%
наличниками,1,0.00%
безумца,1,0.00%
какова,1,0.00%
божья,1,0.00%
распечатал,1,0.00%
обход,1,0.00%
сумела,1,0.00%
сжигали,1,0.00%
рукавом,1,0.00%
прищурившись,1,0.00%
замедлил,1,0.00%
применением,1,0.00%
разгрузке,1,0.00%
спутаю,1,0.00%
ломился,1,0.00%
миновав,1,0.00%
заступила,1,0.00%
опустившись,1,0.00%
начну,1,0.00%
детство,1,0.00%
закемарил,1,0.00%
вязаная,1,0.00%
толпами,1,0.00%
полный,1,0.00%
сопротивляясь,1,0.00%
отмечены,1,0.00%
отмечено,1,0.00%
золотая,1,0.00%
полным,1,0.00%
ошибок,1,0.00%
смешивая,1,0.00%
пропитанные,1,0.00%
запаха,1,0.00%
таща,1,0.00%
тюрьмы,1,0.00%
волшебной,1,0.00%
полного,1,0.00%
взбеленилась,1,0.00%
утонуть,1,0.00%
касание,1,0.00%
пропитанный,1,0.00%
множественные,1,0.00%
толком,1,0.00%
небольшое,1,0.00%
детишек,1,0.00%
дверями,1,0.00%
тятька,1,0.00%
нуло,1,0.00%
девицам,1,0.00%
тюрьму,1,0.00%
мокрое,1,0.00%
пустите,1,0.00%
небольшом,1,0.00%
внешности,1,0.00%
тюрьме,1,0.00%
стешей,1,0.00%
включите,1,0.00%
кулаке,1,0.00%
повозке,1,0.00%
задачу,1,0.00%
замедляя,1,0.00%
ступенькам,1,0.00%
наполняли,1,0.00%
повозку,1,0.00%
осилил,1,0.00%
чужого,1,0.00%
вершите,1,0.00%
русских,1,0.00%
включила,1,0.00%
бухая,1,0.00%
зачарованному,1,0.00%
холстом,1,0.00%
одобрительно,1,0.00%
волшебное,1,0.00%
перчатках,1,0.00%
повторяла,1,0.00%
отражалось,1,0.00%
оправдывая,1,0.00%
обыденной,1,0.00%
ккак,1,0.00%
дельца,1,0.00%
опрокинулся,1,0.00%
аргументируя,1,0.00%
батистовым,1,0.00%
чуточку,1,0.00%
остановилось,1,0.00%
ошибся,1,0.00%
обескуражил,1,0.00%
столешницы,1,0.00%
рябиновой,1,0.00%
справляетесь,1,0.00%
переизбытка,1,0.00%
иллюзия,1,0.00%
велите,1,0.00%
тихоновичем,1,0.00%
обсудить,1,0.00%
отклик,1,0.00%
зарычав,1,0.00%
наврали,1,0.00%
иллюзий,1,0.00%
вдвое,1,0.00%
услышали,1,0.00%
скорчила,1,0.00%
перчаткой,1,0.00%
каймой,1,0.00%
переверну,1,0.00%
тварям,1,0.00%
русской,1,0.00%
неохотой,1,0.00%
услышала,1,0.00%
девицей,1,0.00%
заключённый,1,0.00%
ведёт,1,0.00%
сдвинуты,1,0.00%
преддверии,1,0.00%
прижался,1,0.00%
поработаю,1,0.00%
гобелене,1,0.00%
сказано,1,0.00%
разбитом,1,0.00%
пустили,1,0.00%
оправлять,1,0.00%
привалившись,1,0.00%
проявляется,1,0.00%
доложил,1,0.00%
волчицей,1,0.00%
устроено,1,0.00%
применяла,1,0.00%
избушками,1,0.00%
наложил,1,0.00%
городить,1,0.00%
мрак,1,0.00%
брат,1,0.00%
егоза,1,0.00%
вреда,1,0.00%
хитрому,1,0.00%
карманам,1,0.00%
брал,1,0.00%
потемнела,1,0.00%
белое,1,0.00%
полноте,1,0.00%
приглашением,1,0.00%
рассказывая,1,0.00%
увидела,1,0.00%
рассказываю,1,0.00%
отбывает,1,0.00%
ощетиниласьколким,1,0.00%
карманах,1,0.00%
белом,1,0.00%
сыном,1,0.00%
исследовала,1,0.00%
отворять,1,0.00%
старьевщику,1,0.00%
побирушка,1,0.00%
вырастешь,1,0.00%
сынок,1,0.00%
загривку,1,0.00%
загривке,1,0.00%
обязанностям,1,0.00%
перетягивала,1,0.00%
подельников,1,0.00%
воспользовалась,1,0.00%
разбитую,1,0.00%
пояснения,1,0.00%
блюдо,1,0.00%
знающий,1,0.00%
применяет,1,0.00%
существовал,1,0.00%
утащили,1,0.00%
событиями,1,0.00%
залы,1,0.00%
воровского,1,0.00%
золоченой,1,0.00%
любого,1,0.00%
незамеченными,1,0.00%
наездниками,1,0.00%
косые,1,0.00%
вспомнишь,1,0.00%
подчинённых,1,0.00%
минуточку,1,0.00%
таращусь,1,0.00%
цокая,1,0.00%
свечой,1,0.00%
наберите,1,0.00%
начищенные,1,0.00%
надломлена,1,0.00%
начищенный,1,0.00%
суетой,1,0.00%
ааа,1,0.00%
тревожить,1,0.00%
окружила,1,0.00%
сердца,1,0.00%
упорхнет,1,0.00%
охоты,1,0.00%
попробуем,1,0.00%
понаведовать,1,0.00%
выполнен,1,0.00%
чувствуют,1,0.00%
сделай,1,0.00%
пролез,1,0.00%
дракону,1,0.00%
заставив,1,0.00%
парового,1,0.00%
миновала,1,0.00%
ныряет,1,0.00%
завращался,1,0.00%
прикончил,1,0.00%
племянники,1,0.00%
специалист,1,0.00%
часовщиков,1,0.00%
законопачу,1,0.00%
выполним,1,0.00%
выскочили,1,0.00%
палата,1,0.00%
решался,1,0.00%
палате,1,0.00%
эликсиру,1,0.00%
амператорском,1,0.00%
покрутил,1,0.00%
сроки,1,0.00%
помнить,1,0.00%
женитесь,1,0.00%
подкашивались,1,0.00%
питере,1,0.00%
дозваться,1,0.00%
наградила,1,0.00%
палку,1,0.00%
воспитывалась,1,0.00%
зовут,1,0.00%
окружающим,1,0.00%
гаденыш,1,0.00%
посадят,1,0.00%
эликсире,1,0.00%
окружающие,1,0.00%
волшебные,1,0.00%
отстраниться,1,0.00%
муслине,1,0.00%
попасть,1,0.00%
окружающих,1,0.00%
болотной,1,0.00%
тошнота,1,0.00%
прискакал,1,0.00%
позвав,1,0.00%
спальни,1,0.00%
отблеск,1,0.00%
локонами,1,0.00%
сахарных,1,0.00%
спальню,1,0.00%
заросли,1,0.00%
хорош,1,0.00%
сахарные,1,0.00%
оглядывался,1,0.00%
рябчиками,1,0.00%
обстановка,1,0.00%
бренный,1,0.00%
бушует,1,0.00%
щербато,1,0.00%
шкуры,1,0.00%
шкура,1,0.00%
дискредитируя,1,0.00%
приветственно,1,0.00%
рыкнуть,1,0.00%
захворал,1,0.00%
шляпой,1,0.00%
писания,1,0.00%
мрут,1,0.00%
пропитанную,1,0.00%
выдуло,1,0.00%
нарушая,1,0.00%
вязания,1,0.00%
развеял,1,0.00%
недавнее,1,0.00%
утонули,1,0.00%
встретившихся,1,0.00%
вынуждена,1,0.00%
волкалки,1,0.00%
выгулять,1,0.00%
нарушал,1,0.00%
парапета,1,0.00%
инерции,1,0.00%
идей,1,0.00%
былые,1,0.00%
подходящее,1,0.00%
идеи,1,0.00%
крещенску,1,0.00%
подходящем,1,0.00%
форточка,1,0.00%
палец,1,0.00%
зовет,1,0.00%
таят,1,0.00%
резать,1,0.00%
выбившийся,1,0.00%
зазеркальное,1,0.00%
появилось,1,0.00%
крикнуть,1,0.00%
хоромах,1,0.00%
яблочко,1,0.00%
шляпка,1,0.00%
али,1,0.00%
митрополита,1,0.00%
недавних,1,0.00%
идеальный,1,0.00%
посеменила,1,0.00%
полоса,1,0.00%
ближнего,1,0.00%
подходящие,1,0.00%
правая,1,0.00%
управится,1,0.00%
изливал,1,0.00%
закалки,1,0.00%
просунула,1,0.00%
подходящий,1,0.00%
сосуды,1,0.00%
запасе,1,0.00%
будильник,1,0.00%
правды,1,0.00%
подходящим,1,0.00%
достойное,1,0.00%
душегубничают,1,0.00%
смазывать,1,0.00%
отделилась,1,0.00%
пообщаюсь,1,0.00%
увлечен,1,0.00%
опекунстве,1,0.00%
смахнула,1,0.00%
прессе,1,0.00%
предъявляя,1,0.00%
подобающе,1,0.00%
подозвав,1,0.00%
распахнута,1,0.00%
коридорах,1,0.00%
пропитанное,1,0.00%
городка,1,0.00%
зарычит,1,0.00%
сфокусировать,1,0.00%
заявляет,1,0.00%
рыбным,1,0.00%
страшному,1,0.00%
рыбный,1,0.00%
окнам,1,0.00%
любить,1,0.00%
шпагу,1,0.00%
испорчу,1,0.00%
тревожа,1,0.00%
прокоповичем,1,0.00%
пузырьки,1,0.00%
жаловать,1,0.00%
затаив,1,0.00%
головокружением,1,0.00%
исчезая,1,0.00%
исчезаю,1,0.00%
простенький,1,0.00%
переходящий,1,0.00%
чудное,1,0.00%
куснул,1,0.00%
сотрудника,1,0.00%
пасхальное,1,0.00%
свинцовой,1,0.00%
главой,1,0.00%
лишилась,1,0.00%
уеду,1,0.00%
обрывал,1,0.00%
начнет,1,0.00%
забегает,1,0.00%
столичными,1,0.00%
прямоугольник,1,0.00%
посочувствовал,1,0.00%
обузе,1,0.00%
обуза,1,0.00%
каталажку,1,0.00%
тревожь,1,0.00%
умерли,1,0.00%
невероятен,1,0.00%
верхней,1,0.00%
вилкой,1,0.00%
подробность,1,0.00%
чутье,1,0.00%
предварительно,1,0.00%
диковинку,1,0.00%
сбежала,1,0.00%
иссекли,1,0.00%
уничтожение,1,0.00%
украл,1,0.00%
сухаря,1,0.00%
икрою,1,0.00%
одеждой,1,0.00%
сообрази,1,0.00%
располагайтесь,1,0.00%
выпроводил,1,0.00%
чутья,1,0.00%
система,1,0.00%
недопитый,1,0.00%
пришёл,1,0.00%
удостоверившись,1,0.00%
перрон,1,0.00%
дергаются,1,0.00%
упускает,1,0.00%
ветром,1,0.00%
забегала,1,0.00%
манящий,1,0.00%
баловника,1,0.00%
манящим,1,0.00%
признания,1,0.00%
встретились,1,0.00%
осмотрели,1,0.00%
кособокая,1,0.00%
терпел,1,0.00%
сотрудникам,1,0.00%
хлоп,1,0.00%
круглой,1,0.00%
икрой,1,0.00%
ресницами,1,0.00%
множества,1,0.00%
манящих,1,0.00%
марионетки,1,0.00%
промолвила,1,0.00%
лекцию,1,0.00%
бодро,1,0.00%
марионетка,1,0.00%
трубочисты,1,0.00%
наградил,1,0.00%
перенеся,1,0.00%
ведал,1,0.00%
влезли,1,0.00%
дверцу,1,0.00%
иностранную,1,0.00%
свиного,1,0.00%
страшного,1,0.00%
типун,1,0.00%
винит,1,0.00%
думают,1,0.00%
нижней,1,0.00%
признаний,1,0.00%
водяной,1,0.00%
ведая,1,0.00%
сделались,1,0.00%
признание,1,0.00%
замершие,1,0.00%
вредная,1,0.00%
тенета,1,0.00%
хорошее,1,0.00%
изготовлю,1,0.00%
подергивая,1,0.00%
погуторили,1,0.00%
вкуса,1,0.00%
воротился,1,0.00%
парней,1,0.00%
забрел,1,0.00%
удобство,1,0.00%
задержите,1,0.00%
ведьмами,1,0.00%
гнусаво,1,0.00%
столкнется,1,0.00%
вцепилась,1,0.00%
уничтожить,1,0.00%
утешало,1,0.00%
проходят,1,0.00%
хорошие,1,0.00%
фантазер,1,0.00%
теплые,1,0.00%
хороших,1,0.00%
остывшую,1,0.00%
разутый,1,0.00%
хорошим,1,0.00%
записям,1,0.00%
хороший,1,0.00%
упрямо,1,0.00%
дурном,1,0.00%
похитили,1,0.00%
ведет,1,0.00%
рожицу,1,0.00%
потянувшись,1,0.00%
соизволил,1,0.00%
навсегда,1,0.00%
подстроить,1,0.00%
начнут,1,0.00%
присмотром,1,0.00%
хреновиной,1,0.00%
ремонт,1,0.00%
напасть,1,0.00%
подушках,1,0.00%
приступила,1,0.00%
простили,1,0.00%
манеры,1,0.00%
бездействуете,1,0.00%
заставлен,1,0.00%
нынешнего,1,0.00%
простенькую,1,0.00%
преодолевает,1,0.00%
крещенье,1,0.00%
любишь,1,0.00%
приживалка,1,0.00%
возмущенные,1,0.00%
автомобиля,1,0.00%
мучается,1,0.00%
окрысился,1,0.00%
пробрались,1,0.00%
отделение,1,0.00%
лишних,1,0.00%
студиозусы,1,0.00%
вшивые,1,0.00%
звон,1,0.00%
торговцев,1,0.00%
тревогой,1,0.00%
обрывок,1,0.00%
убивать,1,0.00%
перевела,1,0.00%
отлично,1,0.00%
пасхальным,1,0.00%
оправдывающих,1,0.00%
червей,1,0.00%
стоящего,1,0.00%
нарядов,1,0.00%
табака,1,0.00%
прожилки,1,0.00%
предательства,1,0.00%
транспарантом,1,0.00%
предательстве,1,0.00%
направлению,1,0.00%
нарядно,1,0.00%
полном,1,0.00%
проходит,1,0.00%
отлучке,1,0.00%
торопится,1,0.00%
разжился,1,0.00%
заморгав,1,0.00%
охраняющие,1,0.00%
постеснялся,1,0.00%
витринное,1,0.00%
упросить,1,0.00%
тактичность,1,0.00%
магазине,1,0.00%
полегче,1,0.00%
украшенный,1,0.00%
охраняющих,1,0.00%
пугайтесь,1,0.00%
отделения,1,0.00%
малознакомого,1,0.00%
цепко,1,0.00%
хватанул,1,0.00%
оцепление,1,0.00%
поднимавшийся,1,0.00%
очутились,1,0.00%
кирпичному,1,0.00%
ведьм,1,0.00%
заторопилась,1,0.00%
передразнила,1,0.00%
выезжал,1,0.00%
направлении,1,0.00%
убийцей,1,0.00%
блестели,1,0.00%
охранялась,1,0.00%
подхватила,1,0.00%
найдут,1,0.00%
волколачиху,1,0.00%
запахнулась,1,0.00%
кукольной,1,0.00%
окном,1,0.00%
выезжаю,1,0.00%
устыдился,1,0.00%
пустыне,1,0.00%
домишко,1,0.00%
гасло,1,0.00%
девчонка,1,0.00%
кодекс,1,0.00%
похитить,1,0.00%
сыпали,1,0.00%
сотруднице,1,0.00%
наблюдаю,1,0.00%
думами,1,0.00%
приготовленными,1,0.00%
девчонку,1,0.00%
посмертно,1,0.00%
неугомонных,1,0.00%
щелкните,1,0.00%
бил,1,0.00%
перепуганная,1,0.00%
нужному,1,0.00%
поправляла,1,0.00%
советовал,1,0.00%
оголив,1,0.00%
схватившись,1,0.00%
выйдешь,1,0.00%
укусить,1,0.00%
хворобы,1,0.00%
светочу,1,0.00%
притвориться,1,0.00%
любили,1,0.00%
стука,1,0.00%
возьми,1,0.00%
опутывая,1,0.00%
чавкающий,1,0.00%
архитектурного,1,0.00%
ведро,1,0.00%
тестом,1,0.00%
ведре,1,0.00%
летней,1,0.00%
хлам,1,0.00%
врачами,1,0.00%
колодца,1,0.00%
синюшное,1,0.00%
званным,1,0.00%
стремглав,1,0.00%
случившемся,1,0.00%
повлиял,1,0.00%
передвигаться,1,0.00%
отсылаю,1,0.00%
утраченный,1,0.00%
выгляжу,1,0.00%
хаотично,1,0.00%
крупные,1,0.00%
семён,1,0.00%
гарью,1,0.00%
упускать,1,0.00%
сглаза,1,0.00%
ударом,1,0.00%
прожить,1,0.00%
ударов,1,0.00%
останутся,1,0.00%
связывало,1,0.00%
пятнадцати,1,0.00%
убивает,1,0.00%
летний,1,0.00%
считается,1,0.00%
поклялся,1,0.00%
корне,1,0.00%
кружилась,1,0.00%
пятнадцать,1,0.00%
толкнуло,1,0.00%
раскланялись,1,0.00%
проходом,1,0.00%
хранился,1,0.00%
пообедал,1,0.00%
холодных,1,0.00%
бои,1,0.00%
сглотнув,1,0.00%
зальцманом,1,0.00%
подскочил,1,0.00%
железу,1,0.00%
подмигнула,1,0.00%
элементом,1,0.00%
пасхальный,1,0.00%
готовятся,1,0.00%
познакомите,1,0.00%
заколотилось,1,0.00%
звал,1,0.00%
испачкался,1,0.00%
сопровождать,1,0.00%
купила,1,0.00%
осмотреть,1,0.00%
неподалёку,1,0.00%
молнии,1,0.00%
кибитки,1,0.00%
отпустив,1,0.00%
круасанами,1,0.00%
возьму,1,0.00%
хреновина,1,0.00%
атакует,1,0.00%
ожидает,1,0.00%
становить,1,0.00%
желтыми,1,0.00%
вынести,1,0.00%
спячки,1,0.00%
артамоновна,1,0.00%
накидка,1,0.00%
сухая,1,0.00%
истина,1,0.00%
артамоновну,1,0.00%
подчеркнув,1,0.00%
дыши,1,0.00%
повертел,1,0.00%
большому,1,0.00%
автора,1,0.00%
задержку,1,0.00%
телегами,1,0.00%
мутит,1,0.00%
заканчивается,1,0.00%
резаные,1,0.00%
вынырнув,1,0.00%
сложится,1,0.00%
шумных,1,0.00%
накидки,1,0.00%
конкретных,1,0.00%
ночевать,1,0.00%
лихвой,1,0.00%
бедолаге,1,0.00%
горами,1,0.00%
выпустит,1,0.00%
присылала,1,0.00%
бедолаги,1,0.00%
обследовать,1,0.00%
осмотримся,1,0.00%
битый,1,0.00%
бейте,1,0.00%
подпись,1,0.00%
вырасту,1,0.00%
подобраться,1,0.00%
чинить,1,0.00%
последствия,1,0.00%
вчерашнюю,1,0.00%
поморщившись,1,0.00%
трель,1,0.00%
девичье,1,0.00%
подписи,1,0.00%
пляшем,1,0.00%
расположилось,1,0.00%
прокляну,1,0.00%
чините,1,0.00%
пляшет,1,0.00%
пользования,1,0.00%
учудишь,1,0.00%
истинный,1,0.00%
нутром,1,0.00%
поздороваемся,1,0.00%
встряхивая,1,0.00%
вход,1,0.00%
недалече,1,0.00%
проходящую,1,0.00%
битья,1,0.00%
рассматривать,1,0.00%
девичью,1,0.00%
завизжал,1,0.00%
расспросами,1,0.00%
убитому,1,0.00%
скупаю,1,0.00%
попозже,1,0.00%
усмешка,1,0.00%
нужное,1,0.00%
еврейских,1,0.00%
середины,1,0.00%
нужной,1,0.00%
усмешке,1,0.00%
ехалось,1,0.00%
проявить,1,0.00%
уткнувшись,1,0.00%
презрительно,1,0.00%
отдайте,1,0.00%
склонившись,1,0.00%
огоньки,1,0.00%
повышая,1,0.00%
мотала,1,0.00%
возмущении,1,0.00%
начальники,1,0.00%
начальнике,1,0.00%
блюдут,1,0.00%
пришло,1,0.00%
взметнувшись,1,0.00%
аленький,1,0.00%
ночевали,1,0.00%
читал,1,0.00%
спина,1,0.00%
бутон,1,0.00%
принимаете,1,0.00%
выгодный,1,0.00%
распластался,1,0.00%
дыру,1,0.00%
сжимаяпальцами,1,0.00%
исчезали,1,0.00%
ужасное,1,0.00%
проходящим,1,0.00%
кляп,1,0.00%
клял,1,0.00%
бирюльки,1,0.00%
кровавый,1,0.00%
пользую,1,0.00%
приспосабливаются,1,0.00%
дыре,1,0.00%
кирпичный,1,0.00%
бирюльку,1,0.00%
приговаривая,1,0.00%
трепке,1,0.00%
трепки,1,0.00%
равных,1,0.00%
абракадабра,1,0.00%
стоически,1,0.00%
обволакивающий,1,0.00%
бодрости,1,0.00%
бык,1,0.00%
ссору,1,0.00%
расторопным,1,0.00%
заберете,1,0.00%
быт,1,0.00%
пожурила,1,0.00%
расторопный,1,0.00%
попытавшегося,1,0.00%
поделом,1,0.00%
сидячей,1,0.00%
давности,1,0.00%
дотла,1,0.00%
подбородком,1,0.00%
вымолвить,1,0.00%
выделялась,1,0.00%
ссора,1,0.00%
огонек,1,0.00%
заманил,1,0.00%
младенчества,1,0.00%
синевато,1,0.00%
приобретённую,1,0.00%
тряхнув,1,0.00%
обессудь,1,0.00%
почетная,1,0.00%
распахнувшуюся,1,0.00%
испоганите,1,0.00%
вонючие,1,0.00%
мелочную,1,0.00%
надумала,1,0.00%
кедровой,1,0.00%
вонючим,1,0.00%
желаешь,1,0.00%
хохочущая,1,0.00%
воспитывает,1,0.00%
отослать,1,0.00%
верхняя,1,0.00%
нужного,1,0.00%
погрустнел,1,0.00%
носился,1,0.00%
разгоняя,1,0.00%
попросту,1,0.00%
тряхнул,1,0.00%
доверяешь,1,0.00%
исчезать,1,0.00%
благодарствую,1,0.00%
понятным,1,0.00%
грозящий,1,0.00%
взорвется,1,0.00%
находятся,1,0.00%
пыльнике,1,0.00%
настырная,1,0.00%
надумано,1,0.00%
лишен,1,0.00%
камешки,1,0.00%
примечательное,1,0.00%
яйца,1,0.00%
принимаешь,1,0.00%
поладите,1,0.00%
лепехиной,1,0.00%
выбирать,1,0.00%
медной,1,0.00%
цветочек,1,0.00%
рукотворную,1,0.00%
медное,1,0.00%
следователем,1,0.00%
вывести,1,0.00%
вертеть,1,0.00%
стешкиного,1,0.00%
добавив,1,0.00%
стаявшего,1,0.00%
спутать,1,0.00%
перерезал,1,0.00%
механическая,1,0.00%
смолкла,1,0.00%
дурную,1,0.00%
позавтракаю,1,0.00%
пройди,1,0.00%
саму,1,0.00%
фалды,1,0.00%
дарбозов,1,0.00%
потух,1,0.00%
обустроитесь,1,0.00%
мелочной,1,0.00%
вей,1,0.00%
век,1,0.00%
прибрать,1,0.00%
вес,1,0.00%
отворила,1,0.00%
любезно,1,0.00%
нищего,1,0.00%
разумная,1,0.00%
отворили,1,0.00%
досками,1,0.00%
погорела,1,0.00%
ругала,1,0.00%
обнажённых,1,0.00%
прощать,1,0.00%
шпильками,1,0.00%
исчезает,1,0.00%
выстроились,1,0.00%
вызову,1,0.00%
массивного,1,0.00%
добирался,1,0.00%
отталкивая,1,0.00%
руководителем,1,0.00%
посетителями,1,0.00%
терзаться,1,0.00%
прознал,1,0.00%
женат,1,0.00%
ничьего,1,0.00%
писаку,1,0.00%
императорской,1,0.00%
исполнила,1,0.00%
число,1,0.00%
откладывая,1,0.00%
взглядами,1,0.00%
следователях,1,0.00%
откупоривая,1,0.00%
переходила,1,0.00%
идущим,1,0.00%
выступившая,1,0.00%
обновить,1,0.00%
оплошает,1,0.00%
окутал,1,0.00%
жителям,1,0.00%
закусил,1,0.00%
чудный,1,0.00%
жирафа,1,0.00%
кликнул,1,0.00%
импульс,1,0.00%
чудных,1,0.00%
сносях,1,0.00%
худшем,1,0.00%
лапами,1,0.00%
сажа,1,0.00%
переселенцев,1,0.00%
измаявшись,1,0.00%
заскользил,1,0.00%
забора,1,0.00%
возница,1,0.00%
случайный,1,0.00%
случайным,1,0.00%
заложниками,1,0.00%
муаровом,1,0.00%
притупило,1,0.00%
писано,1,0.00%
отведаю,1,0.00%
саду,1,0.00%
большого,1,0.00%
защищалась,1,0.00%
исключать,1,0.00%
механический,1,0.00%
исчезло,1,0.00%
сада,1,0.00%
безукоризненной,1,0.00%
дурным,1,0.00%
размещались,1,0.00%
подразумеваете,1,0.00%
впали,1,0.00%
механическим,1,0.00%
вытягивает,1,0.00%
круглый,1,0.00%
прибрала,1,0.00%
квартал,1,0.00%
беспокою,1,0.00%
ухаживать,1,0.00%
отворить,1,0.00%
круглые,1,0.00%
мешанина,1,0.00%
защищал,1,0.00%
колыхнется,1,0.00%
пошустрее,1,0.00%
заборы,1,0.00%
разносолов,1,0.00%
любезен,1,0.00%
защищающие,1,0.00%
отвлекаем,1,0.00%
удостоила,1,0.00%
вчерашняя,1,0.00%
поразевали,1,0.00%
неисправной,1,0.00%
утруждая,1,0.00%
рябь,1,0.00%
черкнул,1,0.00%
празднуют,1,0.00%
нужным,1,0.00%
вцепится,1,0.00%
казните,1,0.00%
позаботился,1,0.00%
сбежать,1,0.00%
ехали,1,0.00%
вредной,1,0.00%
жабу,1,0.00%
образоваться,1,0.00%
нужную,1,0.00%
проследил,1,0.00%
врассыпную,1,0.00%
казнить,1,0.00%
коплю,1,0.00%
подозревая,1,0.00%
карандашом,1,0.00%
заботу,1,0.00%
рассердилась,1,0.00%
опыты,1,0.00%
шмыгая,1,0.00%
осетриной,1,0.00%
сверкаете,1,0.00%
начальнице,1,0.00%
ври,1,0.00%
зашлепал,1,0.00%
обиженно,1,0.00%
фортеля,1,0.00%
пичуга,1,0.00%
перевалили,1,0.00%
фортель,1,0.00%
проговорил,1,0.00%
удаляющейся,1,0.00%
персоне,1,0.00%
перепуганные,1,0.00%
откинуло,1,0.00%
проследит,1,0.00%
слюна,1,0.00%
беспокоить,1,0.00%
всё,1,0.00%
слюну,1,0.00%
ожидала,1,0.00%
персоны,1,0.00%
отрицательную,1,0.00%
нетопленое,1,0.00%
потрогать,1,0.00%
бульона,1,0.00%
подцепить,1,0.00%
центр,1,0.00%
смущаясь,1,0.00%
застать,1,0.00%
ароматов,1,0.00%
бурю,1,0.00%
буря,1,0.00%
мокнет,1,0.00%
вдалеке,1,0.00%
структур,1,0.00%
заскрипел,1,0.00%
навоза,1,0.00%
прогуляются,1,0.00%
шкафчик,1,0.00%
волосам,1,0.00%
заказывают,1,0.00%
промышляет,1,0.00%
сыщется,1,0.00%
получившимся,1,0.00%
ледянцовые,1,0.00%
наполняя,1,0.00%
готовить,1,0.00%
предисловий,1,0.00%
брезгливо,1,0.00%
наполнял,1,0.00%
прекратили,1,0.00%
нерациональными,1,0.00%
отложил,1,0.00%
избы,1,0.00%
пунктуален,1,0.00%
поднеся,1,0.00%
имеющихся,1,0.00%
больницей,1,0.00%
обратил,1,0.00%
обследование,1,0.00%
выпить,1,0.00%
пролезть,1,0.00%
однажды,1,0.00%
газетной,1,0.00%
грустила,1,0.00%
великовозрастные,1,0.00%
интересует,1,0.00%
мямлит,1,0.00%
арку,1,0.00%
двору,1,0.00%
арка,1,0.00%
мирян,1,0.00%
блеклая,1,0.00%
арки,1,0.00%
вился,1,0.00%
лучик,1,0.00%
близок,1,0.00%
приворожили,1,0.00%
продают,1,0.00%
ослабевших,1,0.00%
выдумщика,1,0.00%
сортом,1,0.00%
васькой,1,0.00%
вскакивая,1,0.00%
обряд,1,0.00%
сочувствую,1,0.00%
балериной,1,0.00%
помолчав,1,0.00%
подверг,1,0.00%
чушь,1,0.00%
ателье,1,0.00%
способности,1,0.00%
очертания,1,0.00%
приворожила,1,0.00%
радует,1,0.00%
способность,1,0.00%
вывеска,1,0.00%
порчи,1,0.00%
способный,1,0.00%
сопровождающие,1,0.00%
господский,1,0.00%
порча,1,0.00%
чувствовалось,1,0.00%
коровенку,1,0.00%
продолжу,1,0.00%
намекали,1,0.00%
разыграла,1,0.00%
ценную,1,0.00%
желаниям,1,0.00%
зарастает,1,0.00%
мнимый,1,0.00%
опускаясь,1,0.00%
перебирать,1,0.00%
застала,1,0.00%
слезинки,1,0.00%
коровенка,1,0.00%
являться,1,0.00%
кольца,1,0.00%
благодарностью,1,0.00%
нянькой,1,0.00%
доски,1,0.00%
умоляю,1,0.00%
подвели,1,0.00%
стушевалась,1,0.00%
гад,1,0.00%
задействован,1,0.00%
проулков,1,0.00%
газ,1,0.00%
изобрела,1,0.00%
подвело,1,0.00%
выдвинув,1,0.00%
прилипли,1,0.00%
заживают,1,0.00%
глотком,1,0.00%
гам,1,0.00%
подъемное,1,0.00%
подвела,1,0.00%
беседы,1,0.00%
объятия,1,0.00%
соблюдали,1,0.00%
гладил,1,0.00%
улыбаются,1,0.00%
способностей,1,0.00%
плескалась,1,0.00%
переключилась,1,0.00%
безумием,1,0.00%
строя,1,0.00%
слушаете,1,0.00%
делось,1,0.00%
подгадав,1,0.00%
родами,1,0.00%
запретную,1,0.00%
уходя,1,0.00%
сюрпризы,1,0.00%
жертву,1,0.00%
жертвы,1,0.00%
досок,1,0.00%
буде,1,0.00%
высоты,1,0.00%
подчиняясь,1,0.00%
жара,1,0.00%
перебрали,1,0.00%
лечебных,1,0.00%
помнят,1,0.00%
стукнула,1,0.00%
почтари,1,0.00%
половинку,1,0.00%
перекрывали,1,0.00%
неосведомленность,1,0.00%
выселкам,1,0.00%
порта,1,0.00%
яйцо,1,0.00%
небось,1,0.00%
торопиться,1,0.00%
трагически,1,0.00%
установить,1,0.00%
негодовать,1,0.00%
представлю,1,0.00%
отвратительное,1,0.00%
съезжаю,1,0.00%
сбор,1,0.00%
окрест,1,0.00%
хранилось,1,0.00%
неглиже,1,0.00%
поосторожнее,1,0.00%
приезду,1,0.00%
одумается,1,0.00%
атмосферу,1,0.00%
поосторожней,1,0.00%
разыграть,1,0.00%
кровоточащие,1,0.00%
сочувствие,1,0.00%
объясни,1,0.00%
болезненным,1,0.00%
недолго,1,0.00%
побеспокоил,1,0.00%
моциона,1,0.00%
оглядывать,1,0.00%
доказать,1,0.00%
пырится,1,0.00%
причастен,1,0.00%
пробуждающееся,1,0.00%
соблюдать,1,0.00%
всякого,1,0.00%
подельника,1,0.00%
болтать,1,0.00%
шорохом,1,0.00%
битки,1,0.00%
величала,1,0.00%
скинув,1,0.00%
предупредит,1,0.00%
отцепить,1,0.00%
открывшимися,1,0.00%
предупредим,1,0.00%
газетных,1,0.00%
энергию,1,0.00%
уединение,1,0.00%
накладывало,1,0.00%
пропойцу,1,0.00%
работнику,1,0.00%
букетик,1,0.00%
чует,1,0.00%
царящую,1,0.00%
непременную,1,0.00%
бедовый,1,0.00%
мешкая,1,0.00%
повыковыривал,1,0.00%
проспаться,1,0.00%
короткие,1,0.00%
исправимся,1,0.00%
гимназисты,1,0.00%
выдающийся,1,0.00%
коротким,1,0.00%
высморкалась,1,0.00%
перчаточки,1,0.00%
превеликим,1,0.00%
короткий,1,0.00%
зарегистрирована,1,0.00%
бутылочного,1,0.00%
стукнуть,1,0.00%
отплатил,1,0.00%
загляделся,1,0.00%
положение,1,0.00%
настенного,1,0.00%
глядясь,1,0.00%
убытки,1,0.00%
глумитесь,1,0.00%
канула,1,0.00%
сбил,1,0.00%
выткана,1,0.00%
опутал,1,0.00%
схватить,1,0.00%
откроете,1,0.00%
звенел,1,0.00%
управляя,1,0.00%
досадой,1,0.00%
положения,1,0.00%
пропало,1,0.00%
ранний,1,0.00%
речная,1,0.00%
кристальной,1,0.00%
предшественника,1,0.00%
пахнуло,1,0.00%
пропала,1,0.00%
уголком,1,0.00%
складывались,1,0.00%
дергающейся,1,0.00%
повалив,1,0.00%
взирает,1,0.00%
квартира,1,0.00%
прошлогодней,1,0.00%
закинув,1,0.00%
едемте,1,0.00%
потертый,1,0.00%
аптекаршей,1,0.00%
отбыл,1,0.00%
пьёт,1,0.00%
открылся,1,0.00%
ужасная,1,0.00%
рассчитывает,1,0.00%
кичится,1,0.00%
сбей,1,0.00%
бросала,1,0.00%
всякому,1,0.00%
обросшие,1,0.00%
обыскала,1,0.00%
подозрительного,1,0.00%
вытряс,1,0.00%
зайдем,1,0.00%
псевдоним,1,0.00%
дышал,1,0.00%
покину,1,0.00%
пущенных,1,0.00%
опомнилась,1,0.00%
битве,1,0.00%
преминул,1,0.00%
навещает,1,0.00%
пычки,1,0.00%
естественно,1,0.00%
предупредив,1,0.00%
невнятное,1,0.00%
затянуло,1,0.00%
радушная,1,0.00%
несмышлёнышу,1,0.00%
пеньюар,1,0.00%
битвы,1,0.00%
предъявит,1,0.00%
жаааль,1,0.00%
сидении,1,0.00%
муха,1,0.00%
раннем,1,0.00%
нетопленый,1,0.00%
тащите,1,0.00%
непонятно,1,0.00%
увозящие,1,0.00%
причуд,1,0.00%
карманные,1,0.00%
полузнова,1,0.00%
аляповатое,1,0.00%
приправленной,1,0.00%
занесенный,1,0.00%
карманных,1,0.00%
дверьми,1,0.00%
эдак,1,0.00%
родитель,1,0.00%
мирами,1,0.00%
варенью,1,0.00%
присутствии,1,0.00%
печке,1,0.00%
схватили,1,0.00%
признаю,1,0.00%
шикнула,1,0.00%
муть,1,0.00%
мозгах,1,0.00%
сквозила,1,0.00%
короткое,1,0.00%
расцвела,1,0.00%
безделья,1,0.00%
дорожную,1,0.00%
нащупав,1,0.00%
местные,1,0.00%
записка,1,0.00%
академию,1,0.00%
записке,1,0.00%
столику,1,0.00%
записки,1,0.00%
местных,1,0.00%
травит,1,0.00%
свалю,1,0.00%
наискось,1,0.00%
ожидающего,1,0.00%
иродов,1,0.00%
бакенбардами,1,0.00%
подернула,1,0.00%
столики,1,0.00%
братца,1,0.00%
дамочках,1,0.00%
сейфе,1,0.00%
сдавайся,1,0.00%
улыбнулось,1,0.00%
коль,1,0.00%
запросто,1,0.00%
зевы,1,0.00%
коней,1,0.00%
стрелка,1,0.00%
просила,1,0.00%
ростбиф,1,0.00%
бывших,1,0.00%
усилились,1,0.00%
конкретно,1,0.00%
сопровождением,1,0.00%
бывшие,1,0.00%
флот,1,0.00%
чистый,1,0.00%
протянутый,1,0.00%
клочки,1,0.00%
арестуете,1,0.00%
перевязку,1,0.00%
иконина,1,0.00%
поморщиться,1,0.00%
носить,1,0.00%
телеграммы,1,0.00%
билась,1,0.00%
сдерживающие,1,0.00%
издал,1,0.00%
приступлю,1,0.00%
расстегаями,1,0.00%
кидайся,1,0.00%
отпрянул,1,0.00%
светлом,1,0.00%
пригласили,1,0.00%
загибать,1,0.00%
светлой,1,0.00%
дружеские,1,0.00%
коих,1,0.00%
запряженные,1,0.00%
тертом,1,0.00%
прихожей,1,0.00%
дружеских,1,0.00%
психически,1,0.00%
небылицу,1,0.00%
летнюю,1,0.00%
полагается,1,0.00%
прихожий,1,0.00%
хватко,1,0.00%
позвонив,1,0.00%
угомони,1,0.00%
солдат,1,0.00%
небылицы,1,0.00%
рассерженной,1,0.00%
позвоним,1,0.00%
кровище,1,0.00%
подымая,1,0.00%
глотками,1,0.00%
полтине,1,0.00%
носилках,1,0.00%
пилюлях,1,0.00%
здраво,1,0.00%
осознать,1,0.00%
купите,1,0.00%
отдохнет,1,0.00%
ловким,1,0.00%
коже,1,0.00%
наколдовался,1,0.00%
дерзкому,1,0.00%
кожа,1,0.00%
травах,1,0.00%
расположенными,1,0.00%
осознает,1,0.00%
припека,1,0.00%
братья,1,0.00%
помнится,1,0.00%
рыбкой,1,0.00%
манерам,1,0.00%
хвастался,1,0.00%
позвонит,1,0.00%
дав,1,0.00%
застряла,1,0.00%
туалетной,1,0.00%
ужасы,1,0.00%
взмахнул,1,0.00%
бобами,1,0.00%
сажают,1,0.00%
взмахнув,1,0.00%
последующие,1,0.00%
утраченной,1,0.00%
петухи,1,0.00%
перекликались,1,0.00%
сидящим,1,0.00%
написано,1,0.00%
бывшая,1,0.00%
легендарным,1,0.00%
легендарный,1,0.00%
дружки,1,0.00%
пролитая,1,0.00%
украшенную,1,0.00%
возлюбленном,1,0.00%
сидящих,1,0.00%
проскользнуть,1,0.00%
комья,1,0.00%
начните,1,0.00%
отыщем,1,0.00%
выгнать,1,0.00%
дрянная,1,0.00%
потертом,1,0.00%
прибегнуть,1,0.00%
утрясется,1,0.00%
пустотой,1,0.00%
наполнив,1,0.00%
www,1,0.00%
бурой,1,0.00%
здравого,1,0.00%
заелозил,1,0.00%
промокнет,1,0.00%
метишься,1,0.00%
заклятием,1,0.00%
буренку,1,0.00%
дорожном,1,0.00%
кирпичного,1,0.00%
нравы,1,0.00%
дев,1,0.00%
стажеров,1,0.00%
бывшей,1,0.00%
дед,1,0.00%
украшенном,1,0.00%
рукомойнику,1,0.00%
лицам,1,0.00%
путает,1,0.00%
дер,1,0.00%
сомкнулась,1,0.00%
зудело,1,0.00%
стажером,1,0.00%
дождусь,1,0.00%
дружок,1,0.00%
записал,1,0.00%
интересуют,1,0.00%
затруднит,1,0.00%
украшенное,1,0.00%
складывайте,1,0.00%
суток,1,0.00%
колебаний,1,0.00%
бабочкой,1,0.00%
усердствовал,1,0.00%
прогуливались,1,0.00%
покажешь,1,0.00%
шрама,1,0.00%
отказавшись,1,0.00%
лента,1,0.00%
фейерверком,1,0.00%
логово,1,0.00%
странице,1,0.00%
посмеяться,1,0.00%
ржавые,1,0.00%
побуждений,1,0.00%
пристрелю,1,0.00%
находимся,1,0.00%
ленту,1,0.00%
намеренно,1,0.00%
уверено,1,0.00%
применение,1,0.00%
тетя,1,0.00%
обязан,1,0.00%
вестями,1,0.00%
записью,1,0.00%
кричите,1,0.00%
отмахивался,1,0.00%
скрючены,1,0.00%
служил,1,0.00%
действуем,1,0.00%
спотыкаясь,1,0.00%
сидящая,1,0.00%
газетенку,1,0.00%
неведомое,1,0.00%
акпетита,1,0.00%
накинулся,1,0.00%
солнечные,1,0.00%
сходился,1,0.00%
обозвала,1,0.00%
акпетиту,1,0.00%
встретиться,1,0.00%
перемахнув,1,0.00%
икнул,1,0.00%
неведомой,1,0.00%
подсказала,1,0.00%
сотворила,1,0.00%
телефонным,1,0.00%
телефонный,1,0.00%
подсказали,1,0.00%
нашелся,1,0.00%
наваливаясь,1,0.00%
питейный,1,0.00%
ритуалом,1,0.00%
выудить,1,0.00%
огорчать,1,0.00%
смотрю,1,0.00%
посыльный,1,0.00%
полкам,1,0.00%
амбре,1,0.00%
советчик,1,0.00%
обратимся,1,0.00%
сотворили,1,0.00%
полках,1,0.00%
отчитывая,1,0.00%
вглядываясь,1,0.00%
подъемные,1,0.00%
госпожу,1,0.00%
отталкиваясь,1,0.00%
бегстве,1,0.00%
клюнуть,1,0.00%
светлым,1,0.00%
прозаичней,1,0.00%
стрел,1,0.00%
хода,1,0.00%
кручу,1,0.00%
дна,1,0.00%
светлые,1,0.00%
картинки,1,0.00%
ходи,1,0.00%
осматривал,1,0.00%
стреляй,1,0.00%
возрастом,1,0.00%
питейным,1,0.00%
ходы,1,0.00%
волшебного,1,0.00%
кормилицу,1,0.00%
путами,1,0.00%
обидит,1,0.00%
возмущённую,1,0.00%
тему,1,0.00%
бурые,1,0.00%
дорожных,1,0.00%
управу,1,0.00%
взбитая,1,0.00%
копилочки,1,0.00%
качеством,1,0.00%
зайдите,1,0.00%
придавил,1,0.00%
бессмыслица,1,0.00%
третьих,1,0.00%
кружки,1,0.00%
сходим,1,0.00%
кружке,1,0.00%
легендой,1,0.00%
потренироваться,1,0.00%
кружка,1,0.00%
теле,1,0.00%
службе,1,0.00%
прислал,1,0.00%
крути,1,0.00%
крутя,1,0.00%
живописную,1,0.00%
круты,1,0.00%
поглядим,1,0.00%
ускакать,1,0.00%
каморки,1,0.00%
сажала,1,0.00%
бобов,1,0.00%
блузку,1,0.00%
поколения,1,0.00%
тихоновичу,1,0.00%
прокомментируете,1,0.00%
сварю,1,0.00%
прогуляюсь,1,0.00%
общественном,1,0.00%
сожжённый,1,0.00%
порез,1,0.00%
пустышку,1,0.00%
вернетесь,1,0.00%
принесенный,1,0.00%
выкинули,1,0.00%
условиях,1,0.00%
местном,1,0.00%
возлюбленная,1,0.00%
ведите,1,0.00%
кота,1,0.00%
державы,1,0.00%
атласный,1,0.00%
выдается,1,0.00%
брюках,1,0.00%
косу,1,0.00%
дум,1,0.00%
умирающий,1,0.00%
украшенная,1,0.00%
шатры,1,0.00%
ошибаешься,1,0.00%
легендарном,1,0.00%
столица,1,0.00%
гудок,1,0.00%
смотрелось,1,0.00%
надлежащий,1,0.00%
местной,1,0.00%
входную,1,0.00%
испорчено,1,0.00%
смешок,1,0.00%
баночке,1,0.00%
безысходностью,1,0.00%
орущего,1,0.00%
скрягой,1,0.00%
вздернул,1,0.00%
травме,1,0.00%
постановка,1,0.00%
крупы,1,0.00%
науку,1,0.00%
вздернув,1,0.00%
взвизгнул,1,0.00%
покусанная,1,0.00%
ладожски,1,0.00%
подозревали,1,0.00%
слабоваты,1,0.00%
деревянную,1,0.00%
усвоил,1,0.00%
вышедшим,1,0.00%
целое,1,0.00%
проеме,1,0.00%
совещание,1,0.00%
каминные,1,0.00%
попросить,1,0.00%
заживет,1,0.00%
возмущённые,1,0.00%
уговор,1,0.00%
возмущённый,1,0.00%
впечатлен,1,0.00%
подобному,1,0.00%
насыщает,1,0.00%
вышедших,1,0.00%
задумавшись,1,0.00%
частого,1,0.00%
поставили,1,0.00%
направлюсь,1,0.00%
доведу,1,0.00%
занимает,1,0.00%
заложницах,1,0.00%
положительным,1,0.00%
задолжал,1,0.00%
нависая,1,0.00%
угловатый,1,0.00%
хранением,1,0.00%
допивал,1,0.00%
складывается,1,0.00%
жутко,1,0.00%
доведи,1,0.00%
блеснуло,1,0.00%
отступить,1,0.00%
врага,1,0.00%
белокурых,1,0.00%
десерт,1,0.00%
нанимать,1,0.00%
подворотнями,1,0.00%
присматривался,1,0.00%
съели,1,0.00%
талантами,1,0.00%
документам,1,0.00%
белокурые,1,0.00%
белокурый,1,0.00%
миллиметре,1,0.00%
прячется,1,0.00%
потащила,1,0.00%
брегет,1,0.00%
потащили,1,0.00%
клинышком,1,0.00%
побывали,1,0.00%
подозревает,1,0.00%
влюбленным,1,0.00%
уносили,1,0.00%
приболели,1,0.00%
вещица,1,0.00%
здоровья,1,0.00%
подключу,1,0.00%
совет,1,0.00%
путешественников,1,0.00%
старому,1,0.00%
навалившихся,1,0.00%
ягодами,1,0.00%
вещицы,1,0.00%
проживает,1,0.00%
диковину,1,0.00%
читанное,1,0.00%
минута,1,0.00%
целуя,1,0.00%
плену,1,0.00%
подкладку,1,0.00%
жалобиться,1,0.00%
перепутал,1,0.00%
мирозданию,1,0.00%
плена,1,0.00%
удумал,1,0.00%
недовольны,1,0.00%
прислуге,1,0.00%
неопрятной,1,0.00%
переминаясь,1,0.00%
заботливо,1,0.00%
ворваться,1,0.00%
людных,1,0.00%
ждешь,1,0.00%
отпрянула,1,0.00%
заваливался,1,0.00%
настигла,1,0.00%
ошарашенный,1,0.00%
детину,1,0.00%
щегольски,1,0.00%
плела,1,0.00%
явилось,1,0.00%
отпрянули,1,0.00%
стягивая,1,0.00%
стопа,1,0.00%
армию,1,0.00%
спятившего,1,0.00%
дирижёр,1,0.00%
обратной,1,0.00%
изобразила,1,0.00%
известности,1,0.00%
покосившись,1,0.00%
обмахнуть,1,0.00%
этими,1,0.00%
подвигах,1,0.00%
изучить,1,0.00%
туман,1,0.00%
стони,1,0.00%
схватят,1,0.00%
вазочка,1,0.00%
понимает,1,0.00%
подмостках,1,0.00%
обматывала,1,0.00%
гигант,1,0.00%
пожалейте,1,0.00%
проветрит,1,0.00%
деревянной,1,0.00%
минует,1,0.00%
белокурую,1,0.00%
портили,1,0.00%
тафте,1,0.00%
дорога,1,0.00%
лежащей,1,0.00%
оглядевшись,1,0.00%
спроса,1,0.00%
лежащее,1,0.00%
проходившие,1,0.00%
целым,1,0.00%
дыхни,1,0.00%
вмешательство,1,0.00%
изучила,1,0.00%
бегущую,1,0.00%
светоч,1,0.00%
уносить,1,0.00%
моноклем,1,0.00%
окажется,1,0.00%
отскочил,1,0.00%
сплёвывая,1,0.00%
отвлечемся,1,0.00%
постигла,1,0.00%
оплошность,1,0.00%
парадное,1,0.00%
выспрашивать,1,0.00%
заполнить,1,0.00%
складки,1,0.00%
плитки,1,0.00%
переполненный,1,0.00%
добираться,1,0.00%
отказалась,1,0.00%
заботах,1,0.00%
источников,1,0.00%
стоил,1,0.00%
оформлял,1,0.00%
оплошности,1,0.00%
спрятанные,1,0.00%
спешить,1,0.00%
подставила,1,0.00%
звонил,1,0.00%
прервался,1,0.00%
захлопнул,1,0.00%
поправим,1,0.00%
приоткрыв,1,0.00%
обогнал,1,0.00%
житья,1,0.00%
приоткрыл,1,0.00%
храбры,1,0.00%
обещают,1,0.00%
разнывшееся,1,0.00%
проследовать,1,0.00%
захлопнув,1,0.00%
дергая,1,0.00%
уложу,1,0.00%
направят,1,0.00%
нраве,1,0.00%
заботой,1,0.00%
втянул,1,0.00%
гораздо,1,0.00%
сходят,1,0.00%
предчувствуя,1,0.00%
сломана,1,0.00%
расстёгнутых,1,0.00%
зачарованная,1,0.00%
бурей,1,0.00%
склонив,1,0.00%
обещания,1,0.00%
терпела,1,0.00%
ощутить,1,0.00%
обиженных,1,0.00%
подъезжающих,1,0.00%
работало,1,0.00%
накопилось,1,0.00%
ране,1,0.00%
работали,1,0.00%
прибежищем,1,0.00%
рана,1,0.00%
приглядывайте,1,0.00%
рамы,1,0.00%
позориться,1,0.00%
гнетущем,1,0.00%
изгоя,1,0.00%
надрывного,1,0.00%
попил,1,0.00%
сжался,1,0.00%
печали,1,0.00%
раме,1,0.00%
вазочку,1,0.00%
сдерживался,1,0.00%
выдувающий,1,0.00%
развеять,1,0.00%
солдаты,1,0.00%
тяжестью,1,0.00%
трясешься,1,0.00%
поршни,1,0.00%
гнетущее,1,0.00%
проживать,1,0.00%
вестей,1,0.00%
спрошу,1,0.00%
выдерживают,1,0.00%
явной,1,0.00%
надобность,1,0.00%
светел,1,0.00%
пролитой,1,0.00%
втемяшилось,1,0.00%
докладывайте,1,0.00%
звонко,1,0.00%
заполнила,1,0.00%
уважает,1,0.00%
поманила,1,0.00%
пререкаться,1,0.00%
сироты,1,0.00%
спешу,1,0.00%
врачу,1,0.00%
безобразие,1,0.00%
людная,1,0.00%
льнула,1,0.00%
сироте,1,0.00%
еремке,1,0.00%
сирота,1,0.00%
клыками,1,0.00%
вспомнит,1,0.00%
отражал,1,0.00%
покупки,1,0.00%
явным,1,0.00%
сапфиры,1,0.00%
подвергнешь,1,0.00%
особняком,1,0.00%
вопреки,1,0.00%
спеша,1,0.00%
размышлений,1,0.00%
наследие,1,0.00%
разы,1,0.00%
деревянных,1,0.00%
подставить,1,0.00%
проследовали,1,0.00%
размахом,1,0.00%
стоят,1,0.00%
посещать,1,0.00%
тоннеля,1,0.00%
ревельский,1,0.00%
отражая,1,0.00%
переписал,1,0.00%
носившее,1,0.00%
наград,1,0.00%
попей,1,0.00%
перебьюсь,1,0.00%
степанидой,1,0.00%
пересудов,1,0.00%
синеву,1,0.00%
звоном,1,0.00%
расставленная,1,0.00%
управиться,1,0.00%
прикинуть,1,0.00%
жамкая,1,0.00%
выслуживаться,1,0.00%
заезжал,1,0.00%
холке,1,0.00%
поломанный,1,0.00%
примечательны,1,0.00%
объясниться,1,0.00%
нанимали,1,0.00%
уйду,1,0.00%
подбодрить,1,0.00%
напутствовала,1,0.00%
здороваясь,1,0.00%
поплыло,1,0.00%
плюхнулся,1,0.00%
кепочку,1,0.00%
свернула,1,0.00%
облегчи,1,0.00%
лишить,1,0.00%
сошлют,1,0.00%
кепочке,1,0.00%
манипулировать,1,0.00%
совру,1,0.00%
запертым,1,0.00%
поплыли,1,0.00%
сражаясь,1,0.00%
скатерть,1,0.00%
допросит,1,0.00%
облегчу,1,0.00%
поманить,1,0.00%
мерзнуть,1,0.00%
тлетворное,1,0.00%
утерла,1,0.00%
прижатой,1,0.00%
уводить,1,0.00%
печати,1,0.00%
покраснели,1,0.00%
тульские,1,0.00%
безглазые,1,0.00%
предчувствии,1,0.00%
вдыхая,1,0.00%
переживете,1,0.00%
коснулись,1,0.00%
помыкали,1,0.00%
занавес,1,0.00%
удовлетворения,1,0.00%
повторяющуюся,1,0.00%
косоглазый,1,0.00%
холода,1,0.00%
зафиксированная,1,0.00%
покинутым,1,0.00%
позарился,1,0.00%
просипел,1,0.00%
крестному,1,0.00%
отчество,1,0.00%
третье,1,0.00%
запустила,1,0.00%
прервалась,1,0.00%
семьями,1,0.00%
жуткие,1,0.00%
нравоучений,1,0.00%
сварить,1,0.00%
приняли,1,0.00%
попутно,1,0.00%
соблазняет,1,0.00%
накинутой,1,0.00%
жутким,1,0.00%
доступ,1,0.00%
охранять,1,0.00%
четверо,1,0.00%
предложить,1,0.00%
охвачен,1,0.00%
горчица,1,0.00%
малышкой,1,0.00%
затопал,1,0.00%
догонять,1,0.00%
надула,1,0.00%
салопе,1,0.00%
взаимной,1,0.00%
изменилась,1,0.00%
проформы,1,0.00%
приходит,1,0.00%
готовки,1,0.00%
убирающая,1,0.00%
каплуны,1,0.00%
заплутали,1,0.00%
ненадолго,1,0.00%
тронут,1,0.00%
колбы,1,0.00%
подземелья,1,0.00%
следовать,1,0.00%
попрощался,1,0.00%
доносились,1,0.00%
отводя,1,0.00%
скандалом,1,0.00%
рассвета,1,0.00%
забудь,1,0.00%
откатился,1,0.00%
розой,1,0.00%
готовим,1,0.00%
василий,1,0.00%
рассвету,1,0.00%
здравой,1,0.00%
здравом,1,0.00%
сложностей,1,0.00%
сдал,1,0.00%
призрения,1,0.00%
подземелье,1,0.00%
скотины,1,0.00%
пошлешь,1,0.00%
подытожила,1,0.00%
приготовь,1,0.00%
чувствую,1,0.00%
коллегам,1,0.00%
угрожал,1,0.00%
интересные,1,0.00%
доставать,1,0.00%
тоннеле,1,0.00%
здравое,1,0.00%
зажать,1,0.00%
срезать,1,0.00%
любимые,1,0.00%
успевала,1,0.00%
луну,1,0.00%
напитанный,1,0.00%
водятся,1,0.00%
названы,1,0.00%
доказано,1,0.00%
луна,1,0.00%
совался,1,0.00%
вздыхала,1,0.00%
одноэтажным,1,0.00%
выскочки,1,0.00%
перекинулась,1,0.00%
описал,1,0.00%
митиной,1,0.00%
аукнется,1,0.00%
французски,1,0.00%
пойманы,1,0.00%
чириканье,1,0.00%
войдет,1,0.00%
недоволен,1,0.00%
аккорда,1,0.00%
входя,1,0.00%
выговорились,1,0.00%
поймала,1,0.00%
расплылся,1,0.00%
бревна,1,0.00%
нашествие,1,0.00%
занимают,1,0.00%
умрёт,1,0.00%
вызывать,1,0.00%
пальто,1,0.00%
суров,1,0.00%
посередь,1,0.00%
назвала,1,0.00%
светилась,1,0.00%
цветами,1,0.00%
определенные,1,0.00%
поработать,1,0.00%
жмущемуся,1,0.00%
подтвердит,1,0.00%
медом,1,0.00%
выходкой,1,0.00%
вытрясла,1,0.00%
креп,1,0.00%
отвезти,1,0.00%
спирали,1,0.00%
отвлекайте,1,0.00%
вздыхает,1,0.00%
праздниками,1,0.00%
созерцать,1,0.00%
весеннюю,1,0.00%
хмурые,1,0.00%
вылечила,1,0.00%
запнулся,1,0.00%
вотчину,1,0.00%
смешанный,1,0.00%
кристал,1,0.00%
проживают,1,0.00%
знавала,1,0.00%
доставала,1,0.00%
ищущих,1,0.00%
локонов,1,0.00%
лужи,1,0.00%
пяти,1,0.00%
крышке,1,0.00%
расправляя,1,0.00%
тянуло,1,0.00%
мученица,1,0.00%
шерсти,1,0.00%
взмахнула,1,0.00%
важными,1,0.00%
следовало,1,0.00%
интересную,1,0.00%
крышку,1,0.00%
низко,1,0.00%
шерсть,1,0.00%
тянула,1,0.00%
запрету,1,0.00%
пострадал,1,0.00%
растрепал,1,0.00%
сверлят,1,0.00%
хищно,1,0.00%
тройках,1,0.00%
травить,1,0.00%
чучелкой,1,0.00%
приглядел,1,0.00%
спутница,1,0.00%
двигать,1,0.00%
вежливо,1,0.00%
ангела,1,0.00%
спутницу,1,0.00%
армат,1,0.00%
воспылал,1,0.00%
всплеснула,1,0.00%
залпом,1,0.00%
лавками,1,0.00%
мальчишке,1,0.00%
ведьмовстве,1,0.00%
выключателю,1,0.00%
замахала,1,0.00%
роились,1,0.00%
любимой,1,0.00%
жалуется,1,0.00%
зелеными,1,0.00%
прескверная,1,0.00%
башне,1,0.00%
ведьмовству,1,0.00%
рутина,1,0.00%
башни,1,0.00%
башню,1,0.00%
недолюбливали,1,0.00%
кротко,1,0.00%
ребёнка,1,0.00%
заварить,1,0.00%
трепетали,1,0.00%
радостного,1,0.00%
молила,1,0.00%
инженера,1,0.00%
весенней,1,0.00%
прозвучали,1,0.00%
похожего,1,0.00%
зачарованный,1,0.00%
обоим,1,0.00%
расправлен,1,0.00%
тёмного,1,0.00%
пожаром,1,0.00%
предприимчивого,1,0.00%
малыми,1,0.00%
тронулся,1,0.00%
амулеты,1,0.00%
взбалмошную,1,0.00%
дрогнет,1,0.00%
сборник,1,0.00%
горела,1,0.00%
пещеру,1,0.00%
оборотнях,1,0.00%
оборотням,1,0.00%
крыш,1,0.00%
крыс,1,0.00%
хрип,1,0.00%
сдох,1,0.00%
подробнее,1,0.00%
составляет,1,0.00%
перекупил,1,0.00%
выкрикнул,1,0.00%
отлежаться,1,0.00%
образцовый,1,0.00%
ждете,1,0.00%
ободу,1,0.00%
гладью,1,0.00%
травила,1,0.00%
тулупы,1,0.00%
границу,1,0.00%
малышу,1,0.00%
смазал,1,0.00%
мчат,1,0.00%
затопил,1,0.00%
разоблачать,1,0.00%
причёски,1,0.00%
квартирой,1,0.00%
похлопав,1,0.00%
ветерок,1,0.00%
экран,1,0.00%
ослепительно,1,0.00%
двигала,1,0.00%
супружеская,1,0.00%
пловец,1,0.00%
мебелью,1,0.00%
застанет,1,0.00%
четверти,1,0.00%
картузах,1,0.00%
мрачные,1,0.00%
обсуждал,1,0.00%
мрачный,1,0.00%
поняв,1,0.00%
награда,1,0.00%
использованные,1,0.00%
багажом,1,0.00%
алешка,1,0.00%
шелохнулся,1,0.00%
дамочка,1,0.00%
дальнейшего,1,0.00%
разносолами,1,0.00%
задирой,1,0.00%
напастью,1,0.00%
обсуждая,1,0.00%
жуткую,1,0.00%
печатями,1,0.00%
лифта,1,0.00%
радость,1,0.00%
наисвежайшая,1,0.00%
дымоход,1,0.00%
воротник,1,0.00%
скрипучей,1,0.00%
радости,1,0.00%
истекающий,1,0.00%
смыслил,1,0.00%
обнял,1,0.00%
икра,1,0.00%
ведомство,1,0.00%
прибыло,1,0.00%
вакансия,1,0.00%
двигает,1,0.00%
стекала,1,0.00%
представьте,1,0.00%
рапорта,1,0.00%
митрофана,1,0.00%
зачарованную,1,0.00%
застенках,1,0.00%
белокурая,1,0.00%
налетел,1,0.00%
интересная,1,0.00%
ветерка,1,0.00%
шутковать,1,0.00%
поглянь,1,0.00%
схватил,1,0.00%
промолчите,1,0.00%
доброжелательная,1,0.00%
бульончику,1,0.00%
потрепал,1,0.00%
бланжмонже,1,0.00%
подняла,1,0.00%
замутило,1,0.00%
луче,1,0.00%
набриолинены,1,0.00%
чинил,1,0.00%
разноголосое,1,0.00%
механико,1,0.00%
колен,1,0.00%
вернуть,1,0.00%
чинит,1,0.00%
колеи,1,0.00%
изуродовал,1,0.00%
скрипучий,1,0.00%
занимать,1,0.00%
механике,1,0.00%
лучезарно,1,0.00%
круг,1,0.00%
сугубо,1,0.00%
отпуск,1,0.00%
пролепетала,1,0.00%
убедился,1,0.00%
невозможных,1,0.00%
вставай,1,0.00%
обратный,1,0.00%
книге,1,0.00%
центральному,1,0.00%
остаточные,1,0.00%
форы,1,0.00%
покормит,1,0.00%
покрасить,1,0.00%
непосредственного,1,0.00%
пробежал,1,0.00%
потерплю,1,0.00%
разрядить,1,0.00%
погрузился,1,0.00%
невеличек,1,0.00%
поплутала,1,0.00%
трущегося,1,0.00%
разыскать,1,0.00%
насущных,1,0.00%
частности,1,0.00%
позовите,1,0.00%
поступало,1,0.00%
приближайтесь,1,0.00%
волшебники,1,0.00%
сумерки,1,0.00%
сложнее,1,0.00%
главные,1,0.00%
обвинять,1,0.00%
уверяю,1,0.00%
потеплело,1,0.00%
продаешь,1,0.00%
салонах,1,0.00%
сноровки,1,0.00%
погорячительнее,1,0.00%
сироточки,1,0.00%
присыпанную,1,0.00%
сперло,1,0.00%
сноровка,1,0.00%
сверни,1,0.00%
атласа,1,0.00%
кобылы,1,0.00%
главный,1,0.00%
траву,1,0.00%
сего,1,0.00%
кубышке,1,0.00%
щербину,1,0.00%
перекрестку,1,0.00%
марбургской,1,0.00%
рвал,1,0.00%
клетчатой,1,0.00%
силясь,1,0.00%
жирно,1,0.00%
высокообразованные,1,0.00%
волной,1,0.00%
вникну,1,0.00%
происходившего,1,0.00%
задумка,1,0.00%
исподтишка,1,0.00%
налетели,1,0.00%
проплывающее,1,0.00%
дежурных,1,0.00%
налетела,1,0.00%
губах,1,0.00%
оживал,1,0.00%
запахло,1,0.00%
особицу,1,0.00%
явлений,1,0.00%
возместит,1,0.00%
выяснения,1,0.00%
проследите,1,0.00%
умирающего,1,0.00%
засыпала,1,0.00%
незнакомого,1,0.00%
чайник,1,0.00%
сонной,1,0.00%
собраны,1,0.00%
прижимал,1,0.00%
хлынуло,1,0.00%
болотом,1,0.00%
выругав,1,0.00%
пошутить,1,0.00%
подсунул,1,0.00%
недоверию,1,0.00%
наведывать,1,0.00%
запамятовали,1,0.00%
прикусил,1,0.00%
удачно,1,0.00%
лязгнули,1,0.00%
завершая,1,0.00%
переходами,1,0.00%
займется,1,0.00%
дотянулись,1,0.00%
растрепалась,1,0.00%
случившееся,1,0.00%
отвлеклись,1,0.00%
взбесился,1,0.00%
помни,1,0.00%
прутья,1,0.00%
побрякушки,1,0.00%
образовавшийся,1,0.00%
завизжала,1,0.00%
краснеть,1,0.00%
собрала,1,0.00%
завизжали,1,0.00%
перекусив,1,0.00%
четырех,1,0.00%
главную,1,0.00%
продиктовала,1,0.00%
четырем,1,0.00%
делалось,1,0.00%
нарушаем,1,0.00%
загнала,1,0.00%
паюсной,1,0.00%
уморил,1,0.00%
компаньонкой,1,0.00%
центром,1,0.00%
кухарки,1,0.00%
рапорт,1,0.00%
глубокую,1,0.00%
случаев,1,0.00%
магазинных,1,0.00%
савицкого,1,0.00%
варки,1,0.00%
сверля,1,0.00%
козырьком,1,0.00%
повторения,1,0.00%
кухарку,1,0.00%
веером,1,0.00%
приветливом,1,0.00%
безделушку,1,0.00%
заботливая,1,0.00%
ранили,1,0.00%
стерпел,1,0.00%
побрякушку,1,0.00%
вкраплениями,1,0.00%
безделушки,1,0.00%
проедемте,1,0.00%
успевал,1,0.00%
завершил,1,0.00%
забываетесь,1,0.00%
пузырьков,1,0.00%
главной,1,0.00%
двоился,1,0.00%
чегой,1,0.00%
заинтересованный,1,0.00%
донес,1,0.00%
раздражает,1,0.00%
императорским,1,0.00%
щелкая,1,0.00%
злы,1,0.00%
помещая,1,0.00%
засверкали,1,0.00%
запрещено,1,0.00%
необычно,1,0.00%
мужицкого,1,0.00%
указательный,1,0.00%
знакомитесь,1,0.00%
губой,1,0.00%
четкой,1,0.00%
разрушить,1,0.00%
заверив,1,0.00%
творится,1,0.00%
душевного,1,0.00%
указывали,1,0.00%
деяние,1,0.00%
рассчитывающий,1,0.00%
обводя,1,0.00%
реагируя,1,0.00%
снабдив,1,0.00%
крашенной,1,0.00%
шоферу,1,0.00%
кинетесь,1,0.00%
заберёте,1,0.00%
кокон,1,0.00%
зов,1,0.00%
отпросился,1,0.00%
неприкаянный,1,0.00%
тарелке,1,0.00%
прихрамывая,1,0.00%
подсказывал,1,0.00%
загнать,1,0.00%
тётка,1,0.00%
костлявых,1,0.00%
толстыми,1,0.00%
неприкаянных,1,0.00%
облегчило,1,0.00%
спутаешь,1,0.00%
черствеешь,1,0.00%
издевается,1,0.00%
ямина,1,0.00%
ползал,1,0.00%
помещен,1,0.00%
оттащил,1,0.00%
задохнуться,1,0.00%
взяться,1,0.00%
отвлекают,1,0.00%
сложные,1,0.00%
тратя,1,0.00%
приготовленые,1,0.00%
непогода,1,0.00%
подтянулся,1,0.00%
поставлен,1,0.00%
затеряться,1,0.00%
выла,1,0.00%
отношению,1,0.00%
отправкой,1,0.00%
сонный,1,0.00%
выцепила,1,0.00%
кругам,1,0.00%
презрительным,1,0.00%
указала,1,0.00%
выгуляете,1,0.00%
случаются,1,0.00%
подтолкнул,1,0.00%
непогоду,1,0.00%
указали,1,0.00%
непогоды,1,0.00%
преобразился,1,0.00%
непогоде,1,0.00%
болотам,1,0.00%
монпансье,1,0.00%
старые,1,0.00%
забывчив,1,0.00%
жестяную,1,0.00%
будущих,1,0.00%
тарелок,1,0.00%
финансового,1,0.00%
litlib,1,0.00%
лазить,1,0.00%
служебный,1,0.00%
меценат,1,0.00%
снять,1,0.00%
кулачком,1,0.00%
старше,1,0.00%
будущим,1,0.00%
оправдывает,1,0.00%
жалобами,1,0.00%
процедуру,1,0.00%
вытянулась,1,0.00%
свободным,1,0.00%
притёртой,1,0.00%
наварила,1,0.00%
пробежали,1,0.00%
отношение,1,0.00%
светильник,1,0.00%
свободной,1,0.00%
очутилось,1,0.00%
дородная,1,0.00%
клетчатым,1,0.00%
страстей,1,0.00%
нарушать,1,0.00%
разнеслись,1,0.00%
раздерут,1,0.00%
ограничился,1,0.00%
резануть,1,0.00%
будущей,1,0.00%
выходках,1,0.00%
вытрясите,1,0.00%
переживаете,1,0.00%
языка,1,0.00%
языке,1,0.00%
выглядывая,1,0.00%
трамвае,1,0.00%
старых,1,0.00%
пряником,1,0.00%
чайную,1,0.00%
пруди,1,0.00%
отворена,1,0.00%
пряников,1,0.00%
семь,1,0.00%
жену,1,0.00%
старье,1,0.00%
запахом,1,0.00%
угодил,1,0.00%
затопчут,1,0.00%
семи,1,0.00%
знатоку,1,0.00%
продаю,1,0.00%
указывает,1,0.00%
догадками,1,0.00%
саданул,1,0.00%
сема,1,0.00%
типа,1,0.00%
заставить,1,0.00%
отвлекаться,1,0.00%
бумажными,1,0.00%
расплатятся,1,0.00%
подперев,1,0.00%
выступили,1,0.00%
рукопожатием,1,0.00%
вздох,1,0.00%
вредителя,1,0.00%
поприветствовав,1,0.00%
волнуйся,1,0.00%
уставом,1,0.00%
иудей,1,0.00%
иудеи,1,0.00%
рецепт,1,0.00%
низким,1,0.00%
жестянку,1,0.00%
скрестила,1,0.00%
шапку,1,0.00%
неопределенно,1,0.00%
простого,1,0.00%
омрачить,1,0.00%
тина,1,0.00%
протезе,1,0.00%
смиренно,1,0.00%
сменился,1,0.00%
резанули,1,0.00%
завороженный,1,0.00%
близкого,1,0.00%
бегать,1,0.00%
зимы,1,0.00%
обмяк,1,0.00%
осмотреться,1,0.00%
поглощал,1,0.00%
зиму,1,0.00%
перфомансе,1,0.00%
протеже,1,0.00%
назовитесь,1,0.00%
нощно,1,0.00%
пробежать,1,0.00%
местам,1,0.00%
зима,1,0.00%
приближающуюся,1,0.00%
грустном,1,0.00%
виновна,1,0.00%
краснеет,1,0.00%
четкая,1,0.00%
затих,1,0.00%
поплаваем,1,0.00%
въехал,1,0.00%
ивановичу,1,0.00%
знатную,1,0.00%
ивановича,1,0.00%
пыльник,1,0.00%
работают,1,0.00%
взболтал,1,0.00%
настройки,1,0.00%
кидаются,1,0.00%
неприкаянной,1,0.00%
обедала,1,0.00%
виденное,1,0.00%
юристов,1,0.00%
донеслось,1,0.00%
филиал,1,0.00%
мастерового,1,0.00%
выследить,1,0.00%
выдержать,1,0.00%
замолотил,1,0.00%
затею,1,0.00%
унесся,1,0.00%
затея,1,0.00%
бутылкам,1,0.00%
потревожу,1,0.00%
штрафа,1,0.00%
милый,1,0.00%
приобретали,1,0.00%
милые,1,0.00%
выходить,1,0.00%
заговорили,1,0.00%
милым,1,0.00%
указывают,1,0.00%
чичерин,1,0.00%
пьяный,1,0.00%
дипломированный,1,0.00%
покинув,1,0.00%
побили,1,0.00%
насолил,1,0.00%
доплатить,1,0.00%
почитают,1,0.00%
выходите,1,0.00%
покормите,1,0.00%
исполнял,1,0.00%
отправляю,1,0.00%
соберетесь,1,0.00%
стройте,1,0.00%
исполняй,1,0.00%
цветочный,1,0.00%
перепуганному,1,0.00%
статусу,1,0.00%
лежащего,1,0.00%
отправлял,1,0.00%
предрешен,1,0.00%
махал,1,0.00%
придвинул,1,0.00%
цилиндре,1,0.00%
вложил,1,0.00%
принюхиваясь,1,0.00%
оформите,1,0.00%
цилиндры,1,0.00%
провал,1,0.00%
барашка,1,0.00%
устаревшими,1,0.00%
обедает,1,0.00%
средь,1,0.00%
изб,1,0.00%
канитель,1,0.00%
изогнулась,1,0.00%
порталами,1,0.00%
чиркнула,1,0.00%
сжимаясь,1,0.00%
лепестками,1,0.00%
стальными,1,0.00%
закрутилось,1,0.00%
растолкованный,1,0.00%
домишек,1,0.00%
сжав,1,0.00%
цокольный,1,0.00%
полом,1,0.00%
признаться,1,0.00%
грешна,1,0.00%
пунктуальность,1,0.00%
камней,1,0.00%
имея,1,0.00%
большинства,1,0.00%
ветхую,1,0.00%
смертельно,1,0.00%
зашлась,1,0.00%
большинство,1,0.00%
усилился,1,0.00%
разрешится,1,0.00%
посидев,1,0.00%
ловля,1,0.00%
выходила,1,0.00%
праздный,1,0.00%
колдовала,1,0.00%
самозащита,1,0.00%
ныть,1,0.00%
фрак,1,0.00%
шестом,1,0.00%
взвыв,1,0.00%
проникал,1,0.00%
глазом,1,0.00%
вывели,1,0.00%
смеялись,1,0.00%
выщербленные,1,0.00%
выть,1,0.00%
мячики,1,0.00%
соседки,1,0.00%
милок,1,0.00%
вывела,1,0.00%
безумной,1,0.00%
соседке,1,0.00%
прентарьер,1,0.00%
живыми,1,0.00%
полке,1,0.00%
соседка,1,0.00%
худо,1,0.00%
пыльной,1,0.00%
размазать,1,0.00%
пребывает,1,0.00%
теории,1,0.00%
конечной,1,0.00%
воспоминание,1,0.00%
цветочную,1,0.00%
переместился,1,0.00%
засмеялась,1,0.00%
песни,1,0.00%
котлет,1,0.00%
полутемном,1,0.00%
помощником,1,0.00%
ошеломлённому,1,0.00%
частное,1,0.00%
песню,1,0.00%
никифору,1,0.00%
детки,1,0.00%
бегах,1,0.00%
обнажая,1,0.00%
считающие,1,0.00%
сидите,1,0.00%
задавали,1,0.00%
никифора,1,0.00%
говорящую,1,0.00%
родительницу,1,0.00%
доброта,1,0.00%
облегчения,1,0.00%
солгать,1,0.00%
внешнем,1,0.00%
утренней,1,0.00%
арлекинщина,1,0.00%
замечал,1,0.00%
запропастились,1,0.00%
убого,1,0.00%
провожатому,1,0.00%
сорвали,1,0.00%
понимала,1,0.00%
уладится,1,0.00%
сплавил,1,0.00%
даты,1,0.00%
горчичного,1,0.00%
грабитель,1,0.00%
улочки,1,0.00%
нашкодившего,1,0.00%
кристаллами,1,0.00%
клади,1,0.00%
местными,1,0.00%
припрятанное,1,0.00%
куверты,1,0.00%
пришлите,1,0.00%
прикоснувшись,1,0.00%
кладя,1,0.00%
симптомы,1,0.00%
пары,1,0.00%
буянить,1,0.00%
припугнуть,1,0.00%
нужда,1,0.00%
жаловался,1,0.00%
частную,1,0.00%
грабители,1,0.00%
помех,1,0.00%
раздражала,1,0.00%
сугрева,1,0.00%
заметающие,1,0.00%
прочитанного,1,0.00%
присутствовало,1,0.00%
помахивая,1,0.00%
жалобой,1,0.00%
поранится,1,0.00%
рождению,1,0.00%
началось,1,0.00%
раздражали,1,0.00%
смастерить,1,0.00%
подходят,1,0.00%
словами,1,0.00%
подъеду,1,0.00%
гнулись,1,0.00%
переносил,1,0.00%
натягивая,1,0.00%
умел,1,0.00%
чеснока,1,0.00%
полях,1,0.00%
осоловелым,1,0.00%
умер,1,0.00%
утробно,1,0.00%
выведи,1,0.00%
накрывшей,1,0.00%
умею,1,0.00%
позволю,1,0.00%
простоял,1,0.00%
позволь,1,0.00%
ловят,1,0.00%
друге,1,0.00%
пирогам,1,0.00%
элегантно,1,0.00%
поясницу,1,0.00%
проверили,1,0.00%
обмер,1,0.00%
ткнулось,1,0.00%
приглядите,1,0.00%
обвиняет,1,0.00%
даму,1,0.00%
перешагнули,1,0.00%
койке,1,0.00%
шнипельсона,1,0.00%
поспевала,1,0.00%
покаялся,1,0.00%
подъезд,1,0.00%
ведьминских,1,0.00%
щиколотку,1,0.00%
представляла,1,0.00%
казаться,1,0.00%
пояснице,1,0.00%
разойдемся,1,0.00%
выходящих,1,0.00%
завести,1,0.00%
неявке,1,0.00%
щиколотки,1,0.00%
отменяются,1,0.00%
здоровый,1,0.00%
лангеткой,1,0.00%
придраться,1,0.00%
душечка,1,0.00%
позвони,1,0.00%
обратиться,1,0.00%
комнатам,1,0.00%
ищу,1,0.00%
халате,1,0.00%
халата,1,0.00%
отвлек,1,0.00%
натекло,1,0.00%
заморок,1,0.00%
парадного,1,0.00%
враждующих,1,0.00%
затруднительна,1,0.00%
нашкодившему,1,0.00%
обстоятельств,1,0.00%
вылетевшая,1,0.00%
суставах,1,0.00%
заинтересованное,1,0.00%
болван,1,0.00%
забарабанили,1,0.00%
уборе,1,0.00%
внешний,1,0.00%
прорастает,1,0.00%
загребая,1,0.00%
подозреваемого,1,0.00%
двигаются,1,0.00%
осознаете,1,0.00%
мазуриков,1,0.00%
сиганула,1,0.00%
правилами,1,0.00%
заподозрила,1,0.00%
пребывал,1,0.00%
спутавшихся,1,0.00%
отлучится,1,0.00%
умом,1,0.00%
разгорится,1,0.00%
безумная,1,0.00%
пребывая,1,0.00%
заскулила,1,0.00%
праздном,1,0.00%
кривит,1,0.00%
основными,1,0.00%
сказочке,1,0.00%
рассказ,1,0.00%
займись,1,0.00%
помощница,1,0.00%
мыслей,1,0.00%
улыбалась,1,0.00%
превыше,1,0.00%
сказочку,1,0.00%
наброски,1,0.00%
патруль,1,0.00%
седла,1,0.00%
указывайте,1,0.00%
расспрашивает,1,0.00%
пробегающий,1,0.00%
вымерли,1,0.00%
увлекая,1,0.00%
отзывчивую,1,0.00%
зданию,1,0.00%
пронеся,1,0.00%
липкой,1,0.00%
пацанве,1,0.00%
скромно,1,0.00%
придавила,1,0.00%
прилипшей,1,0.00%
пробел,1,0.00%
уверенного,1,0.00%
упертостью,1,0.00%
скользко,1,0.00%
сводить,1,0.00%
зданий,1,0.00%
здании,1,0.00%
цыкнув,1,0.00%
очевидные,1,0.00%
ревность,1,0.00%
отварами,1,0.00%
булке,1,0.00%
кучке,1,0.00%
заголовок,1,0.00%
свистка,1,0.00%
юную,1,0.00%
убийстве,1,0.00%
дневное,1,0.00%
запрут,1,0.00%
кучку,1,0.00%
выбившуюся,1,0.00%
комнатами,1,0.00%
вторые,1,0.00%
пивных,1,0.00%
даёт,1,0.00%
надвигающейся,1,0.00%
заботиться,1,0.00%
маршруту,1,0.00%
дневной,1,0.00%
отужинали,1,0.00%
иное,1,0.00%
приведение,1,0.00%
территория,1,0.00%
проследуем,1,0.00%
залюбовался,1,0.00%
юнца,1,0.00%
матроска,1,0.00%
приветствия,1,0.00%
унявшуюся,1,0.00%
дневную,1,0.00%
замахал,1,0.00%
вернёшься,1,0.00%
коврике,1,0.00%
дают,1,0.00%
кучей,1,0.00%
посетить,1,0.00%
отравленной,1,0.00%
пустующее,1,0.00%
отговорить,1,0.00%
ознакомившись,1,0.00%
заголовки,1,0.00%
пропахший,1,0.00%
единого,1,0.00%
стрекоча,1,0.00%
проезжую,1,0.00%
пациентов,1,0.00%
посетите,1,0.00%
перст,1,0.00%
моченьки,1,0.00%
стрекозы,1,0.00%
отзывчивый,1,0.00%
подряд,1,0.00%
переводе,1,0.00%
забегал,1,0.00%
патрулировал,1,0.00%
боимся,1,0.00%
купи,1,0.00%
подготовив,1,0.00%
заночую,1,0.00%
пережитым,1,0.00%
заботился,1,0.00%
юный,1,0.00%
эликсирами,1,0.00%
фибрами,1,0.00%
начальников,1,0.00%
тираном,1,0.00%
изменился,1,0.00%
юных,1,0.00%
вязью,1,0.00%
окошках,1,0.00%
эмалевая,1,0.00%
переплете,1,0.00%
отгороженных,1,0.00%
укрывателям,1,0.00%
иметься,1,0.00%
липкие,1,0.00%
хмурился,1,0.00%
зайчики,1,0.00%
сводила,1,0.00%
домчал,1,0.00%
разглашаю,1,0.00%
козла,1,0.00%
куль,1,0.00%
захлебнулся,1,0.00%
задворках,1,0.00%
затерявшись,1,0.00%
пером,1,0.00%
цепочка,1,0.00%
растут,1,0.00%
лезли,1,0.00%
фиалок,1,0.00%
власть,1,0.00%
куцых,1,0.00%
цепочки,1,0.00%
зевнул,1,0.00%
шутили,1,0.00%
одури,1,0.00%
решительно,1,0.00%
требовалось,1,0.00%
святого,1,0.00%
статуи,1,0.00%
скулы,1,0.00%
статуя,1,0.00%
скулу,1,0.00%
проведу,1,0.00%
ввинчивался,1,0.00%
сдачи,1,0.00%
приметы,1,0.00%
въезда,1,0.00%
проведя,1,0.00%
ворожа,1,0.00%
ясен,1,0.00%
седые,1,0.00%
болезней,1,0.00%
просителем,1,0.00%
пьяное,1,0.00%
пробуя,1,0.00%
вырезкой,1,0.00%
вынутый,1,0.00%
хрустальная,1,0.00%
боязливый,1,0.00%
свернутых,1,0.00%
отполз,1,0.00%
просмотр,1,0.00%
утопленника,1,0.00%
порадуется,1,0.00%
страже,1,0.00%
соседом,1,0.00%
разборчивое,1,0.00%
листе,1,0.00%
маловато,1,0.00%
дядьку,1,0.00%
перекошенное,1,0.00%
шутить,1,0.00%
облагородить,1,0.00%
сложиться,1,0.00%
топтавшихся,1,0.00%
побежала,1,0.00%
превратилась,1,0.00%
камень,1,0.00%
вышитом,1,0.00%
перина,1,0.00%
побежали,1,0.00%
надобен,1,0.00%
выпытывал,1,0.00%
листы,1,0.00%
собеседниках,1,0.00%
углядеть,1,0.00%
омлет,1,0.00%
пробуй,1,0.00%
покалечил,1,0.00%
пропахшую,1,0.00%
песку,1,0.00%
подослал,1,0.00%
платочек,1,0.00%
присвистнув,1,0.00%
вошедшим,1,0.00%
портальное,1,0.00%
перечислял,1,0.00%
поддевке,1,0.00%
перебежав,1,0.00%
уважении,1,0.00%
измученную,1,0.00%
недоразумение,1,0.00%
лизнула,1,0.00%
разоритесь,1,0.00%
поцелуя,1,0.00%
связное,1,0.00%
поцелуй,1,0.00%
делитесь,1,0.00%
подворачивался,1,0.00%
ясного,1,0.00%
вошли,1,0.00%
весело,1,0.00%
ярко,1,0.00%
сутажа,1,0.00%
играющих,1,0.00%
начеку,1,0.00%
заклинаний,1,0.00%
статье,1,0.00%
исправно,1,0.00%
заклинание,1,0.00%
котелке,1,0.00%
обдавая,1,0.00%
хозяйничает,1,0.00%
размотав,1,0.00%
лазившего,1,0.00%
статью,1,0.00%
уважения,1,0.00%
постояв,1,0.00%
чудесный,1,0.00%
локтями,1,0.00%
лавровыми,1,0.00%
постоял,1,0.00%
обойдемся,1,0.00%
сочная,1,0.00%
заселились,1,0.00%
махорки,1,0.00%
виделся,1,0.00%
близким,1,0.00%
делить,1,0.00%
оборвала,1,0.00%
фаянсовой,1,0.00%
капоре,1,0.00%
капора,1,0.00%
испытываете,1,0.00%
старания,1,0.00%
услыхал,1,0.00%
неутешительный,1,0.00%
накинул,1,0.00%
железному,1,0.00%
экий,1,0.00%
преклонных,1,0.00%
лизнуло,1,0.00%
побежать,1,0.00%
пистолет,1,0.00%
стране,1,0.00%
поставленный,1,0.00%
мыслью,1,0.00%
надобны,1,0.00%
катились,1,0.00%
отчасти,1,0.00%
дождях,1,0.00%
качели,1,0.00%
запрос,1,0.00%
прежнего,1,0.00%
ноздри,1,0.00%
изобразил,1,0.00%
чашечкой,1,0.00%
эмалевую,1,0.00%
пилить,1,0.00%
гренки,1,0.00%
встают,1,0.00%
юное,1,0.00%
воспоминанием,1,0.00%
переставил,1,0.00%
вслепую,1,0.00%
осветил,1,0.00%
уйдешь,1,0.00%
отлежал,1,0.00%
юной,1,0.00%
дышащий,1,0.00%
ломбард,1,0.00%
упреки,1,0.00%
уйдем,1,0.00%
притязаниях,1,0.00%
дождалась,1,0.00%
детвора,1,0.00%
втором,1,0.00%
нанял,1,0.00%
седло,1,0.00%
приполз,1,0.00%
давит,1,0.00%
ответите,1,0.00%
второе,1,0.00%
наняв,1,0.00%
капельке,1,0.00%
пристанью,1,0.00%
удивило,1,0.00%
чудесное,1,0.00%
советник,1,0.00%
видней,1,0.00%
река,1,0.00%
сомнения,1,0.00%
гренок,1,0.00%
получили,1,0.00%
прелестное,1,0.00%
конфликт,1,0.00%
сложились,1,0.00%
развлекал,1,0.00%
пустует,1,0.00%
тетками,1,0.00%
фигуры,1,0.00%
мелководье,1,0.00%
сладостями,1,0.00%
задрожал,1,0.00%
встало,1,0.00%
внучкой,1,0.00%
переживания,1,0.00%
бросилось,1,0.00%
выпускавшим,1,0.00%
лишаться,1,0.00%
бросит,1,0.00%
браслетам,1,0.00%
патефон,1,0.00%
страхи,1,0.00%
приставить,1,0.00%
помятый,1,0.00%
коротал,1,0.00%
существование,1,0.00%
режь,1,0.00%
пронизывал,1,0.00%
гадости,1,0.00%
мочеными,1,0.00%
ростовщикам,1,0.00%
предписано,1,0.00%
наводить,1,0.00%
охрану,1,0.00%
поклонившись,1,0.00%
удобно,1,0.00%
воротите,1,0.00%
сойдем,1,0.00%
сюртуках,1,0.00%
горох,1,0.00%
свершенное,1,0.00%
помешивая,1,0.00%
разбуженный,1,0.00%
лежало,1,0.00%
слушала,1,0.00%
приличных,1,0.00%
слушали,1,0.00%
ощущается,1,0.00%
ранены,1,0.00%
загладить,1,0.00%
артерии,1,0.00%
полчаса,1,0.00%
сумма,1,0.00%
свежести,1,0.00%
предъявления,1,0.00%
бесформенные,1,0.00%
холста,1,0.00%
песенку,1,0.00%
прощаясь,1,0.00%
приличный,1,0.00%
простым,1,0.00%
вылетела,1,0.00%
распоряжении,1,0.00%
пялится,1,0.00%
взором,1,0.00%
костерили,1,0.00%
старухи,1,0.00%
нелепы,1,0.00%
вернулись,1,0.00%
сумке,1,0.00%
заклятьями,1,0.00%
подадут,1,0.00%
бестолочь,1,0.00%
продолжилась,1,0.00%
шутливо,1,0.00%
флакончик,1,0.00%
запомню,1,0.00%
жиже,1,0.00%
кутузку,1,0.00%
фаянсовые,1,0.00%
жижи,1,0.00%
заправляет,1,0.00%
застрелила,1,0.00%
достань,1,0.00%
жижа,1,0.00%
планеты,1,0.00%
убивал,1,0.00%
витавшего,1,0.00%
шагнуть,1,0.00%
достану,1,0.00%
постижимо,1,0.00%
портят,1,0.00%
зальцмана,1,0.00%
убиваю,1,0.00%
досчитались,1,0.00%
залитую,1,0.00%
оглядывал,1,0.00%
уволите,1,0.00%
удивите,1,0.00%
помчалась,1,0.00%
механизмами,1,0.00%
угроза,1,0.00%
заглянет,1,0.00%
ждало,1,0.00%
половина,1,0.00%
стрельбой,1,0.00%
грозно,1,0.00%
вскрикнув,1,0.00%
прилавку,1,0.00%
предсмертные,1,0.00%
валяюсь,1,0.00%
красная,1,0.00%
предсмертный,1,0.00%
вечернюю,1,0.00%
парнишка,1,0.00%
многозначительно,1,0.00%
произнося,1,0.00%
сумею,1,0.00%
леденца,1,0.00%
грозой,1,0.00%
половины,1,0.00%
кот,1,0.00%
наводило,1,0.00%
трость,1,0.00%
вертелся,1,0.00%
сумев,1,0.00%
пойдя,1,0.00%
букву,1,0.00%
встань,1,0.00%
хроменькая,1,0.00%
скряга,1,0.00%
букве,1,0.00%
мужиком,1,0.00%
перемывали,1,0.00%
погибла,1,0.00%
ванек,1,0.00%
посмотрите,1,0.00%
продолжим,1,0.00%
поежился,1,0.00%
торгуем,1,0.00%
выберет,1,0.00%
рассказу,1,0.00%
дождитесь,1,0.00%
засипел,1,0.00%
собакину,1,0.00%
открывший,1,0.00%
пчелиный,1,0.00%
зевающий,1,0.00%
курносой,1,0.00%
курносое,1,0.00%
злая,1,0.00%
директора,1,0.00%
погубит,1,0.00%
чулках,1,0.00%
кур,1,0.00%
упирая,1,0.00%
куш,1,0.00%
растению,1,0.00%
лезем,1,0.00%
стянул,1,0.00%
давние,1,0.00%
устами,1,0.00%
поимённо,1,0.00%
выбрался,1,0.00%
перебьётся,1,0.00%
лазают,1,0.00%
окрестные,1,0.00%
введете,1,0.00%
подножья,1,0.00%
соседней,1,0.00%
оружии,1,0.00%
питерский,1,0.00%
шлепнув,1,0.00%
замученный,1,0.00%
поруки,1,0.00%
обезболивающий,1,0.00%
решу,1,0.00%
торгаш,1,0.00%
шлепнул,1,0.00%
перил,1,0.00%
молчаливо,1,0.00%
плачь,1,0.00%
сдать,1,0.00%
стянув,1,0.00%
лиходея,1,0.00%
возмутиться,1,0.00%
лиходей,1,0.00%
возьмет,1,0.00%
лиходеи,1,0.00%
выгуляв,1,0.00%
выдернуть,1,0.00%
пропитала,1,0.00%
спасу,1,0.00%
необходимость,1,0.00%
выпорхнула,1,0.00%
тараф,1,0.00%
рвать,1,0.00%
поместил,1,0.00%
запрещённые,1,0.00%
происходящему,1,0.00%
тощие,1,0.00%
ланцетом,1,0.00%
согласись,1,0.00%
тиранию,1,0.00%
раздающийся,1,0.00%
камерам,1,0.00%
ухмыльнувшись,1,0.00%
принимают,1,0.00%
подкупленный,1,0.00%
открывшая,1,0.00%
семечки,1,0.00%
сравнить,1,0.00%
данном,1,0.00%
злых,1,0.00%
наказы,1,0.00%
куцую,1,0.00%
мылу,1,0.00%
документа,1,0.00%
данное,1,0.00%
зеленом,1,0.00%
мыли,1,0.00%
усилившийся,1,0.00%
ходячее,1,0.00%
сляжешь,1,0.00%
перекинется,1,0.00%
огрею,1,0.00%
наваждение,1,0.00%
накажи,1,0.00%
нюне,1,0.00%
подругой,1,0.00%
моделей,1,0.00%
уставшая,1,0.00%
злодейка,1,0.00%
дурели,1,0.00%
кромсать,1,0.00%
вульфами,1,0.00%
устает,1,0.00%
надменно,1,0.00%
феофанушка,1,0.00%
цеплялся,1,0.00%
внешностью,1,0.00%
следуйте,1,0.00%
терзать,1,0.00%
подбоченилась,1,0.00%
накрытым,1,0.00%
слышно,1,0.00%
юноши,1,0.00%
юноше,1,0.00%
вынутая,1,0.00%
решить,1,0.00%
чумной,1,0.00%
деньжата,1,0.00%
напитков,1,0.00%
одуванчик,1,0.00%
заблестели,1,0.00%
ведьмино,1,0.00%
заклятья,1,0.00%
накала,1,0.00%
таращась,1,0.00%
пообщался,1,0.00%
занималась,1,0.00%
похитрее,1,0.00%
переживает,1,0.00%
расположенной,1,0.00%
наперевес,1,0.00%
бабенка,1,0.00%
уставшей,1,0.00%
лба,1,0.00%
брешет,1,0.00%
бессердечно,1,0.00%
лай,1,0.00%
лап,1,0.00%
отхожих,1,0.00%
баловалась,1,0.00%
дегустацию,1,0.00%
плану,1,0.00%
переживала,1,0.00%
соревновался,1,0.00%
нахлебался,1,0.00%
осмотри,1,0.00%
зерцало,1,0.00%
выписывать,1,0.00%
злую,1,0.00%
плана,1,0.00%
определяешь,1,0.00%
гомону,1,0.00%
чернота,1,0.00%
вздрогнув,1,0.00%
видны,1,0.00%
канцелярию,1,0.00%
получал,1,0.00%
пожелав,1,0.00%
насторожившись,1,0.00%
рухнул,1,0.00%
подытожил,1,0.00%
поежившись,1,0.00%
мерзок,1,0.00%
уставший,1,0.00%
осмотрелся,1,0.00%
уставшим,1,0.00%
сливовой,1,0.00%
скомпрометировать,1,0.00%
сообщать,1,0.00%
твердость,1,0.00%
злодейку,1,0.00%
уставу,1,0.00%
кушанья,1,0.00%
обольщает,1,0.00%
пожелал,1,0.00%
капельку,1,0.00%
подвески,1,0.00%
ведают,1,0.00%
пупсов,1,0.00%
лез,1,0.00%
трещин,1,0.00%
какофонию,1,0.00%
вплеснувшись,1,0.00%
благоухала,1,0.00%
витающего,1,0.00%
тканей,1,0.00%
концентрат,1,0.00%
вяжи,1,0.00%
удивитесь,1,0.00%
знающего,1,0.00%
резонно,1,0.00%
зарится,1,0.00%
лес,1,0.00%
шепнула,1,0.00%
ткнула,1,0.00%
неугодных,1,0.00%
чьем,1,0.00%
медленное,1,0.00%
замолчала,1,0.00%
домочадцам,1,0.00%
выветрится,1,0.00%
неприлично,1,0.00%
уткнулся,1,0.00%
часом,1,0.00%
заигрываний,1,0.00%
неотложному,1,0.00%
лик,1,0.00%
ожидайте,1,0.00%
лил,1,0.00%
коренастый,1,0.00%
задребезжало,1,0.00%
половицами,1,0.00%
чопорные,1,0.00%
переча,1,0.00%
притулившимися,1,0.00%
дойду,1,0.00%
глядели,1,0.00%
огорчить,1,0.00%
шлепок,1,0.00%
врывался,1,0.00%
яркими,1,0.00%
светилось,1,0.00%
разумеет,1,0.00%
суетился,1,0.00%
бандитов,1,0.00%
угощения,1,0.00%
запишешь,1,0.00%
слышат,1,0.00%
нечему,1,0.00%
повышать,1,0.00%
крепким,1,0.00%
угощение,1,0.00%
изменить,1,0.00%
екатеринбужский,1,0.00%
заклятие,1,0.00%
водная,1,0.00%
заклятий,1,0.00%
осудили,1,0.00%
блюдечке,1,0.00%
подпрыгнув,1,0.00%
буйки,1,0.00%
расставляя,1,0.00%
скрывалась,1,0.00%
собачка,1,0.00%
радуясь,1,0.00%
позволяла,1,0.00%
темное,1,0.00%
преобразилось,1,0.00%
принимали,1,0.00%
оставленную,1,0.00%
ориентируется,1,0.00%
выразится,1,0.00%
обочине,1,0.00%
поесть,1,0.00%
забывайте,1,0.00%
темном,1,0.00%
заглядываясь,1,0.00%
проживания,1,0.00%
непонятливый,1,0.00%
почерк,1,0.00%
кладка,1,0.00%
припоминаете,1,0.00%
благоухать,1,0.00%
приготовила,1,0.00%
близились,1,0.00%
сложившимися,1,0.00%
воротником,1,0.00%
взирающего,1,0.00%
местному,1,0.00%
оставит,1,0.00%
виднеются,1,0.00%
порченое,1,0.00%
покраснев,1,0.00%
медленней,1,0.00%
повторите,1,0.00%
убытках,1,0.00%
вспорхнула,1,0.00%
урал,1,0.00%
подглядывают,1,0.00%
покраснел,1,0.00%
мышь,1,0.00%
схватился,1,0.00%
зеленые,1,0.00%
кулачок,1,0.00%
нуждалась,1,0.00%
задержу,1,0.00%
поставщиков,1,0.00%
всякая,1,0.00%
русло,1,0.00%
сопротивлялся,1,0.00%
душил,1,0.00%
едете,1,0.00%
ждущим,1,0.00%
халатах,1,0.00%
посетителям,1,0.00%
надейтесь,1,0.00%
улица,1,0.00%
обиды,1,0.00%
оставленный,1,0.00%
сливовая,1,0.00%
стеклами,1,0.00%
вручила,1,0.00%
обиде,1,0.00%
летающее,1,0.00%
жестоко,1,0.00%
сиживал,1,0.00%
совершать,1,0.00%
пошевелил,1,0.00%
поганый,1,0.00%
красным,1,0.00%
посчастливится,1,0.00%
отразили,1,0.00%
жилью,1,0.00%
окоматографу,1,0.00%
промывать,1,0.00%
ускорение,1,0.00%
разумно,1,0.00%
жилье,1,0.00%
разумом,1,0.00%
темнит,1,0.00%
поганым,1,0.00%
ответственное,1,0.00%
арестовали,1,0.00%
небывалая,1,0.00%
луч,1,0.00%
затряслась,1,0.00%
настой,1,0.00%
отойти,1,0.00%
побери,1,0.00%
сиял,1,0.00%
поминай,1,0.00%
смазанных,1,0.00%
снедало,1,0.00%
записывая,1,0.00%
снедали,1,0.00%
позволять,1,0.00%
придержав,1,0.00%
нюху,1,0.00%
точке,1,0.00%
подвеска,1,0.00%
удушающий,1,0.00%
точка,1,0.00%
позволяют,1,0.00%
смеющуюся,1,0.00%
опутала,1,0.00%
всяка,1,0.00%
воспитании,1,0.00%
несчастное,1,0.00%
смердит,1,0.00%
бандитам,1,0.00%
запомните,1,0.00%
сказ,1,0.00%
ощупал,1,0.00%
императорского,1,0.00%
упущение,1,0.00%
поганцы,1,0.00%
затеяла,1,0.00%
тормошил,1,0.00%
напитку,1,0.00%
мальчиков,1,0.00%
заволновалась,1,0.00%
перечить,1,0.00%
поганца,1,0.00%
оборвется,1,0.00%
высокое,1,0.00%
чудились,1,0.00%
высокой,1,0.00%
кандалах,1,0.00%
призовую,1,0.00%
юбкой,1,0.00%
брань,1,0.00%
рудимента,1,0.00%
шлепая,1,0.00%
ковыляла,1,0.00%
стеклянную,1,0.00%
травяная,1,0.00%
прохрипел,1,0.00%
повянут,1,0.00%
подумали,1,0.00%
оторвался,1,0.00%
украшения,1,0.00%
отгоняя,1,0.00%
преотвратно,1,0.00%
страдальца,1,0.00%
пестрых,1,0.00%
самоуверенной,1,0.00%
дубовое,1,0.00%
оставлю,1,0.00%
сегодняшнюю,1,0.00%
разглядывающий,1,0.00%
незнакомкой,1,0.00%
пирожным,1,0.00%
остроленском,1,0.00%
поищу,1,0.00%
брата,1,0.00%
осветило,1,0.00%
похищал,1,0.00%
пересекся,1,0.00%
осветила,1,0.00%
отвлечься,1,0.00%
липовские,1,0.00%
поветрие,1,0.00%
пучины,1,0.00%
кочергу,1,0.00%
зазывалы,1,0.00%
латаными,1,0.00%
перекусите,1,0.00%
развалившись,1,0.00%
лью,1,0.00%
брату,1,0.00%
собачьи,1,0.00%
качелях,1,0.00%
открылось,1,0.00%
нахмурившись,1,0.00%
перебили,1,0.00%
лицами,1,0.00%
бутоны,1,0.00%
отбросив,1,0.00%
упор,1,0.00%
стеклянном,1,0.00%
стеклянной,1,0.00%
красной,1,0.00%
стулья,1,0.00%
ознакомится,1,0.00%
разволновала,1,0.00%
ганс,1,0.00%
срочного,1,0.00%
приличное,1,0.00%
артефактолог,1,0.00%
розами,1,0.00%
началом,1,0.00%
сахар,1,0.00%
возятся,1,0.00%
расселись,1,0.00%
запил,1,0.00%
боброва,1,0.00%
запив,1,0.00%
замолчать,1,0.00%
попадет,1,0.00%
хищники,1,0.00%
разговорился,1,0.00%
вяло,1,0.00%
рукопожатия,1,0.00%
свидеться,1,0.00%
шибче,1,0.00%
акции,1,0.00%
вяли,1,0.00%
разодрали,1,0.00%
доброхот,1,0.00%
местечко,1,0.00%
оживленно,1,0.00%
русые,1,0.00%
половицы,1,0.00%
гадина,1,0.00%
отогнав,1,0.00%
единой,1,0.00%
небывалую,1,0.00%
головокружение,1,0.00%
запри,1,0.00%
мальцов,1,0.00%
брызнул,1,0.00%
озерах,1,0.00%
зажмурившись,1,0.00%
взаправду,1,0.00%
потравили,1,0.00%
выбросил,1,0.00%
кидать,1,0.00%
бьет,1,0.00%
дубовую,1,0.00%
завязку,1,0.00%
осветить,1,0.00%
гипотезу,1,0.00%
вязь,1,0.00%
подталкивая,1,0.00%
опасный,1,0.00%
ограбление,1,0.00%
попадая,1,0.00%
выразительным,1,0.00%
отмахиваешься,1,0.00%
залаял,1,0.00%
разлетаясь,1,0.00%
световую,1,0.00%
сукно,1,0.00%
сукну,1,0.00%
поедемте,1,0.00%
обид,1,0.00%
дверному,1,0.00%
штопала,1,0.00%
перчатке,1,0.00%
прочтёте,1,0.00%
открытые,1,0.00%
дурацкая,1,0.00%
позор,1,0.00%
окладистую,1,0.00%
перчатку,1,0.00%
открытых,1,0.00%
просмотра,1,0.00%
дополнительных,1,0.00%
ходах,1,0.00%
щупальца,1,0.00%
подчиненного,1,0.00%
долетело,1,0.00%
отправлялись,1,0.00%
прикажет,1,0.00%
кланяются,1,0.00%
болезную,1,0.00%
вприкуску,1,0.00%
басом,1,0.00%
скуксился,1,0.00%
метался,1,0.00%
даруют,1,0.00%
устроит,1,0.00%
скомандовал,1,0.00%
практику,1,0.00%
большую,1,0.00%
поганец,1,0.00%
рангом,1,0.00%
живому,1,0.00%
вырвал,1,0.00%
обгоняя,1,0.00%
вырван,1,0.00%
судорожно,1,0.00%
летели,1,0.00%
эскулапа,1,0.00%
обхватив,1,0.00%
перечитал,1,0.00%
мальчикам,1,0.00%
прикрывает,1,0.00%
соперничали,1,0.00%
жаловалась,1,0.00%
скудно,1,0.00%
царапнула,1,0.00%
умыкнули,1,0.00%
прервав,1,0.00%
внештатный,1,0.00%
склонила,1,0.00%
нелепые,1,0.00%
трубка,1,0.00%
толчея,1,0.00%
толчею,1,0.00%
подвешенными,1,0.00%
арестованного,1,0.00%
твоему,1,0.00%
дрожь,1,0.00%
паразитов,1,0.00%
голодный,1,0.00%
приглядевшись,1,0.00%
завязанный,1,0.00%
городской,1,0.00%
крестного,1,0.00%
заперты,1,0.00%
городское,1,0.00%
этапу,1,0.00%
налаживался,1,0.00%
заперто,1,0.00%
солдатика,1,0.00%
тракту,1,0.00%
мозаики,1,0.00%
чувствуете,1,0.00%
жилах,1,0.00%
ватрушками,1,0.00%
заперся,1,0.00%
мож,1,0.00%
белладонны,1,0.00%
оживился,1,0.00%
выпустить,1,0.00%
располагалось,1,0.00%
злобу,1,0.00%
попечение,1,0.00%
сводят,1,0.00%
несостоявшийся,1,0.00%
сверившись,1,0.00%
сговариваясь,1,0.00%
покрутился,1,0.00%
основе,1,0.00%
замешкалась,1,0.00%
запустить,1,0.00%
пьянящий,1,0.00%
переехала,1,0.00%
масштабах,1,0.00%
световым,1,0.00%
иудейский,1,0.00%
вспомнился,1,0.00%
сравнения,1,0.00%
побурел,1,0.00%
голубчика,1,0.00%
большом,1,0.00%
бедняжка,1,0.00%
свиделись,1,0.00%
соболезнования,1,0.00%
чувствовался,1,0.00%
голубчики,1,0.00%
бедняжке,1,0.00%
пытающаяся,1,0.00%
нелепом,1,0.00%
пересел,1,0.00%
пересек,1,0.00%
выпятила,1,0.00%
сравнений,1,0.00%
смотрело,1,0.00%
сильного,1,0.00%
гонял,1,0.00%
гостями,1,0.00%
массовые,1,0.00%
разговоре,1,0.00%
гниловатым,1,0.00%
подставляет,1,0.00%
горожанин,1,0.00%
отламывая,1,0.00%
заперев,1,0.00%
обещанный,1,0.00%
меркам,1,0.00%
внезапное,1,0.00%
разлетелись,1,0.00%
распустился,1,0.00%
дмитрием,1,0.00%
стойкой,1,0.00%
болезнью,1,0.00%
пересекался,1,0.00%
причитая,1,0.00%
будоражить,1,0.00%
горожанам,1,0.00%
горожанах,1,0.00%
поддевать,1,0.00%
потихонечку,1,0.00%
перчаток,1,0.00%
душевно,1,0.00%
стянуть,1,0.00%
болезные,1,0.00%
обмякла,1,0.00%
корзинку,1,0.00%
пение,1,0.00%
обращается,1,0.00%
припадочный,1,0.00%
привыкнешь,1,0.00%
животе,1,0.00%
залезла,1,0.00%
брызнула,1,0.00%
шальные,1,0.00%
раскланивались,1,0.00%
загородив,1,0.00%
сватался,1,0.00%
большим,1,0.00%
удивления,1,0.00%
артефактам,1,0.00%
артефактах,1,0.00%
большие,1,0.00%
подавившись,1,0.00%
бородатые,1,0.00%
дальнейший,1,0.00%
показало,1,0.00%
удрученно,1,0.00%
заплачу,1,0.00%
пособия,1,0.00%
хитростью,1,0.00%
падала,1,0.00%
мягкой,1,0.00%
жилищу,1,0.00%
неудобный,1,0.00%
отводили,1,0.00%
ворону,1,0.00%
задребезжал,1,0.00%
опасался,1,0.00%
бадеечка,1,0.00%
сводов,1,0.00%
жилище,1,0.00%
закроем,1,0.00%
лавиной,1,0.00%
погружению,1,0.00%
продолжения,1,0.00%
ставишь,1,0.00%
ворона,1,0.00%
ульяниной,1,0.00%
дождик,1,0.00%
передо,1,0.00%
фолианты,1,0.00%
холодило,1,0.00%
мщу,1,0.00%
тминный,1,0.00%
вопрошающим,1,0.00%
душах,1,0.00%
чужое,1,0.00%
погибшие,1,0.00%
жилой,1,0.00%
пункту,1,0.00%
приобрела,1,0.00%
покрывать,1,0.00%
листке,1,0.00%
луковое,1,0.00%
врывал,1,0.00%
воспитан,1,0.00%
поручил,1,0.00%
чужую,1,0.00%
ворота,1,0.00%
уложили,1,0.00%
наложить,1,0.00%
исхитрился,1,0.00%
повредите,1,0.00%
впридачу,1,0.00%
секретера,1,0.00%
менному,1,0.00%
падает,1,0.00%
перемещений,1,0.00%
дирижаблем,1,0.00%
разумел,1,0.00%
дирижаблей,1,0.00%
вызвала,1,0.00%
разумею,1,0.00%
пучки,1,0.00%
отекший,1,0.00%
вызвали,1,0.00%
поддерживает,1,0.00%
излучая,1,0.00%
пробу,1,0.00%
сюртуку,1,0.00%
орудие,1,0.00%
двигаться,1,0.00%
забывай,1,0.00%
магами,1,0.00%
сотканным,1,0.00%
масло,1,0.00%
нетронутым,1,0.00%
составляющей,1,0.00%
перекочевало,1,0.00%
починял,1,0.00%
прокопьевичу,1,0.00%
сумасшествие,1,0.00%
выглядывали,1,0.00%
уходила,1,0.00%
вливались,1,0.00%
очарован,1,0.00%
мелькнуло,1,0.00%
уходили,1,0.00%
настраивая,1,0.00%
сводом,1,0.00%
хвать,1,0.00%
пучил,1,0.00%
солодовникова,1,0.00%
бесовской,1,0.00%
понаведывать,1,0.00%
пеняй,1,0.00%
унаследовавшего,1,0.00%
эффектно,1,0.00%
закончился,1,0.00%
полетной,1,0.00%
очками,1,0.00%
защипало,1,0.00%
неосмотренные,1,0.00%
цацку,1,0.00%
ведает,1,0.00%
предложение,1,0.00%
просторам,1,0.00%
отравленный,1,0.00%
цветет,1,0.00%
заинтересовался,1,0.00%
цацки,1,0.00%
воздерживаюсь,1,0.00%
выражая,1,0.00%
четвёртый,1,0.00%
полезной,1,0.00%
подтверждающий,1,0.00%
совершает,1,0.00%
лентами,1,0.00%
вспарывая,1,0.00%
танце,1,0.00%
артефактом,1,0.00%
расположился,1,0.00%
прежними,1,0.00%
разными,1,0.00%
пробубнил,1,0.00%
намекайте,1,0.00%
листая,1,0.00%
принюхивалась,1,0.00%
перемазанную,1,0.00%
заднем,1,0.00%
вспыльчивостью,1,0.00%
жилец,1,0.00%
красоту,1,0.00%
световой,1,0.00%
исполнять,1,0.00%
задней,1,0.00%
листва,1,0.00%
дёргаемся,1,0.00%
наложила,1,0.00%
преступление,1,0.00%
рыжкову,1,0.00%
прониклась,1,0.00%
комната,1,0.00%
умаявшись,1,0.00%
спросят,1,0.00%
задним,1,0.00%
этаже,1,0.00%
сводил,1,0.00%
сердясь,1,0.00%
забудешь,1,0.00%
вызвать,1,0.00%
нею,1,0.00%
клонился,1,0.00%
носами,1,0.00%
переменчива,1,0.00%
этажа,1,0.00%
разбежались,1,0.00%
мстить,1,0.00%
сводит,1,0.00%
вызнать,1,0.00%
познакомлюсь,1,0.00%
уходите,1,0.00%
сундуков,1,0.00%
барахтается,1,0.00%
вкопанный,1,0.00%
жилищ,1,0.00%
беззастенчиво,1,0.00%
слушаясь,1,0.00%
ножами,1,0.00%
праздникам,1,0.00%
скамью,1,0.00%
необходимое,1,0.00%
полетную,1,0.00%
увлекла,1,0.00%
слух,1,0.00%
улыбки,1,0.00%
выбежали,1,0.00%
разволнуется,1,0.00%
зазвенело,1,0.00%
послушать,1,0.00%
заявив,1,0.00%
поджидает,1,0.00%
погладят,1,0.00%
пена,1,0.00%
засобиралась,1,0.00%
врываются,1,0.00%
бешеном,1,0.00%
щетка,1,0.00%
подписанный,1,0.00%
споров,1,0.00%
поправляйтесь,1,0.00%
неудобств,1,0.00%
рыжих,1,0.00%
чужая,1,0.00%
зарыдали,1,0.00%
замешательстве,1,0.00%
волнующуюся,1,0.00%
удалились,1,0.00%
волнистые,1,0.00%
денег,1,0.00%
заметают,1,0.00%
добыть,1,0.00%
денди,1,0.00%
природе,1,0.00%
подготовиться,1,0.00%
выжила,1,0.00%
веревкой,1,0.00%
желала,1,0.00%
дели,1,0.00%
растрёпанная,1,0.00%
позволят,1,0.00%
арифметику,1,0.00%
коснувшись,1,0.00%
рассечь,1,0.00%
прыгай,1,0.00%
желали,1,0.00%
притягательно,1,0.00%
рыжей,1,0.00%
забудете,1,0.00%
груню,1,0.00%
существо,1,0.00%
послезавтра,1,0.00%
прикасаясь,1,0.00%
защитными,1,0.00%
касаясь,1,0.00%
звука,1,0.00%
временная,1,0.00%
укромных,1,0.00%
флаги,1,0.00%
морщилась,1,0.00%
наладится,1,0.00%
детективом,1,0.00%
покойным,1,0.00%
денек,1,0.00%
зарезал,1,0.00%
легла,1,0.00%
несильный,1,0.00%
прихватив,1,0.00%
выступил,1,0.00%
притопнула,1,0.00%
торг,1,0.00%
громкий,1,0.00%
громким,1,0.00%
рождество,1,0.00%
горошке,1,0.00%
поддержания,1,0.00%
летает,1,0.00%
прикидывается,1,0.00%
валялись,1,0.00%
гордыни,1,0.00%
целовать,1,0.00%
больничной,1,0.00%
мозолить,1,0.00%
слугами,1,0.00%
прислушиваться,1,0.00%
заколдованной,1,0.00%
наброшенным,1,0.00%
шайка,1,0.00%
высшему,1,0.00%
убедится,1,0.00%
принадлежащих,1,0.00%
слюнявя,1,0.00%
инкогнито,1,0.00%
оставшуюся,1,0.00%
ощущениям,1,0.00%
походило,1,0.00%
сукном,1,0.00%
платят,1,0.00%
солнца,1,0.00%
трубочек,1,0.00%
обмакнул,1,0.00%
расколоченную,1,0.00%
славный,1,0.00%
прикажешь,1,0.00%
забрался,1,0.00%
славные,1,0.00%
нуу,1,0.00%
плавали,1,0.00%
металлическим,1,0.00%
пожар,1,0.00%
приводилась,1,0.00%
скамьями,1,0.00%
струится,1,0.00%
кыхнулся,1,0.00%
славным,1,0.00%
толк,1,0.00%
общался,1,0.00%
заклинаниями,1,0.00%
казематов,1,0.00%
белого,1,0.00%
начинающих,1,0.00%
окрестности,1,0.00%
ложись,1,0.00%
ведьмовские,1,0.00%
пухом,1,0.00%
начинающее,1,0.00%
плавает,1,0.00%
желающие,1,0.00%
желающий,1,0.00%
возрадуется,1,0.00%
распахнувшейся,1,0.00%
обвинить,1,0.00%
смуглее,1,0.00%
желающих,1,0.00%
мамушкой,1,0.00%
крестный,1,0.00%
подслеповато,1,0.00%
крестным,1,0.00%
нетерпеливо,1,0.00%
барин,1,0.00%
понравился,1,0.00%
кутался,1,0.00%
поправилась,1,0.00%
заинтересованности,1,0.00%
недотеп,1,0.00%
каблучков,1,0.00%
неоднозначные,1,0.00%
приватно,1,0.00%
ударьте,1,0.00%
двоились,1,0.00%
ниточки,1,0.00%
проходной,1,0.00%
ниточка,1,0.00%
смей,1,0.00%
механизмом,1,0.00%
нараспашку,1,0.00%
похвалила,1,0.00%
жмет,1,0.00%
летать,1,0.00%
огнем,1,0.00%
приобщенное,1,0.00%
прыгнете,1,0.00%
выискивая,1,0.00%
замахнулась,1,0.00%
служу,1,0.00%
разрешает,1,0.00%
проходная,1,0.00%
заводе,1,0.00%
ерунду,1,0.00%
походить,1,0.00%
почтовое,1,0.00%
оторопевшего,1,0.00%
притулившись,1,0.00%
пульсируют,1,0.00%
выстрелю,1,0.00%
выискивал,1,0.00%
почтовой,1,0.00%
закусками,1,0.00%
отправлять,1,0.00%
игрой,1,0.00%
полыхнуло,1,0.00%
отрываясь,1,0.00%
дурили,1,0.00%
гадов,1,0.00%
повязки,1,0.00%
состоят,1,0.00%
отдохнул,1,0.00%
угомонил,1,0.00%
впиваются,1,0.00%
повязка,1,0.00%
вздрогнули,1,0.00%
накатывает,1,0.00%
губерниях,1,0.00%
слугу,1,0.00%
ведьмовскую,1,0.00%
натура,1,0.00%
отблеском,1,0.00%
россыпью,1,0.00%
чуете,1,0.00%
сострила,1,0.00%
приключаются,1,0.00%
семёновной,1,0.00%
направленности,1,0.00%
окоротила,1,0.00%
кресел,1,0.00%
послабление,1,0.00%
приветливо,1,0.00%
воротам,1,0.00%
консоме,1,0.00%
ведьмин,1,0.00%
неожиданности,1,0.00%
прозрев,1,0.00%
охотница,1,0.00%
затопали,1,0.00%
абсурдно,1,0.00%
унизительных,1,0.00%
светские,1,0.00%
ареста,1,0.00%
сдюжит,1,0.00%
нырнуть,1,0.00%
захлебнись,1,0.00%
рыжую,1,0.00%
аресту,1,0.00%
мировую,1,0.00%
подоспев,1,0.00%
прибудьте,1,0.00%
квартировался,1,0.00%
хитер,1,0.00%
исключения,1,0.00%
задержанные,1,0.00%
изойдет,1,0.00%
затягивал,1,0.00%
шевельнул,1,0.00%
проделал,1,0.00%
скрыто,1,0.00%
приоткрылась,1,0.00%
летала,1,0.00%
рассеян,1,0.00%
поджидают,1,0.00%
нагнала,1,0.00%
иваське,1,0.00%
неуважение,1,0.00%
купаться,1,0.00%
пинком,1,0.00%
рыбаки,1,0.00%
решено,1,0.00%
иваську,1,0.00%
приобретенный,1,0.00%
заколдуете,1,0.00%
трудитесь,1,0.00%
ого,1,0.00%
позабуду,1,0.00%
блаженства,1,0.00%
подъехало,1,0.00%
пинков,1,0.00%
воспитана,1,0.00%
абсурдны,1,0.00%
деталь,1,0.00%
убивцева,1,0.00%
дергает,1,0.00%
денно,1,0.00%
назначенному,1,0.00%
задержание,1,0.00%
глумиться,1,0.00%
решена,1,0.00%
ощущения,1,0.00%
присматривает,1,0.00%
задержании,1,0.00%
хрустального,1,0.00%
звуки,1,0.00%
учтенная,1,0.00%
детали,1,0.00%
перевернуть,1,0.00%
толкает,1,0.00%
накройте,1,0.00%
воодушевленно,1,0.00%
смельчаки,1,0.00%
десяти,1,0.00%
почувствовав,1,0.00%
прозрачный,1,0.00%
барыни,1,0.00%
испытай,1,0.00%
критическое,1,0.00%
болталась,1,0.00%
охала,1,0.00%
подвешенный,1,0.00%
прозрачным,1,0.00%
хмурыми,1,0.00%
розыгрыш,1,0.00%
софией,1,0.00%
башмачки,1,0.00%
увязшей,1,0.00%
половиц,1,0.00%
хорошенько,1,0.00%
откашлявшись,1,0.00%
извини,1,0.00%
решения,1,0.00%
призывая,1,0.00%
воротит,1,0.00%
разбудил,1,0.00%
насмехающегося,1,0.00%
празднике,1,0.00%
вервольфами,1,0.00%
сосредоточенности,1,0.00%
провалы,1,0.00%
призывал,1,0.00%
списком,1,0.00%
поверженного,1,0.00%
казематах,1,0.00%
возрасте,1,0.00%
познакомиться,1,0.00%
защитился,1,0.00%
вернётесь,1,0.00%
поднимает,1,0.00%
провалиться,1,0.00%
жалуются,1,0.00%
пунцовым,1,0.00%
солоно,1,0.00%
романтично,1,0.00%
поднес,1,0.00%
вцепляясь,1,0.00%
зеркальщиком,1,0.00%
глаголете,1,0.00%
впускать,1,0.00%
схоронил,1,0.00%
сверкающим,1,0.00%
вниманием,1,0.00%
дедушки,1,0.00%
дедушке,1,0.00%
служить,1,0.00%
сверкающих,1,0.00%
отцовская,1,0.00%
путешественники,1,0.00%
горюет,1,0.00%
провожали,1,0.00%
отставать,1,0.00%
покачивался,1,0.00%
пишите,1,0.00%
крючковатым,1,0.00%
замком,1,0.00%
пробиваясь,1,0.00%
беспощадный,1,0.00%
кукловода,1,0.00%
оформлю,1,0.00%
колонами,1,0.00%
многоуважаемая,1,0.00%
вазу,1,0.00%
отнесу,1,0.00%
освободили,1,0.00%
верблюды,1,0.00%
топорщились,1,0.00%
прозрачную,1,0.00%
смолчала,1,0.00%
наливку,1,0.00%
очнулась,1,0.00%
крашеная,1,0.00%
холодными,1,0.00%
укладывается,1,0.00%
ковры,1,0.00%
гневно,1,0.00%
полдень,1,0.00%
подъезда,1,0.00%
задирает,1,0.00%
головонька,1,0.00%
опора,1,0.00%
льва,1,0.00%
малодушно,1,0.00%
отстал,1,0.00%
впервой,1,0.00%
преследователя,1,0.00%
оглох,1,0.00%
порывистый,1,0.00%
небесное,1,0.00%
померкли,1,0.00%
учила,1,0.00%
затравленным,1,0.00%
змейками,1,0.00%
ора,1,0.00%
сгустившихся,1,0.00%
остыну,1,0.00%
врачей,1,0.00%
расставил,1,0.00%
голубые,1,0.00%
узорами,1,0.00%
ссылка,1,0.00%
сцепился,1,0.00%
случилась,1,0.00%
всякую,1,0.00%
попрошайки,1,0.00%
красили,1,0.00%
шарф,1,0.00%
вокзале,1,0.00%
газовые,1,0.00%
обработать,1,0.00%
отставала,1,0.00%
сапожницкая,1,0.00%
отвезу,1,0.00%
насвистывать,1,0.00%
выслушай,1,0.00%
больными,1,0.00%
ряска,1,0.00%
сутажным,1,0.00%
умаслить,1,0.00%
гнилью,1,0.00%
ваксой,1,0.00%
шутками,1,0.00%
хрустящими,1,0.00%
спешат,1,0.00%
редкая,1,0.00%
наслаждайтесь,1,0.00%
джем,1,0.00%
восьмого,1,0.00%
поверю,1,0.00%
повеса,1,0.00%
пристаю,1,0.00%
достоверный,1,0.00%
злопамятный,1,0.00%
народу,1,0.00%
достоверных,1,0.00%
пылинок,1,0.00%
саквояжем,1,0.00%
разберется,1,0.00%
оборачивается,1,0.00%
новость,1,0.00%
кружится,1,0.00%
запястьях,1,0.00%
устроится,1,0.00%
прогнила,1,0.00%
уехал,1,0.00%
отражениях,1,0.00%
сверкающая,1,0.00%
принесешь,1,0.00%
облизывая,1,0.00%
рассержено,1,0.00%
удумала,1,0.00%
укрытию,1,0.00%
объявлена,1,0.00%
истрать,1,0.00%
ложечками,1,0.00%
задержались,1,0.00%
взлохматил,1,0.00%
взметнулась,1,0.00%
появившаяся,1,0.00%
учить,1,0.00%
повела,1,0.00%
взволнованы,1,0.00%
очи,1,0.00%
левая,1,0.00%
колдуют,1,0.00%
мостом,1,0.00%
рытвинах,1,0.00%
вышки,1,0.00%
раздутые,1,0.00%
вышку,1,0.00%
освободите,1,0.00%
удумали,1,0.00%
заплатите,1,0.00%
позволяете,1,0.00%
носок,1,0.00%
даюсь,1,0.00%
возникнет,1,0.00%
старший,1,0.00%
оставишь,1,0.00%
повело,1,0.00%
злодеяния,1,0.00%
оборванцев,1,0.00%
смею,1,0.00%
встретился,1,0.00%
газовых,1,0.00%
врачом,1,0.00%
служили,1,0.00%
нахваливать,1,0.00%
принудить,1,0.00%
мешающего,1,0.00%
служила,1,0.00%
перемена,1,0.00%
спешит,1,0.00%
носились,1,0.00%
экипаж,1,0.00%
нотки,1,0.00%
лечиться,1,0.00%
ботинки,1,0.00%
украшала,1,0.00%
металлической,1,0.00%
ботинке,1,0.00%
половым,1,0.00%
поплыл,1,0.00%
указующий,1,0.00%
мешочка,1,0.00%
нашу,1,0.00%
привычном,1,0.00%
снес,1,0.00%
осторожность,1,0.00%
опасны,1,0.00%
перешли,1,0.00%
снимаю,1,0.00%
баллон,1,0.00%
суматохой,1,0.00%
способностях,1,0.00%
прикрытого,1,0.00%
пылью,1,0.00%
всяких,1,0.00%
привели,1,0.00%
воспитываю,1,0.00%
осторожности,1,0.00%
спешка,1,0.00%
уток,1,0.00%
утоп,1,0.00%
перекидываясь,1,0.00%
растила,1,0.00%
половые,1,0.00%
испортилось,1,0.00%
солнечными,1,0.00%
поешь,1,0.00%
ватрушек,1,0.00%
остановится,1,0.00%
ростовое,1,0.00%
наброшенная,1,0.00%
плавать,1,0.00%
подглядывать,1,0.00%
учудил,1,0.00%
докучливая,1,0.00%
достигнув,1,0.00%
приведя,1,0.00%
приведу,1,0.00%
трет,1,0.00%
узкими,1,0.00%
магистров,1,0.00%
взяли,1,0.00%
утру,1,0.00%
сверкает,1,0.00%
мастерским,1,0.00%
темноте,1,0.00%
темнота,1,0.00%
привычную,1,0.00%
ключик,1,0.00%
запишет,1,0.00%
снимем,1,0.00%
погладив,1,0.00%
вдохнуть,1,0.00%
чудом,1,0.00%
степь,1,0.00%
платке,1,0.00%
хлопанье,1,0.00%
горластыми,1,0.00%
пригодилась,1,0.00%
раздутую,1,0.00%
пятнышко,1,0.00%
окаянное,1,0.00%
смяв,1,0.00%
увеличительное,1,0.00%
направлено,1,0.00%
обнюхать,1,0.00%
запуская,1,0.00%
хлопки,1,0.00%
сгинуть,1,0.00%
вещиц,1,0.00%
разослать,1,0.00%
левый,1,0.00%
отеплитель,1,0.00%
нате,1,0.00%
мята,1,0.00%
степи,1,0.00%
бездомные,1,0.00%
мясо,1,0.00%
наливая,1,0.00%
зажимал,1,0.00%
почудился,1,0.00%
темному,1,0.00%
огромные,1,0.00%
зажимая,1,0.00%
наготовите,1,0.00%
ожидавшие,1,0.00%
удивляясь,1,0.00%
приличия,1,0.00%
варю,1,0.00%
намазано,1,0.00%
умилилась,1,0.00%
варя,1,0.00%
поете,1,0.00%
издавала,1,0.00%
движении,1,0.00%
всякое,1,0.00%
считая,1,0.00%
прочищает,1,0.00%
спасения,1,0.00%
сдюжу,1,0.00%
благоразумна,1,0.00%
ступал,1,0.00%
аптекой,1,0.00%
старшую,1,0.00%
провожает,1,0.00%
вари,1,0.00%
очерк,1,0.00%
постой,1,0.00%
разъярённому,1,0.00%
чопорная,1,0.00%
анисовка,1,0.00%
благоразумно,1,0.00%
сослаться,1,0.00%
анисовки,1,0.00%
монетой,1,0.00%
кормили,1,0.00%
спасение,1,0.00%
создание,1,0.00%
запиской,1,0.00%
участвовал,1,0.00%
колдуна,1,0.00%
никоим,1,0.00%
попытки,1,0.00%
тряслась,1,0.00%
кричи,1,0.00%
колдовкой,1,0.00%
участие,1,0.00%
стараетесь,1,0.00%
потрескались,1,0.00%
выдало,1,0.00%
отражающее,1,0.00%
выдали,1,0.00%
привычные,1,0.00%
смирновской,1,0.00%
замке,1,0.00%
привычный,1,0.00%
колдуны,1,0.00%
природы,1,0.00%
запросы,1,0.00%
выронил,1,0.00%
прилично,1,0.00%
удержавшись,1,0.00%
кандидатура,1,0.00%
голубушку,1,0.00%
немеет,1,0.00%
талой,1,0.00%
поистине,1,0.00%
богато,1,0.00%
говяжьего,1,0.00%
опершись,1,0.00%
поклажу,1,0.00%
монету,1,0.00%
сработано,1,0.00%
огня,1,0.00%
сверкало,1,0.00%
вещах,1,0.00%
подушки,1,0.00%
распласталась,1,0.00%
вещал,1,0.00%
монетку,1,0.00%
заблагорассудится,1,0.00%
зарубите,1,0.00%
красиво,1,0.00%
участия,1,0.00%
дробышева,1,0.00%
ладошки,1,0.00%
поставлено,1,0.00%
гусиный,1,0.00%
угрожать,1,0.00%
входом,1,0.00%
оберегался,1,0.00%
довершили,1,0.00%
плюнула,1,0.00%
варенькиному,1,0.00%
лезвий,1,0.00%
победительницы,1,0.00%
переговаривались,1,0.00%
полтинник,1,0.00%
благодетель,1,0.00%
метнет,1,0.00%
хранила,1,0.00%
использованием,1,0.00%
ночник,1,0.00%
льдом,1,0.00%
пекло,1,0.00%
сворачивая,1,0.00%
жалобщик,1,0.00%
участком,1,0.00%
составления,1,0.00%
требовательно,1,0.00%
ощерилась,1,0.00%
покачаться,1,0.00%
вытащит,1,0.00%
мешочков,1,0.00%
праздновать,1,0.00%
лопаток,1,0.00%
зеркалах,1,0.00%
утруждать,1,0.00%
закралось,1,0.00%
близости,1,0.00%
опросили,1,0.00%
украдкой,1,0.00%
фейерверк,1,0.00%
финального,1,0.00%
вытирая,1,0.00%
рассказывает,1,0.00%
тряхнуть,1,0.00%
игнату,1,0.00%
привычная,1,0.00%
порезаться,1,0.00%
подруге,1,0.00%
парочками,1,0.00%
сцепил,1,0.00%
псу,1,0.00%
волколаке,1,0.00%
срубить,1,0.00%
поцелуями,1,0.00%
отказался,1,0.00%
испокон,1,0.00%
пуд,1,0.00%
наклонилась,1,0.00%
поддержки,1,0.00%
входит,1,0.00%
настенными,1,0.00%
скрыться,1,0.00%
победительнице,1,0.00%
базара,1,0.00%
подлатаю,1,0.00%
возвращаюсь,1,0.00%
доверите,1,0.00%
горячительного,1,0.00%
мешался,1,0.00%
найдутся,1,0.00%
труб,1,0.00%
скользнувший,1,0.00%
свежего,1,0.00%
найдете,1,0.00%
лопатки,1,0.00%
очухается,1,0.00%
впитывая,1,0.00%
хранить,1,0.00%
трудно,1,0.00%
закуску,1,0.00%
хитрое,1,0.00%
обдав,1,0.00%
закоулкам,1,0.00%
угрожали,1,0.00%
закуски,1,0.00%
поступить,1,0.00%
крашеных,1,0.00%
подай,1,0.00%
снов,1,0.00%
довершить,1,0.00%
столиком,1,0.00%
надежды,1,0.00%
устроившаяся,1,0.00%
столиков,1,0.00%
обижаешь,1,0.00%
игнорируя,1,0.00%
отхлебнув,1,0.00%
взглянуть,1,0.00%
красного,1,0.00%
прогуляться,1,0.00%
занялась,1,0.00%
выезде,1,0.00%
воровстве,1,0.00%
обитали,1,0.00%
уцелевшем,1,0.00%
прицепилась,1,0.00%
престранным,1,0.00%
неуклюж,1,0.00%
ожидаете,1,0.00%
раззявив,1,0.00%
подтверждаю,1,0.00%
поливался,1,0.00%
обосновалась,1,0.00%
паузой,1,0.00%
угадай,1,0.00%
отцом,1,0.00%
трое,1,0.00%
смелости,1,0.00%
огромное,1,0.00%
изначального,1,0.00%
сморщила,1,0.00%
отдавал,1,0.00%
льдах,1,0.00%
вложила,1,0.00%
листать,1,0.00%
ароматы,1,0.00%
сжаты,1,0.00%
объясняю,1,0.00%
угадаю,1,0.00%
вились,1,0.00%
замечательную,1,0.00%
соединяю,1,0.00%
сюзетт,1,0.00%
прерывистое,1,0.00%
случайной,1,0.00%
найдешь,1,0.00%
смахнул,1,0.00%
постеснялись,1,0.00%
работаете,1,0.00%
разглядывала,1,0.00%
походкой,1,0.00%
эксцессов,1,0.00%
пыл,1,0.00%
общайтесь,1,0.00%
деликатно,1,0.00%
неспеша,1,0.00%
поспособствует,1,0.00%
разбойники,1,0.00%
серчай,1,0.00%
вяжется,1,0.00%
прижавшись,1,0.00%
угрожает,1,0.00%
зелёными,1,0.00%
суетятся,1,0.00%
твоими,1,0.00%
нынешние,1,0.00%
нынешний,1,0.00%
нынешним,1,0.00%
обернул,1,0.00%
прильнул,1,0.00%
кривя,1,0.00%
включив,1,0.00%
опешила,1,0.00%
маменьке,1,0.00%
маменька,1,0.00%
шагнув,1,0.00%
биение,1,0.00%
голубое,1,0.00%
задерживаю,1,0.00%
злополучной,1,0.00%
дракой,1,0.00%
славного,1,0.00%
диву,1,0.00%
послышалась,1,0.00%
голубой,1,0.00%
вереницу,1,0.00%
посидишь,1,0.00%
настроился,1,0.00%
делов,1,0.00%
марбурски,1,0.00%
больны,1,0.00%
носки,1,0.00%
пускали,1,0.00%
читает,1,0.00%
пускала,1,0.00%
вчерашний,1,0.00%
куртках,1,0.00%
вчерашние,1,0.00%
оброненный,1,0.00%
лилий,1,0.00%
ювелирные,1,0.00%
ерепенились,1,0.00%
постичь,1,0.00%
едрить,1,0.00%
мужское,1,0.00%
пирогами,1,0.00%
воистину,1,0.00%
светите,1,0.00%
носил,1,0.00%
носит,1,0.00%
раствором,1,0.00%
прогадал,1,0.00%
четвертый,1,0.00%
музыку,1,0.00%
странных,1,0.00%
наложена,1,0.00%
выехала,1,0.00%
откровения,1,0.00%
клаксоны,1,0.00%
догнала,1,0.00%
самозванец,1,0.00%
катиться,1,0.00%
обрабатывала,1,0.00%
богатырскую,1,0.00%
валяться,1,0.00%
нанесет,1,0.00%
императрице,1,0.00%
проглотил,1,0.00%
улизнуть,1,0.00%
выяснить,1,0.00%
испытывает,1,0.00%
противен,1,0.00%
вращали,1,0.00%
записное,1,0.00%
подплывших,1,0.00%
высунувшись,1,0.00%
фасадом,1,0.00%
сообщила,1,0.00%
обучаться,1,0.00%
откровенен,1,0.00%
закутка,1,0.00%
притащила,1,0.00%
кобуре,1,0.00%
поскрипывали,1,0.00%
повышенной,1,0.00%
соглашаясь,1,0.00%
странный,1,0.00%
светило,1,0.00%
бумаге,1,0.00%
чувств,1,0.00%
произносила,1,0.00%
интересуетесь,1,0.00%
махнуть,1,0.00%
вздумайте,1,0.00%
литератору,1,0.00%
нанести,1,0.00%
внушительно,1,0.00%
ломбардчиком,1,0.00%
размещенных,1,0.00%
клаксонами,1,0.00%
создал,1,0.00%
напасешься,1,0.00%
сбавляя,1,0.00%
соскучившаяся,1,0.00%
подол,1,0.00%
найдено,1,0.00%
доедая,1,0.00%
морошки,1,0.00%
повиноваться,1,0.00%
подлец,1,0.00%
драгоценная,1,0.00%
рассказывать,1,0.00%
таков,1,0.00%
злополучную,1,0.00%
пропускают,1,0.00%
помедлив,1,0.00%
ящиком,1,0.00%
трюк,1,0.00%
вооружённая,1,0.00%
отзовитесь,1,0.00%
процессов,1,0.00%
прокатятся,1,0.00%
обычными,1,0.00%
уразуметь,1,0.00%
слышное,1,0.00%
заключенного,1,0.00%
захлестнуло,1,0.00%
перепродал,1,0.00%
останьтесь,1,0.00%
помедлил,1,0.00%
вытолкнул,1,0.00%
бездонных,1,0.00%
заявился,1,0.00%
разнести,1,0.00%
гнили,1,0.00%
дрожало,1,0.00%
жалюзи,1,0.00%
водителей,1,0.00%
цилиндром,1,0.00%
тысячу,1,0.00%
обоняние,1,0.00%
недолгой,1,0.00%
промышленника,1,0.00%
отпиралась,1,0.00%
раскраснелось,1,0.00%
разнесут,1,0.00%
род,1,0.00%
блохи,1,0.00%
проникновения,1,0.00%
поведение,1,0.00%
люки,1,0.00%
частично,1,0.00%
удачного,1,0.00%
невозмутимо,1,0.00%
катерину,1,0.00%
выцвели,1,0.00%
прикрываясь,1,0.00%
знакома,1,0.00%
возвращаясь,1,0.00%
опозорился,1,0.00%
изрезать,1,0.00%
забили,1,0.00%
сапог,1,0.00%
нюансы,1,0.00%
ругательства,1,0.00%
торопливо,1,0.00%
забурлила,1,0.00%
средство,1,0.00%
рюмки,1,0.00%
злополучного,1,0.00%
подолью,1,0.00%
писк,1,0.00%
пустив,1,0.00%
понравилась,1,0.00%
веских,1,0.00%
обмануть,1,0.00%
чернил,1,0.00%
подлокотнику,1,0.00%
опубликует,1,0.00%
диск,1,0.00%
маленьком,1,0.00%
железного,1,0.00%
маленькой,1,0.00%
странной,1,0.00%
общались,1,0.00%
пелагеи,1,0.00%
высчитаете,1,0.00%
гарпии,1,0.00%
перекосило,1,0.00%
уговаривать,1,0.00%
давностью,1,0.00%
матушку,1,0.00%
заблуждение,1,0.00%
выросшие,1,0.00%
публикаций,1,0.00%
рты,1,0.00%
прорезав,1,0.00%
законопослушных,1,0.00%
обратили,1,0.00%
пригласил,1,0.00%
носильщики,1,0.00%
законопослушные,1,0.00%
банки,1,0.00%
описать,1,0.00%
девочки,1,0.00%
банку,1,0.00%
выселяй,1,0.00%
поэтов,1,0.00%
утратил,1,0.00%
посплю,1,0.00%
теряет,1,0.00%
вздохну,1,0.00%
исполню,1,0.00%
вводных,1,0.00%
борису,1,0.00%
пили,1,0.00%
мешковато,1,0.00%
сможем,1,0.00%
пила,1,0.00%
взлетел,1,0.00%
елок,1,0.00%
написанию,1,0.00%
люби,1,0.00%
конфликта,1,0.00%
сафьяновую,1,0.00%
подавно,1,0.00%
дико,1,0.00%
возвращение,1,0.00%
подкинул,1,0.00%
икониным,1,0.00%
свежую,1,0.00%
всхлипывала,1,0.00%
спрашивая,1,0.00%
подхватили,1,0.00%
похожем,1,0.00%
укажу,1,0.00%
холодное,1,0.00%
носильщику,1,0.00%
донесет,1,0.00%
злобный,1,0.00%
использует,1,0.00%
пускать,1,0.00%
прямое,1,0.00%
теребит,1,0.00%
расстройством,1,0.00%
суриков,1,0.00%
указу,1,0.00%
пустом,1,0.00%
звериный,1,0.00%
звериным,1,0.00%
бархатным,1,0.00%
причале,1,0.00%
используем,1,0.00%
злополучному,1,0.00%
статьей,1,0.00%
успевшая,1,0.00%
куплю,1,0.00%
возомнила,1,0.00%
горьковатое,1,0.00%
редкого,1,0.00%
бросится,1,0.00%
вторила,1,0.00%
пожарских,1,0.00%
чашечек,1,0.00%
сошли,1,0.00%
странную,1,0.00%
читали,1,0.00%
елка,1,0.00%
пожарские,1,0.00%
подхватить,1,0.00%
справилась,1,0.00%
изучения,1,0.00%
растрёпанных,1,0.00%
воспринять,1,0.00%
кисловатую,1,0.00%
красотой,1,0.00%
приют,1,0.00%
поведешься,1,0.00%
тронутые,1,0.00%
женился,1,0.00%
бросились,1,0.00%
путем,1,0.00%
возвращению,1,0.00%
переход,1,0.00%
копании,1,0.00%
багровым,1,0.00%
умершего,1,0.00%
отворачивается,1,0.00%
сбивчивый,1,0.00%
похожая,1,0.00%
провожающих,1,0.00%
движущийся,1,0.00%
барабанил,1,0.00%
собралси,1,0.00%
откачали,1,0.00%
сараю,1,0.00%
терять,1,0.00%
будить,1,0.00%
приемов,1,0.00%
оказавшийся,1,0.00%
кирки,1,0.00%
черным,1,0.00%
клерка,1,0.00%
будущего,1,0.00%
сарая,1,0.00%
клерки,1,0.00%
шлейф,1,0.00%
ровном,1,0.00%
осунувшаяся,1,0.00%
загалдели,1,0.00%
учета,1,0.00%
приладить,1,0.00%
накинула,1,0.00%
придавала,1,0.00%
одеяло,1,0.00%
завтрашнего,1,0.00%
поступили,1,0.00%
игрушками,1,0.00%
выселка,1,0.00%
аппликациями,1,0.00%
матроны,1,0.00%
монокле,1,0.00%
заохали,1,0.00%
жаркое,1,0.00%
монокля,1,0.00%
напомнили,1,0.00%
доберемся,1,0.00%
используют,1,0.00%
радеют,1,0.00%
снедью,1,0.00%
ставней,1,0.00%
узелков,1,0.00%
нянчили,1,0.00%
заводить,1,0.00%
купюру,1,0.00%
услугу,1,0.00%
прямую,1,0.00%
услужливо,1,0.00%
стряхнул,1,0.00%
причиняю,1,0.00%
прийти,1,0.00%
заголосила,1,0.00%
хулигана,1,0.00%
поздравляя,1,0.00%
поздравляю,1,0.00%
ровную,1,0.00%
стряхнув,1,0.00%
подавай,1,0.00%
жаркий,1,0.00%
сжала,1,0.00%
ворье,1,0.00%
останавливалась,1,0.00%
подмечено,1,0.00%
бочек,1,0.00%
надрывались,1,0.00%
грузовые,1,0.00%
разбудите,1,0.00%
позорите,1,0.00%
обитает,1,0.00%
путях,1,0.00%
швырнуло,1,0.00%
этакой,1,0.00%
одинока,1,0.00%
полями,1,0.00%
послушаем,1,0.00%
ворья,1,0.00%
чашечке,1,0.00%
чашечки,1,0.00%
шоколад,1,0.00%
укромном,1,0.00%
отшвырнул,1,0.00%
жарил,1,0.00%
маленькими,1,0.00%
полицейские,1,0.00%
комментарии,1,0.00%
теряли,1,0.00%
подвиги,1,0.00%
пресытившись,1,0.00%
прикидывал,1,0.00%
побывал,1,0.00%
теряла,1,0.00%
питья,1,0.00%
пожелаете,1,0.00%
черную,1,0.00%
несмышленыши,1,0.00%
ворох,1,0.00%
получалось,1,0.00%
глоточков,1,0.00%
раздумьях,1,0.00%
довести,1,0.00%
тяжесть,1,0.00%
осмотрите,1,0.00%
вскинулась,1,0.00%
белугой,1,0.00%
пейте,1,0.00%
засомневался,1,0.00%
подолгу,1,0.00%
уверенный,1,0.00%
страшнее,1,0.00%
питье,1,0.00%
заливисто,1,0.00%
качающихся,1,0.00%
высказал,1,0.00%
тайна,1,0.00%
пишу,1,0.00%
уверенных,1,0.00%
щель,1,0.00%
герой,1,0.00%
подзорную,1,0.00%
отворилось,1,0.00%
ровным,1,0.00%
портрет,1,0.00%
похожую,1,0.00%
хмырь,1,0.00%
начали,1,0.00%
попрощаемся,1,0.00%
сне,1,0.00%
свежим,1,0.00%
черное,1,0.00%
признаков,1,0.00%
призрачным,1,0.00%
уговаривала,1,0.00%
модные,1,0.00%
черной,1,0.00%
маленьких,1,0.00%
уходящей,1,0.00%
демидовым,1,0.00%
напомнила,1,0.00%
усатый,1,0.00%
свербит,1,0.00%
несвоевременного,1,0.00%
одарил,1,0.00%
поспать,1,0.00%
начинками,1,0.00%
аудиенции,1,0.00%
утопили,1,0.00%
кровопускание,1,0.00%
брошка,1,0.00%
любовью,1,0.00%
сор,1,0.00%
еремкой,1,0.00%
проснуться,1,0.00%
прогонят,1,0.00%
карусели,1,0.00%
бархатной,1,0.00%
сдается,1,0.00%
призрачных,1,0.00%
уникальный,1,0.00%
информация,1,0.00%
задержаться,1,0.00%
курам,1,0.00%
ухал,1,0.00%
блюдами,1,0.00%
задержаны,1,0.00%
свежей,1,0.00%
доволен,1,0.00%
щепу,1,0.00%
шуткам,1,0.00%
задавила,1,0.00%
прямые,1,0.00%
сорвался,1,0.00%
бежали,1,0.00%
ненужные,1,0.00%
доживу,1,0.00%
защитные,1,0.00%
уходящий,1,0.00%
